started_utc=2026-08-10T11:50:53Z
section=running_modules
nvidia 580.173.02
nvidia_uvm 580.173.02
nvidia_modeset 580.173.02
nvidia_drm 580.173.02
section=module_metadata
filename:       /lib/modules/6.17.0-1029-nvidia/kernel/nvidia-580-open/nvidia.ko
import_ns:      DMA_BUF
alias:          char-major-195-*
description:    NVIDIA core GPU kernel module
version:        580.173.02
supported:      external
license:        Dual MIT/GPL
firmware:       nvidia/580.173.02/gsp_tu10x.bin
firmware:       nvidia/580.173.02/gsp_ga10x.bin
softdep:        pre: ecdh_generic,ecdsa_generic
srcversion:     52D2A92AC12213C37D43C90
alias:          pci:v000010DEd*sv*sd*bc06sc80i00*
alias:          pci:v000010DEd*sv*sd*bc03sc02i00*
alias:          pci:v000010DEd*sv*sd*bc03sc00i00*
alias:          of:N*T*Cnvidia,tegra264-displayC*
alias:          of:N*T*Cnvidia,tegra264-display
alias:          of:N*T*Cnvidia,tegra234-displayC*
alias:          of:N*T*Cnvidia,tegra234-display
depends:        
name:           nvidia
vermagic:       6.17.0-1029-nvidia SMP preempt mod_unload modversions aarch64
sig_id:         PKCS#7
signer:         Canonical Ltd. Kernel Module Signing
sig_key:        E9:DF:13:0F:92:92:A9:B7
sig_hashalgo:   sha512
signature:      9C:01:65:92:41:A3:19:16:89:8C:8E:A9:5F:17:4E:81:29:2B:1D:E9:
		6E:D9:B5:6C:86:78:50:37:23:53:94:96:AD:C5:F5:50:5B:A2:D7:60:
		11:E1:95:DE:61:E0:0F:DD:0E:18:FF:96:6B:80:F9:5A:07:51:BD:59:
		00:D0:84:13:27:B3:00:E6:F8:95:61:83:58:70:FB:FF:86:EB:32:BC:
		42:0A:C6:2B:45:B8:A7:37:8F:1C:A2:0A:EE:72:36:10:B3:42:A2:92:
filename:       /lib/modules/6.17.0-1029-nvidia/kernel/nvidia-580-open/nvidia-uvm.ko
description:    NVIDIA Unified Virtual Memory kernel module
version:        580.173.02
supported:      external
license:        Dual MIT/GPL
srcversion:     37971AB80004FB045CB799F
depends:        nvidia
name:           nvidia_uvm
vermagic:       6.17.0-1029-nvidia SMP preempt mod_unload modversions aarch64
sig_id:         PKCS#7
signer:         Canonical Ltd. Kernel Module Signing
sig_key:        E9:DF:13:0F:92:92:A9:B7
sig_hashalgo:   sha512
signature:      0E:B6:2F:00:C9:5D:3D:D3:EE:C8:26:A1:07:16:0E:87:F1:15:AE:F9:
		B2:30:28:1F:B9:9D:ED:CB:76:2E:9B:A6:F2:64:5A:15:13:86:FF:3C:
		22:E3:48:BF:E6:BD:6A:69:C4:5E:29:E6:43:A2:80:BB:0E:92:72:D0:
		82:5C:6A:54:58:21:45:B9:CE:4B:C3:BA:88:A6:81:00:07:D4:E4:C4:
		A5:63:C1:17:79:62:04:F4:6A:1B:E7:9A:6E:55:6F:AE:90:D2:3C:1D:
		AE:15:76:86:F4:A5:BE:7B:71:2F:45:2C:07:C6:D7:95:E6:1F:6D:4E:
		F0:A9:79:06:B8:7E:FC:ED:1B:66:B4:81:EA:A6:0A:8B:45:1E:14:2A:
		33:E6:68:07:0E:50:0A:46:14:97:B3:19:7E:F4:3F:1D:06:37:05:46:
		22:D0:22:35:80:7A:82:33:9E:CB:DB:3F:C0:D3:A9:2D:A6:47:69:85:
		65:14:86:B1:2D:6E:A8:DE:4D:D6:AC:E9:E0:79:77:D3:6E:D3:34:BC:
		A2:11:8C:1C:6D:E3:D6:0C:E1:D4:05:27:C2:7D:C8:94:51:05:11:D4:
		D9:CE:FC:CB:AE:6E:24:73:1B:57:4C:85:A4:17:24:1D:9F:DE:19:5D:
		D6:FB:47:EC:D9:EB:A0:48:0B:FA:53:CD:C5:71:18:CE:3D:F2:BF:25:
		6C:D1:81:97:11:E0:24:55:27:CA:3D:B2:21:C8:FA:3C:7A:F6:36:E9:
		7A:22:AB:CA:03:CC:C7:8E:C9:E7:73:26:58:59:99:ED:64:7D:59:B1:
		CC:4F:9B:C8:2C:11:4F:60:58:C8:AF:43:6C:53:D7:C1:56:80:02:83:
		0F:E1:AC:D6:BD:6F:A0:68:88:57:24:36:8F:B7:80:04:33:D8:99:69:
section=packages
libnvidia-cfg1-580	580.173.02-0ubuntu0.24.04.1
libnvidia-common-580	580.173.02-0ubuntu0.24.04.1
libnvidia-compute-580	580.173.02-0ubuntu0.24.04.1
libnvidia-container1	1.19.1-1
libnvidia-container-tools	1.19.1-1
libnvidia-decode-580	580.173.02-0ubuntu0.24.04.1
libnvidia-egl-wayland1	1:1.1.21-1ubuntu1
libnvidia-encode-580	580.173.02-0ubuntu0.24.04.1
libnvidia-extra-580	580.173.02-0ubuntu0.24.04.1
libnvidia-fbc1-580	580.173.02-0ubuntu0.24.04.1
libnvidia-gl-580	580.173.02-0ubuntu0.24.04.1
linux-modules-nvidia-580-open-6.11.0-1014-nvidia	6.11.0-1014.14+2
linux-modules-nvidia-580-open-6.17.0-1029-nvidia	6.17.0-1029.29+1
linux-modules-nvidia-580-open-nvidia-hwe-24.04	6.17.0-1029.29+1
linux-modules-nvidia-fs-6.11.0-1014-nvidia	6.11.0-1014.14
linux-modules-nvidia-fs-6.17.0-1029-nvidia	6.17.0-1029.29
linux-modules-nvidia-fs-nvidia-hwe-24.04	6.17.0-1029.29
nvidia-ai-workbench	0.132.25-5599
nvidia-compute-utils-580	580.173.02-0ubuntu0.24.04.1
nvidia-conf-xconfig	26.02-1
nvidia-console-settings	25.07-1
nvidia-container-toolkit	1.19.1-1
nvidia-container-toolkit-base	1.19.1-1
nvidia-cppc-cpufreq-options	25.06-1
nvidia-crashdump	25.08-1
nvidia-desktop-default-remove-gnome-software-deb	25.10-1
nvidia-desktop-default-snaps	25.10-2
nvidia-dgx-telemetry	4.11
nvidia-disable-aqc-nic	25.06-1
nvidia-disable-bt-profiles	25.07-3
nvidia-disable-init-on-alloc	24.10-1
nvidia-disable-numa-balancing	24.10-2
nvidia-driver-580-open	580.173.02-0ubuntu0.24.04.1
nvidia-drm-options-modeset0	25.07-1
nvidia-earlycon	25.06-1
nvidia-enable-bt-profiles	26.03-1
nvidia-enable-power-meter-cap	24.10-3
nvidia-esm-hook-epilogue	23.03-2
nvidia-firmware-580-580.173.02	580.173.02-0ubuntu0.24.04.1
nvidia-firmware-580	580.82.09-0ubuntu1
nvidia-grub-params	25.10-1
nvidia-kernel-common-580	580.173.02-0ubuntu0.24.04.1
nvidia-kernel-defaults	21.05-1
nvidia-kernel-source-580-open	580.173.02-0ubuntu0.24.04.1
nvidia-logrotate	21.11-1
nvidia-lvfs-config	25.09-1
nvidia-mlnx-tools	23.04
nvidia-modprobe	580.82.09-0ubuntu1
nvidia-motd	24.01-1
nvidia-mstflint-loader	23.03-1
nvidia-no-systemd-suspend	25.06-1
nvidia-nvme-options	26.02-1
nvidia-oem-config-bmc	25.04-1
nvidia-oem-config-crypt-passwd	25.04-1
nvidia-oem-config-eula	25.04-1
nvidia-oem-config-grub-passwd	25.04-1
nvidia-oem-config-postact	25.04-1
nvidia-pci-realloc	25.02-1
nvidia-plymouth	20.06-2
nvidia-raid-config	25.10-1
nvidia-redfish-config	25.03-1
nvidia-relaxed-ordering-gpu	25.07-2
nvidia-relaxed-ordering-nvme	25.07-2
nvidia-repo-keys	26.02-1
nvidia-sbsa-gwdt-options	25.06-1
nvidia-settings	610.57.04-1ubuntu1
nvidia-spark-baud-rate	25.09-1
nvidia-spark-default-remove-nvidia-fs-pkg	25.09-2
nvidia-spark-desktop-edge-ppa	1.1-1
nvidia-spark-fstab-config	1.0.0-1
nvidia-spark-grub-pci	1.0-1
nvidia-spark-initcall-bl	1.0-1
nvidia-spark-mlnx-firmware-manager	5.0.8-1
nvidia-spark-realtek-mod-options	1.1-1
nvidia-spark-repo	1.1-1
nvidia-spark-run-apt-upgrade	25.10-2
nvidia-spark-wifi-fw-ppa	1.1-1
nvidia-system-core	2404.26.01-1
nvidia-system-extra	2404.26.01-1
nvidia-system-station	2404.26.01-1
nvidia-system-station-apps	2404.26.01-1
nvidia-system-station-common	2404.26.01-1
nvidia-system-station-core	2404.26.01-1
nvidia-system-station-games	2404.26.01-1
nvidia-system-station-localization	2404.26.01-1
nvidia-system-station-utils	2404.26.01-1
nvidia-system-utils	2404.25.09-2
nvidia-update-manager	20.06-1
nvidia-utils-580	580.173.02-0ubuntu0.24.04.1
section=local_sources
/usr/src/nvidia-580.173.02/nvidia-uvm
section=gpu_ext_identity
origin	https://github.com/eunomia-bpf/gpu_ext-kernel-modules (fetch)
origin	https://github.com/eunomia-bpf/gpu_ext-kernel-modules (push)
921567e (grafted, HEAD, origin/test-sched, origin/HEAD, test-sched) feat: register kfunc for tracing programs in uvm_bpf_struct_ops_init
section=gpu_ext_commit_stats
921567e16857811de57d57aef111782df70847e2  feat: register kfunc for tracing programs in uvm_bpf_struct_ops_init
921567e feat: register kfunc for tracing programs in uvm_bpf_struct_ops_init
 .github/ISSUE_TEMPLATE/10_functional_bug.yml       |   104 +
 .github/ISSUE_TEMPLATE/20_build_bug.yml            |    65 +
 .github/ISSUE_TEMPLATE/config.yml                  |    14 +
 .gitignore                                         |     6 +
 CODE_OF_CONDUCT.md                                 |   141 +
 CONTRIBUTING.md                                    |    21 +
 COPYING                                            |   369 +
 Makefile                                           |    86 +
 README.md                                          |   981 +
 SECURITY.md                                        |    16 +
 kernel-open/.gitignore                             |     9 +
 kernel-open/Kbuild                                 |   300 +
 kernel-open/Makefile                               |   186 +
 kernel-open/common/inc/conftest.h                  |    34 +
 kernel-open/common/inc/cpuopsys.h                  |   437 +
 kernel-open/common/inc/dce_rm_client_ipc.h         |    35 +
 kernel-open/common/inc/nv-caps.h                   |    94 +
 kernel-open/common/inc/nv-chardev-numbers.h        |    43 +
 kernel-open/common/inc/nv-dmabuf.h                 |    31 +
 kernel-open/common/inc/nv-firmware-registry.h      |    83 +
 kernel-open/common/inc/nv-firmware.h               |   148 +
 kernel-open/common/inc/nv-gpu-info.h               |    44 +
 kernel-open/common/inc/nv-hash.h                   |    96 +
 kernel-open/common/inc/nv-hypervisor.h             |    93 +
 kernel-open/common/inc/nv-ioctl-numa.h             |    81 +
 kernel-open/common/inc/nv-ioctl-numbers.h          |    44 +
 kernel-open/common/inc/nv-ioctl.h                  |   155 +
 kernel-open/common/inc/nv-kernel-interface-api.h   |    41 +
 kernel-open/common/inc/nv-kref.h                   |    61 +
 kernel-open/common/inc/nv-kthread-q-os.h           |    64 +
 kernel-open/common/inc/nv-kthread-q.h              |   205 +
 kernel-open/common/inc/nv-linux.h                  |  1940 ++
 kernel-open/common/inc/nv-list-helpers.h           |    76 +
 kernel-open/common/inc/nv-lock.h                   |    76 +
 kernel-open/common/inc/nv-memdbg.h                 |    49 +
 kernel-open/common/inc/nv-mm.h                     |   318 +
 kernel-open/common/inc/nv-modeset-interface.h      |   122 +
 kernel-open/common/inc/nv-msi.h                    |   114 +
 kernel-open/common/inc/nv-pci-types.h              |    36 +
 kernel-open/common/inc/nv-pci.h                    |    41 +
 kernel-open/common/inc/nv-pgprot.h                 |   137 +
 kernel-open/common/inc/nv-platform.h               |    36 +
 kernel-open/common/inc/nv-procfs-utils.h           |   177 +
 kernel-open/common/inc/nv-procfs.h                 |    28 +
 kernel-open/common/inc/nv-proto.h                  |    96 +
 kernel-open/common/inc/nv-retpoline.h              |    82 +
 kernel-open/common/inc/nv-time.h                   |   251 +
 kernel-open/common/inc/nv-timer.h                  |    75 +
 kernel-open/common/inc/nv.h                        |  1141 +
 kernel-open/common/inc/nvCpuUuid.h                 |    44 +
 kernel-open/common/inc/nv_common_utils.h           |   120 +
 kernel-open/common/inc/nv_dpy_id.h                 |   370 +
 kernel-open/common/inc/nv_mig_types.h              |    40 +
 kernel-open/common/inc/nv_speculation_barrier.h    |   227 +
 kernel-open/common/inc/nv_stdarg.h                 |    39 +
 kernel-open/common/inc/nv_uvm_interface.h          |  1872 ++
 kernel-open/common/inc/nv_uvm_types.h              |  1184 +
 kernel-open/common/inc/nvgputypes.h                |   177 +
 kernel-open/common/inc/nvi2c.h                     |    37 +
 kernel-open/common/inc/nvimpshared.h               |    96 +
 kernel-open/common/inc/nvkms-api-types.h           |   788 +
 kernel-open/common/inc/nvkms-format.h              |   126 +
 kernel-open/common/inc/nvkms-kapi.h                |  1644 ++
 kernel-open/common/inc/nvlimits.h                  |    58 +
 kernel-open/common/inc/nvmisc.h                    |   990 +
 kernel-open/common/inc/nvstatus.h                  |   123 +
 kernel-open/common/inc/nvstatuscodes.h             |   179 +
 kernel-open/common/inc/nvtypes.h                   |   671 +
 kernel-open/common/inc/os-interface.h              |   269 +
 kernel-open/common/inc/os/nv_memory_area.h         |   104 +
 kernel-open/common/inc/os/nv_memory_type.h         |    41 +
 kernel-open/common/inc/os_dsi_panel_props.h        |   387 +
 kernel-open/common/inc/os_gpio.h                   |    32 +
 kernel-open/common/inc/rm-gpu-ops.h                |   119 +
 kernel-open/common/inc/rs_access.h                 |   276 +
 kernel-open/conftest.sh                            |  8241 ++++++
 kernel-open/count-lines.mk                         |    25 +
 kernel-open/dkms.conf                              |    12 +
 kernel-open/header-presence-tests.mk               |   109 +
 kernel-open/nvidia-drm/nv-kthread-q.c              |   334 +
 kernel-open/nvidia-drm/nv-pci-table.c              |    90 +
 kernel-open/nvidia-drm/nv-pci-table.h              |    32 +
 kernel-open/nvidia-drm/nv_common_utils.h           |   120 +
 kernel-open/nvidia-drm/nvidia-dma-fence-helper.h   |   156 +
 kernel-open/nvidia-drm/nvidia-dma-resv-helper.h    |   140 +
 kernel-open/nvidia-drm/nvidia-drm-conftest.h       |   222 +
 kernel-open/nvidia-drm/nvidia-drm-connector.c      |   652 +
 kernel-open/nvidia-drm/nvidia-drm-connector.h      |   106 +
 kernel-open/nvidia-drm/nvidia-drm-crtc.c           |  3206 +++
 kernel-open/nvidia-drm/nvidia-drm-crtc.h           |   354 +
 kernel-open/nvidia-drm/nvidia-drm-drv.c            |  2455 ++
 kernel-open/nvidia-drm/nvidia-drm-drv.h            |    44 +
 kernel-open/nvidia-drm/nvidia-drm-encoder.c        |   352 +
 kernel-open/nvidia-drm/nvidia-drm-encoder.h        |    68 +
 kernel-open/nvidia-drm/nvidia-drm-fb.c             |   330 +
 kernel-open/nvidia-drm/nvidia-drm-fb.h             |    91 +
 kernel-open/nvidia-drm/nvidia-drm-fence.c          |  1838 ++
 kernel-open/nvidia-drm/nvidia-drm-fence.h          |    64 +
 kernel-open/nvidia-drm/nvidia-drm-format.c         |   202 +
 kernel-open/nvidia-drm/nvidia-drm-format.h         |    45 +
 kernel-open/nvidia-drm/nvidia-drm-gem-dma-buf.c    |   260 +
 kernel-open/nvidia-drm/nvidia-drm-gem-dma-buf.h    |    76 +
 .../nvidia-drm/nvidia-drm-gem-nvkms-memory.c       |   670 +
 .../nvidia-drm/nvidia-drm-gem-nvkms-memory.h       |   119 +
 .../nvidia-drm/nvidia-drm-gem-user-memory.c        |   244 +
 .../nvidia-drm/nvidia-drm-gem-user-memory.h        |    72 +
 kernel-open/nvidia-drm/nvidia-drm-gem.c            |   406 +
 kernel-open/nvidia-drm/nvidia-drm-gem.h            |   236 +
 kernel-open/nvidia-drm/nvidia-drm-helper.c         |   217 +
 kernel-open/nvidia-drm/nvidia-drm-helper.h         |   757 +
 kernel-open/nvidia-drm/nvidia-drm-ioctl.h          |   399 +
 kernel-open/nvidia-drm/nvidia-drm-linux.c          |    66 +
 kernel-open/nvidia-drm/nvidia-drm-modeset.c        |   875 +
 kernel-open/nvidia-drm/nvidia-drm-modeset.h        |    53 +
 kernel-open/nvidia-drm/nvidia-drm-os-interface.c   |   282 +
 kernel-open/nvidia-drm/nvidia-drm-os-interface.h   |   118 +
 kernel-open/nvidia-drm/nvidia-drm-priv.h           |   220 +
 kernel-open/nvidia-drm/nvidia-drm-sources.mk       |   153 +
 kernel-open/nvidia-drm/nvidia-drm-utils.c          |   231 +
 kernel-open/nvidia-drm/nvidia-drm-utils.h          |    54 +
 kernel-open/nvidia-drm/nvidia-drm.Kbuild           |    33 +
 kernel-open/nvidia-drm/nvidia-drm.c                |    61 +
 kernel-open/nvidia-drm/nvidia-drm.h                |    31 +
 kernel-open/nvidia-modeset/nv-kthread-q.c          |   334 +
 kernel-open/nvidia-modeset/nvidia-modeset-linux.c  |  1981 ++
 .../nvidia-modeset/nvidia-modeset-os-interface.h   |   387 +
 kernel-open/nvidia-modeset/nvidia-modeset.Kbuild   |   107 +
 kernel-open/nvidia-modeset/nvkms-ioctl.h           |    73 +
 kernel-open/nvidia-modeset/nvkms.h                 |   127 +
 kernel-open/nvidia-peermem/nv-p2p.h                |   472 +
 kernel-open/nvidia-peermem/nvidia-peermem.Kbuild   |    71 +
 kernel-open/nvidia-peermem/nvidia-peermem.c        |   641 +
 kernel-open/nvidia-peermem/peer_mem.h              |   196 +
 kernel-open/nvidia-uvm/cla06fsubch.h               |    33 +
 kernel-open/nvidia-uvm/cla16f.h                    |   254 +
 kernel-open/nvidia-uvm/clb069.h                    |    64 +
 kernel-open/nvidia-uvm/clb06f.h                    |   260 +
 kernel-open/nvidia-uvm/clb0b5.h                    |   261 +
 kernel-open/nvidia-uvm/clc06f.h                    |   312 +
 kernel-open/nvidia-uvm/clc076.h                    |    82 +
 kernel-open/nvidia-uvm/clc0b5.h                    |   261 +
 kernel-open/nvidia-uvm/clc1b5.h                    |   273 +
 kernel-open/nvidia-uvm/clc365.h                    |    88 +
 kernel-open/nvidia-uvm/clc369.h                    |    77 +
 kernel-open/nvidia-uvm/clc36f.h                    |   366 +
 kernel-open/nvidia-uvm/clc3b5.h                    |   278 +
 kernel-open/nvidia-uvm/clc46f.h                    |   365 +
 kernel-open/nvidia-uvm/clc56f.h                    |   367 +
 kernel-open/nvidia-uvm/clc5b5.h                    |   282 +
 kernel-open/nvidia-uvm/clc6b5.h                    |   282 +
 kernel-open/nvidia-uvm/clc7b5.h                    |   304 +
 kernel-open/nvidia-uvm/clc86f.h                    |   191 +
 kernel-open/nvidia-uvm/clc8b5.h                    |   133 +
 kernel-open/nvidia-uvm/clc96f.h                    |   111 +
 kernel-open/nvidia-uvm/clc9b5.h                    |    29 +
 kernel-open/nvidia-uvm/clca6f.h                    |    74 +
 kernel-open/nvidia-uvm/clcab5.h                    |    44 +
 kernel-open/nvidia-uvm/clcba2.h                    |   159 +
 kernel-open/nvidia-uvm/ctrl2080mc.h                |    49 +
 .../nvidia-uvm/hwref/ampere/ga100/dev_fault.h      |   480 +
 .../nvidia-uvm/hwref/ampere/ga100/dev_runlist.h    |   782 +
 .../nvidia-uvm/hwref/blackwell/gb100/dev_fault.h   |   547 +
 .../nvidia-uvm/hwref/hopper/gh100/dev_fault.h      |   508 +
 .../nvidia-uvm/hwref/hopper/gh100/dev_mmu.h        |   560 +
 .../nvidia-uvm/hwref/maxwell/gm107/dev_mmu.h       |   339 +
 .../nvidia-uvm/hwref/pascal/gp100/dev_fault.h      |   203 +
 kernel-open/nvidia-uvm/hwref/pascal/gp100/dev_fb.h |    71 +
 .../nvidia-uvm/hwref/pascal/gp100/dev_mmu.h        |   625 +
 .../nvidia-uvm/hwref/turing/tu102/dev_fault.h      |   400 +
 .../nvidia-uvm/hwref/turing/tu102/dev_mmu.h        |   649 +
 .../nvidia-uvm/hwref/volta/gv100/dev_fault.h       |   263 +
 kernel-open/nvidia-uvm/hwref/volta/gv100/dev_fb.h  |   103 +
 kernel-open/nvidia-uvm/hwref/volta/gv100/dev_mmu.h |   661 +
 kernel-open/nvidia-uvm/nv-kthread-q-selftest.c     |   567 +
 kernel-open/nvidia-uvm/nv-kthread-q.c              |   334 +
 kernel-open/nvidia-uvm/nvCpuUuid.c                 |    34 +
 kernel-open/nvidia-uvm/nvidia-uvm-sources.Kbuild   |   131 +
 kernel-open/nvidia-uvm/nvidia-uvm.Kbuild           |    85 +
 kernel-open/nvidia-uvm/nvstatus.c                  |    83 +
 kernel-open/nvidia-uvm/uvm.c                       |  1273 +
 kernel-open/nvidia-uvm/uvm.h                       |  4152 +++
 kernel-open/nvidia-uvm/uvm_ada.c                   |   100 +
 kernel-open/nvidia-uvm/uvm_ada_fault_buffer.h      |    84 +
 kernel-open/nvidia-uvm/uvm_ampere.c                |   109 +
 kernel-open/nvidia-uvm/uvm_ampere_ce.c             |   253 +
 kernel-open/nvidia-uvm/uvm_ampere_fault_buffer.c   |    75 +
 kernel-open/nvidia-uvm/uvm_ampere_fault_buffer.h   |    88 +
 kernel-open/nvidia-uvm/uvm_ampere_host.c           |   463 +
 kernel-open/nvidia-uvm/uvm_ampere_mmu.c            |   147 +
 kernel-open/nvidia-uvm/uvm_api.h                   |   263 +
 kernel-open/nvidia-uvm/uvm_ats.c                   |   142 +
 kernel-open/nvidia-uvm/uvm_ats.h                   |   113 +
 kernel-open/nvidia-uvm/uvm_ats_faults.c            |   781 +
 kernel-open/nvidia-uvm/uvm_ats_faults.h            |    89 +
 kernel-open/nvidia-uvm/uvm_ats_sva.c               |   424 +
 kernel-open/nvidia-uvm/uvm_ats_sva.h               |   144 +
 kernel-open/nvidia-uvm/uvm_blackwell.c             |   114 +
 .../nvidia-uvm/uvm_blackwell_fault_buffer.c        |   122 +
 .../nvidia-uvm/uvm_blackwell_fault_buffer.h        |    92 +
 kernel-open/nvidia-uvm/uvm_blackwell_host.c        |   284 +
 kernel-open/nvidia-uvm/uvm_blackwell_mmu.c         |   201 +
 kernel-open/nvidia-uvm/uvm_bpf_struct_ops.c        |   458 +
 kernel-open/nvidia-uvm/uvm_bpf_struct_ops.h        |    49 +
 kernel-open/nvidia-uvm/uvm_ce_test.c               |  1273 +
 kernel-open/nvidia-uvm/uvm_channel.c               |  4354 +++
 kernel-open/nvidia-uvm/uvm_channel.h               |   780 +
 kernel-open/nvidia-uvm/uvm_channel_test.c          |  1810 ++
 kernel-open/nvidia-uvm/uvm_common.c                |   307 +
 kernel-open/nvidia-uvm/uvm_common.h                |   389 +
 kernel-open/nvidia-uvm/uvm_conf_computing.c        |   920 +
 kernel-open/nvidia-uvm/uvm_conf_computing.h        |   291 +
 kernel-open/nvidia-uvm/uvm_extern_decl.h           |    38 +
 .../nvidia-uvm/uvm_fault_buffer_flush_test.c       |    73 +
 kernel-open/nvidia-uvm/uvm_fd_type.c               |   114 +
 kernel-open/nvidia-uvm/uvm_fd_type.h               |    69 +
 kernel-open/nvidia-uvm/uvm_forward_decl.h          |   104 +
 kernel-open/nvidia-uvm/uvm_get_rm_ptes_test.c      |   350 +
 kernel-open/nvidia-uvm/uvm_global.c                |   551 +
 kernel-open/nvidia-uvm/uvm_global.h                |   469 +
 kernel-open/nvidia-uvm/uvm_gpu.c                   |  3871 +++
 kernel-open/nvidia-uvm/uvm_gpu.h                   |  1827 ++
 kernel-open/nvidia-uvm/uvm_gpu_access_counters.c   |  2232 ++
 kernel-open/nvidia-uvm/uvm_gpu_access_counters.h   |    95 +
 kernel-open/nvidia-uvm/uvm_gpu_isr.c               |   935 +
 kernel-open/nvidia-uvm/uvm_gpu_isr.h               |   201 +
 .../nvidia-uvm/uvm_gpu_non_replayable_faults.c     |   802 +
 .../nvidia-uvm/uvm_gpu_non_replayable_faults.h     |    37 +
 kernel-open/nvidia-uvm/uvm_gpu_replayable_faults.c |  3118 ++
 kernel-open/nvidia-uvm/uvm_gpu_replayable_faults.h |    77 +
 kernel-open/nvidia-uvm/uvm_gpu_semaphore.c         |   866 +
 kernel-open/nvidia-uvm/uvm_gpu_semaphore.h         |   215 +
 kernel-open/nvidia-uvm/uvm_gpu_semaphore_test.c    |   229 +
 kernel-open/nvidia-uvm/uvm_hal.c                   |  1131 +
 kernel-open/nvidia-uvm/uvm_hal.h                   |   963 +
 kernel-open/nvidia-uvm/uvm_hal_types.h             |   539 +
 kernel-open/nvidia-uvm/uvm_hmm.c                   |  3790 +++
 kernel-open/nvidia-uvm/uvm_hmm.h                   |   671 +
 kernel-open/nvidia-uvm/uvm_hopper.c                |   120 +
 kernel-open/nvidia-uvm/uvm_hopper_ce.c             |   597 +
 kernel-open/nvidia-uvm/uvm_hopper_fault_buffer.c   |    89 +
 kernel-open/nvidia-uvm/uvm_hopper_fault_buffer.h   |    90 +
 kernel-open/nvidia-uvm/uvm_hopper_host.c           |   452 +
 kernel-open/nvidia-uvm/uvm_hopper_mmu.c            |   591 +
 kernel-open/nvidia-uvm/uvm_hopper_sec2.c           |   218 +
 kernel-open/nvidia-uvm/uvm_host_test.c             |   296 +
 kernel-open/nvidia-uvm/uvm_ioctl.h                 |  1145 +
 kernel-open/nvidia-uvm/uvm_kvmalloc.c              |   412 +
 kernel-open/nvidia-uvm/uvm_kvmalloc.h              |    75 +
 kernel-open/nvidia-uvm/uvm_kvmalloc_test.c         |   184 +
 kernel-open/nvidia-uvm/uvm_linux.c                 |    83 +
 kernel-open/nvidia-uvm/uvm_linux.h                 |   434 +
 kernel-open/nvidia-uvm/uvm_linux_ioctl.h           |    42 +
 kernel-open/nvidia-uvm/uvm_lock.c                  |   371 +
 kernel-open/nvidia-uvm/uvm_lock.h                  |  1280 +
 kernel-open/nvidia-uvm/uvm_lock_test.c             |   460 +
 kernel-open/nvidia-uvm/uvm_map_external.c          |  1471 +
 kernel-open/nvidia-uvm/uvm_map_external.h          |   157 +
 kernel-open/nvidia-uvm/uvm_maxwell.c               |    79 +
 .../nvidia-uvm/uvm_maxwell_access_counter_buffer.c |    87 +
 kernel-open/nvidia-uvm/uvm_maxwell_ce.c            |   447 +
 kernel-open/nvidia-uvm/uvm_maxwell_fault_buffer.c  |   132 +
 kernel-open/nvidia-uvm/uvm_maxwell_host.c          |   367 +
 kernel-open/nvidia-uvm/uvm_maxwell_mmu.c           |   383 +
 kernel-open/nvidia-uvm/uvm_maxwell_sec2.c          |    53 +
 kernel-open/nvidia-uvm/uvm_mem.c                   |  1345 +
 kernel-open/nvidia-uvm/uvm_mem.h                   |   442 +
 kernel-open/nvidia-uvm/uvm_mem_test.c              |   745 +
 kernel-open/nvidia-uvm/uvm_migrate.c               |  1249 +
 kernel-open/nvidia-uvm/uvm_migrate.h               |    29 +
 kernel-open/nvidia-uvm/uvm_migrate_pageable.c      |  1368 +
 kernel-open/nvidia-uvm/uvm_migrate_pageable.h      |   248 +
 kernel-open/nvidia-uvm/uvm_mmu.c                   |  2984 ++
 kernel-open/nvidia-uvm/uvm_mmu.h                   |   705 +
 kernel-open/nvidia-uvm/uvm_page_tree_test.c        |  2819 ++
 kernel-open/nvidia-uvm/uvm_pascal.c                |   108 +
 kernel-open/nvidia-uvm/uvm_pascal_ce.c             |   137 +
 kernel-open/nvidia-uvm/uvm_pascal_fault_buffer.c   |   324 +
 kernel-open/nvidia-uvm/uvm_pascal_fault_buffer.h   |    56 +
 kernel-open/nvidia-uvm/uvm_pascal_host.c           |   364 +
 kernel-open/nvidia-uvm/uvm_pascal_mmu.c            |   465 +
 .../nvidia-uvm/uvm_peer_identity_mappings_test.c   |   172 +
 kernel-open/nvidia-uvm/uvm_perf_events.c           |   212 +
 kernel-open/nvidia-uvm/uvm_perf_events.h           |   436 +
 kernel-open/nvidia-uvm/uvm_perf_events_test.c      |    94 +
 kernel-open/nvidia-uvm/uvm_perf_heuristics.c       |   105 +
 kernel-open/nvidia-uvm/uvm_perf_heuristics.h       |    57 +
 kernel-open/nvidia-uvm/uvm_perf_module.c           |   149 +
 kernel-open/nvidia-uvm/uvm_perf_module.h           |   117 +
 kernel-open/nvidia-uvm/uvm_perf_module_test.c      |   289 +
 kernel-open/nvidia-uvm/uvm_perf_prefetch.c         |   579 +
 kernel-open/nvidia-uvm/uvm_perf_prefetch.h         |   115 +
 kernel-open/nvidia-uvm/uvm_perf_thrashing.c        |  2160 ++
 kernel-open/nvidia-uvm/uvm_perf_thrashing.h        |   117 +
 kernel-open/nvidia-uvm/uvm_perf_utils.c            |    84 +
 kernel-open/nvidia-uvm/uvm_perf_utils.h            |   268 +
 kernel-open/nvidia-uvm/uvm_perf_utils_test.c       |   750 +
 kernel-open/nvidia-uvm/uvm_pmm_gpu.c               |  3970 +++
 kernel-open/nvidia-uvm/uvm_pmm_gpu.h               |   645 +
 kernel-open/nvidia-uvm/uvm_pmm_sysmem.c            |  1238 +
 kernel-open/nvidia-uvm/uvm_pmm_sysmem.h            |   433 +
 kernel-open/nvidia-uvm/uvm_pmm_sysmem_test.c       |  1449 +
 kernel-open/nvidia-uvm/uvm_pmm_test.c              |  1282 +
 kernel-open/nvidia-uvm/uvm_policy.c                |  1041 +
 kernel-open/nvidia-uvm/uvm_populate_pageable.c     |   238 +
 kernel-open/nvidia-uvm/uvm_populate_pageable.h     |    68 +
 kernel-open/nvidia-uvm/uvm_processors.c            |   162 +
 kernel-open/nvidia-uvm/uvm_processors.h            |   743 +
 kernel-open/nvidia-uvm/uvm_procfs.c                |    83 +
 kernel-open/nvidia-uvm/uvm_procfs.h                |    82 +
 kernel-open/nvidia-uvm/uvm_pte_batch.c             |   216 +
 kernel-open/nvidia-uvm/uvm_pte_batch.h             |    97 +
 kernel-open/nvidia-uvm/uvm_push.c                  |   503 +
 kernel-open/nvidia-uvm/uvm_push.h                  |   498 +
 kernel-open/nvidia-uvm/uvm_push_macros.h           |   274 +
 kernel-open/nvidia-uvm/uvm_push_test.c             |  1008 +
 kernel-open/nvidia-uvm/uvm_pushbuffer.c            |   684 +
 kernel-open/nvidia-uvm/uvm_pushbuffer.h            |   294 +
 kernel-open/nvidia-uvm/uvm_range_allocator.c       |   168 +
 kernel-open/nvidia-uvm/uvm_range_allocator.h       |    73 +
 kernel-open/nvidia-uvm/uvm_range_allocator_test.c  |   351 +
 kernel-open/nvidia-uvm/uvm_range_group.c           |   878 +
 kernel-open/nvidia-uvm/uvm_range_group.h           |   202 +
 kernel-open/nvidia-uvm/uvm_range_group_tree_test.c |   385 +
 kernel-open/nvidia-uvm/uvm_range_tree.c            |   291 +
 kernel-open/nvidia-uvm/uvm_range_tree.h            |   180 +
 kernel-open/nvidia-uvm/uvm_range_tree_test.c       |  1716 ++
 kernel-open/nvidia-uvm/uvm_rb_tree.c               |   114 +
 kernel-open/nvidia-uvm/uvm_rb_tree.h               |   111 +
 kernel-open/nvidia-uvm/uvm_rb_tree_test.c          |   383 +
 kernel-open/nvidia-uvm/uvm_rm_mem.c                |   468 +
 kernel-open/nvidia-uvm/uvm_rm_mem.h                |   155 +
 kernel-open/nvidia-uvm/uvm_rm_mem_test.c           |   247 +
 kernel-open/nvidia-uvm/uvm_sec2_test.c             |   578 +
 kernel-open/nvidia-uvm/uvm_test.c                  |   364 +
 kernel-open/nvidia-uvm/uvm_test.h                  |   191 +
 kernel-open/nvidia-uvm/uvm_test_file.c             |   144 +
 kernel-open/nvidia-uvm/uvm_test_file.h             |    54 +
 kernel-open/nvidia-uvm/uvm_test_ioctl.h            |  1567 +
 kernel-open/nvidia-uvm/uvm_test_rng.c              |   340 +
 kernel-open/nvidia-uvm/uvm_test_rng.h              |    62 +
 kernel-open/nvidia-uvm/uvm_thread_context.c        |   677 +
 kernel-open/nvidia-uvm/uvm_thread_context.h        |   175 +
 kernel-open/nvidia-uvm/uvm_thread_context_test.c   |   139 +
 kernel-open/nvidia-uvm/uvm_tlb_batch.c             |   138 +
 kernel-open/nvidia-uvm/uvm_tlb_batch.h             |   114 +
 kernel-open/nvidia-uvm/uvm_tools.c                 |  2862 ++
 kernel-open/nvidia-uvm/uvm_tools.h                 |   125 +
 kernel-open/nvidia-uvm/uvm_tools_init.h            |    33 +
 kernel-open/nvidia-uvm/uvm_tracker.c               |   447 +
 kernel-open/nvidia-uvm/uvm_tracker.h               |   219 +
 kernel-open/nvidia-uvm/uvm_tracker_test.c          |   464 +
 kernel-open/nvidia-uvm/uvm_turing.c                |   101 +
 .../nvidia-uvm/uvm_turing_access_counter_buffer.c  |   198 +
 kernel-open/nvidia-uvm/uvm_turing_fault_buffer.c   |   123 +
 kernel-open/nvidia-uvm/uvm_turing_fault_buffer.h   |    59 +
 kernel-open/nvidia-uvm/uvm_turing_host.c           |   392 +
 kernel-open/nvidia-uvm/uvm_turing_mmu.c            |   169 +
 kernel-open/nvidia-uvm/uvm_types.h                 |  1508 +
 kernel-open/nvidia-uvm/uvm_unit_test.h             |    97 +
 kernel-open/nvidia-uvm/uvm_user_channel.c          |  1063 +
 kernel-open/nvidia-uvm/uvm_user_channel.h          |   257 +
 kernel-open/nvidia-uvm/uvm_va_block.c              | 13711 +++++++++
 kernel-open/nvidia-uvm/uvm_va_block.h              |  2317 ++
 kernel-open/nvidia-uvm/uvm_va_block_test.c         |   112 +
 kernel-open/nvidia-uvm/uvm_va_block_types.h        |   356 +
 kernel-open/nvidia-uvm/uvm_va_policy.c             |   674 +
 kernel-open/nvidia-uvm/uvm_va_policy.h             |   322 +
 kernel-open/nvidia-uvm/uvm_va_range.c              |  2170 ++
 kernel-open/nvidia-uvm/uvm_va_range.h              |  1126 +
 kernel-open/nvidia-uvm/uvm_va_range_device_p2p.c   |   602 +
 kernel-open/nvidia-uvm/uvm_va_space.c              |  2703 ++
 kernel-open/nvidia-uvm/uvm_va_space.h              |   899 +
 kernel-open/nvidia-uvm/uvm_va_space_mm.c           |   515 +
 kernel-open/nvidia-uvm/uvm_va_space_mm.h           |   251 +
 kernel-open/nvidia-uvm/uvm_volta.c                 |   110 +
 kernel-open/nvidia-uvm/uvm_volta_ce.c              |   301 +
 kernel-open/nvidia-uvm/uvm_volta_fault_buffer.c    |   445 +
 kernel-open/nvidia-uvm/uvm_volta_fault_buffer.h    |    58 +
 kernel-open/nvidia-uvm/uvm_volta_host.c            |   288 +
 kernel-open/nvidia-uvm/uvm_volta_mmu.c             |   336 +
 kernel-open/nvidia/detect-self-hosted.h            |    44 +
 kernel-open/nvidia/export_nvswitch.h               |  1033 +
 .../nvidia/hal/library/cryptlib/cryptlib_aead.h    |   211 +
 .../nvidia/hal/library/cryptlib/cryptlib_cert.h    |   383 +
 .../nvidia/hal/library/cryptlib/cryptlib_dh.h      |    98 +
 .../nvidia/hal/library/cryptlib/cryptlib_ec.h      |   246 +
 .../nvidia/hal/library/cryptlib/cryptlib_ecd.h     |   173 +
 .../nvidia/hal/library/cryptlib/cryptlib_hash.h    |   772 +
 .../nvidia/hal/library/cryptlib/cryptlib_hkdf.h    |   266 +
 .../nvidia/hal/library/cryptlib/cryptlib_mac.h     |   833 +
 .../nvidia/hal/library/cryptlib/cryptlib_rng.h     |    30 +
 .../nvidia/hal/library/cryptlib/cryptlib_rsa.h     |   274 +
 .../nvidia/hal/library/cryptlib/cryptlib_sm2.h     |   217 +
 kernel-open/nvidia/i2c_nvswitch.c                  |   351 +
 kernel-open/nvidia/internal/libspdm_lib_config.h   |    99 +
 kernel-open/nvidia/internal_crypt_lib.h            |   170 +
 kernel-open/nvidia/ioctl_common_nvswitch.h         |   144 +
 kernel-open/nvidia/ioctl_nvswitch.h                |   239 +
 kernel-open/nvidia/library/cryptlib.h              |   109 +
 kernel-open/nvidia/library/spdm_lib_config.h       |   386 +
 kernel-open/nvidia/libspdm_aead.c                  |   477 +
 kernel-open/nvidia/libspdm_aead_aes_gcm.c          |   117 +
 kernel-open/nvidia/libspdm_ec.c                    |   172 +
 kernel-open/nvidia/libspdm_ecc.c                   |   410 +
 kernel-open/nvidia/libspdm_hkdf.c                  |   158 +
 kernel-open/nvidia/libspdm_hkdf_sha.c              |   111 +
 kernel-open/nvidia/libspdm_hmac_sha.c              |   282 +
 kernel-open/nvidia/libspdm_internal_crypt_lib.c    |    42 +
 kernel-open/nvidia/libspdm_rand.c                  |    37 +
 kernel-open/nvidia/libspdm_rsa.c                   |   613 +
 kernel-open/nvidia/libspdm_rsa_ext.c               |    85 +
 kernel-open/nvidia/libspdm_sha.c                   |   264 +
 kernel-open/nvidia/libspdm_shash.c                 |   181 +
 kernel-open/nvidia/libspdm_x509.c                  |   456 +
 kernel-open/nvidia/linux_nvswitch.c                |  2741 ++
 kernel-open/nvidia/linux_nvswitch.h                |    94 +
 kernel-open/nvidia/nv-acpi.c                       |  1546 +
 kernel-open/nvidia/nv-backlight.c                  |    81 +
 kernel-open/nvidia/nv-bpmp.c                       |    28 +
 kernel-open/nvidia/nv-caps-imex.c                  |   240 +
 kernel-open/nvidia/nv-caps-imex.h                  |    34 +
 kernel-open/nvidia/nv-caps.c                       |   873 +
 kernel-open/nvidia/nv-clk.c                        |   877 +
 kernel-open/nvidia/nv-cray.c                       |   217 +
 kernel-open/nvidia/nv-dma.c                        |  1013 +
 kernel-open/nvidia/nv-dmabuf.c                     |  1518 +
 kernel-open/nvidia/nv-dsi-parse-panel-props.c      |  1019 +
 kernel-open/nvidia/nv-gpio.c                       |   273 +
 kernel-open/nvidia/nv-gpu-sched-hooks.c            |   486 +
 kernel-open/nvidia/nv-gpu-sched-hooks.h            |   145 +
 kernel-open/nvidia/nv-host1x.c                     |    80 +
 kernel-open/nvidia/nv-i2c.c                        |   560 +
 kernel-open/nvidia/nv-imp.c                        |    28 +
 kernel-open/nvidia/nv-ipc-soc.c                    |    30 +
 kernel-open/nvidia/nv-kthread-q.c                  |   334 +
 kernel-open/nvidia/nv-memdbg.c                     |   259 +
 kernel-open/nvidia/nv-mmap.c                       |   849 +
 kernel-open/nvidia/nv-modeset-interface.c          |   146 +
 kernel-open/nvidia/nv-msi.c                        |   167 +
 kernel-open/nvidia/nv-nano-timer.c                 |   228 +
 kernel-open/nvidia/nv-p2p.c                        |  1021 +
 kernel-open/nvidia/nv-p2p.h                        |   472 +
 kernel-open/nvidia/nv-pat.c                        |   478 +
 kernel-open/nvidia/nv-pat.h                        |    59 +
 kernel-open/nvidia/nv-pci-table.c                  |    90 +
 kernel-open/nvidia/nv-pci-table.h                  |    32 +
 kernel-open/nvidia/nv-pci.c                        |  1351 +
 kernel-open/nvidia/nv-platform-pm.c                |   130 +
 kernel-open/nvidia/nv-platform.c                   |  1420 +
 kernel-open/nvidia/nv-procfs.c                     |  1460 +
 kernel-open/nvidia/nv-reg.h                        |  1021 +
 kernel-open/nvidia/nv-report-err.c                 |    80 +
 kernel-open/nvidia/nv-report-err.h                 |    66 +
 kernel-open/nvidia/nv-rsync.c                      |   161 +
 kernel-open/nvidia/nv-rsync.h                      |    55 +
 kernel-open/nvidia/nv-tracepoint.h                 |    66 +
 kernel-open/nvidia/nv-usermap.c                    |   156 +
 kernel-open/nvidia/nv-vm.c                         |   738 +
 kernel-open/nvidia/nv-vtophys.c                    |    39 +
 kernel-open/nvidia/nv.c                            |  6023 ++++
 kernel-open/nvidia/nv_gpu_ops.h                    |   347 +
 kernel-open/nvidia/nv_uvm_interface.c              |  1765 ++
 kernel-open/nvidia/nvidia-sources.Kbuild           |    63 +
 kernel-open/nvidia/nvidia.Kbuild                   |   292 +
 kernel-open/nvidia/nvlink_caps.c                   |   122 +
 kernel-open/nvidia/nvlink_caps.h                   |    38 +
 kernel-open/nvidia/nvlink_common.h                 |   174 +
 kernel-open/nvidia/nvlink_errors.h                 |    47 +
 kernel-open/nvidia/nvlink_export.h                 |    58 +
 kernel-open/nvidia/nvlink_linux.c                  |   647 +
 kernel-open/nvidia/nvlink_linux.h                  |    64 +
 kernel-open/nvidia/nvlink_os.h                     |    90 +
 kernel-open/nvidia/nvlink_pci.h                    |    61 +
 kernel-open/nvidia/nvlink_proto.h                  |    50 +
 kernel-open/nvidia/nvspdm_cryptlib_extensions.h    |    41 +
 kernel-open/nvidia/nvswitch_event.h                |    62 +
 kernel-open/nvidia/os-interface.c                  |  2714 ++
 kernel-open/nvidia/os-mlock.c                      |   331 +
 kernel-open/nvidia/os-pci.c                        |   236 +
 kernel-open/nvidia/os-registry.c                   |   344 +
 kernel-open/nvidia/os-usermap.c                    |    59 +
 kernel-open/nvidia/procfs_nvswitch.c               |   205 +
 kernel-open/nvidia/rmp2pdefines.h                  |    31 +
 nouveau/extract-firmware-nouveau.py                |   507 +
 nouveau/nouveau_firmware_layout.ods                |   Bin 0 -> 31228 bytes
 nv-compiler.sh                                     |    82 +
 process_cflow.py                                   |   142 +
 results.csv                                        |     2 +
 src/common/displayport/inc/dp_address.h            |   288 +
 src/common/displayport/inc/dp_auxbus.h             |    80 +
 src/common/displayport/inc/dp_auxdefs.h            |    97 +
 src/common/displayport/inc/dp_auxretry.h           |   181 +
 src/common/displayport/inc/dp_bitstream.h          |    98 +
 src/common/displayport/inc/dp_buffer.h             |    97 +
 src/common/displayport/inc/dp_configcaps.h         |  1509 +
 src/common/displayport/inc/dp_configcaps2x.h       |   192 +
 src/common/displayport/inc/dp_connector.h          |   790 +
 src/common/displayport/inc/dp_connectorimpl.h      |   806 +
 src/common/displayport/inc/dp_connectorimpl2x.h    |   113 +
 src/common/displayport/inc/dp_crc.h                |    41 +
 src/common/displayport/inc/dp_deviceimpl.h         |   566 +
 src/common/displayport/inc/dp_discovery.h          |   329 +
 src/common/displayport/inc/dp_edid.h               |   310 +
 src/common/displayport/inc/dp_evoadapter.h         |   444 +
 src/common/displayport/inc/dp_evoadapter2x.h       |   193 +
 src/common/displayport/inc/dp_groupimpl.h          |   126 +
 src/common/displayport/inc/dp_guid.h               |   120 +
 src/common/displayport/inc/dp_hostimp.h            |    57 +
 src/common/displayport/inc/dp_internal.h           |   129 +
 src/common/displayport/inc/dp_linkconfig.h         |   638 +
 src/common/displayport/inc/dp_linkedlist.h         |   143 +
 src/common/displayport/inc/dp_list.h               |    84 +
 src/common/displayport/inc/dp_mainlink.h           |   308 +
 src/common/displayport/inc/dp_merger.h             |   148 +
 src/common/displayport/inc/dp_messagecodings.h     |   563 +
 src/common/displayport/inc/dp_messageheader.h      |    94 +
 src/common/displayport/inc/dp_messages.h           |   324 +
 src/common/displayport/inc/dp_object.h             |   132 +
 src/common/displayport/inc/dp_printf.h             |    52 +
 src/common/displayport/inc/dp_regkeydatabase.h     |   154 +
 src/common/displayport/inc/dp_ringbuffer.h         |    33 +
 src/common/displayport/inc/dp_splitter.h           |   159 +
 src/common/displayport/inc/dp_timeout.h            |    74 +
 src/common/displayport/inc/dp_timer.h              |   103 +
 src/common/displayport/inc/dp_tracing.h            |   128 +
 src/common/displayport/inc/dp_vrr.h                |    95 +
 src/common/displayport/inc/dp_wardatabase.h        |    75 +
 src/common/displayport/inc/dp_watermark.h          |   141 +
 .../displayport/inc/dptestutil/dp_testmessage.h    |   122 +
 src/common/displayport/src/dp_auxretry.cpp         |   316 +
 src/common/displayport/src/dp_bitstream.cpp        |   204 +
 src/common/displayport/src/dp_buffer.cpp           |   272 +
 src/common/displayport/src/dp_configcaps.cpp       |  3088 ++
 src/common/displayport/src/dp_configcaps2x.cpp     |   885 +
 src/common/displayport/src/dp_connectorimpl.cpp    |  8304 ++++++
 src/common/displayport/src/dp_connectorimpl2x.cpp  |  1863 ++
 src/common/displayport/src/dp_crc.cpp              |    93 +
 src/common/displayport/src/dp_deviceimpl.cpp       |  3784 +++
 src/common/displayport/src/dp_discovery.cpp        |   939 +
 src/common/displayport/src/dp_edid.cpp             |   648 +
 src/common/displayport/src/dp_evoadapter.cpp       |  1938 ++
 src/common/displayport/src/dp_evoadapter2x.cpp     |  1442 +
 src/common/displayport/src/dp_groupimpl.cpp        |   385 +
 src/common/displayport/src/dp_guid.cpp             |    81 +
 src/common/displayport/src/dp_linkconfig.cpp       |   193 +
 src/common/displayport/src/dp_list.cpp             |   159 +
 src/common/displayport/src/dp_merger.cpp           |   311 +
 src/common/displayport/src/dp_messagecodings.cpp   |   692 +
 src/common/displayport/src/dp_messageheader.cpp    |    86 +
 src/common/displayport/src/dp_messages.cpp         |   626 +
 src/common/displayport/src/dp_mst_edid.cpp         |   189 +
 src/common/displayport/src/dp_splitter.cpp         |   315 +
 src/common/displayport/src/dp_sst_edid.cpp         |   343 +
 src/common/displayport/src/dp_timer.cpp            |   200 +
 src/common/displayport/src/dp_vrr.cpp              |   248 +
 src/common/displayport/src/dp_wardatabase.cpp      |   714 +
 src/common/displayport/src/dp_watermark.cpp        |   881 +
 .../displayport/src/dptestutil/dp_testmessage.cpp  |    94 +
 src/common/inc/displayport/displayport.h           |  1001 +
 src/common/inc/displayport/displayport2x.h         |   190 +
 src/common/inc/displayport/dpcd.h                  |  1531 +
 src/common/inc/displayport/dpcd14.h                |   748 +
 src/common/inc/displayport/dpcd20.h                |   562 +
 src/common/inc/gps.h                               |    54 +
 src/common/inc/hdmi_spec.h                         |    86 +
 src/common/inc/jt.h                                |   115 +
 src/common/inc/mxm_spec.h                          |    46 +
 src/common/inc/nbci.h                              |    48 +
 src/common/inc/nvBinSegment.h                      |    36 +
 src/common/inc/nvBldVer.h                          |    73 +
 src/common/inc/nvCpuIntrinsics.h                   |   438 +
 src/common/inc/nvCpuUuid.h                         |    44 +
 src/common/inc/nvHdmiFrlCommon.h                   |   134 +
 src/common/inc/nvPNPVendorIds.h                    |   572 +
 src/common/inc/nvSemaphoreCommon.h                 |   217 +
 src/common/inc/nvSha1.h                            |   390 +
 src/common/inc/nvSha256.h                          |    70 +
 src/common/inc/nvUnixVersion.h                     |    15 +
 src/common/inc/nvVer.h                             |    17 +
 src/common/inc/nv_list.h                           |   558 +
 src/common/inc/nv_mig_types.h                      |    40 +
 src/common/inc/nv_smg.h                            |    97 +
 src/common/inc/nv_speculation_barrier.h            |   219 +
 src/common/inc/nvctassert.h                        |   189 +
 src/common/inc/nvhybridacpi.h                      |   108 +
 src/common/inc/nvlog_defs.h                        |   564 +
 src/common/inc/nvlog_inc.h                         |    39 +
 src/common/inc/nvlog_inc2.h                        |    46 +
 src/common/inc/nvop.h                              |   122 +
 src/common/inc/nvrmcontext.h                       |    73 +
 src/common/inc/pex.h                               |    71 +
 src/common/inc/prbrt.h                             |   278 +
 src/common/inc/rmosxfac.h                          |    43 +
 src/common/inc/swref/published/ada/ad102/dev_bus.h |    45 +
 .../swref/published/ada/ad102/dev_bus_addendum.h   |    40 +
 .../inc/swref/published/ada/ad102/dev_fault.h      |    63 +
 .../inc/swref/published/ada/ad102/dev_gc6_island.h |    29 +
 .../published/ada/ad102/dev_gc6_island_addendum.h  |    32 +
 .../inc/swref/published/ampere/ga100/dev_boot.h    |    51 +
 .../inc/swref/published/ampere/ga100/dev_bus.h     |    44 +
 .../published/ampere/ga100/dev_bus_addendum.h      |    39 +
 .../inc/swref/published/ampere/ga100/dev_ce.h      |    33 +
 .../inc/swref/published/ampere/ga100/dev_ctrl.h    |    28 +
 .../swref/published/ampere/ga100/dev_ctxsw_prog.h  |    32 +
 .../swref/published/ampere/ga100/dev_falcon_v4.h   |   120 +
 .../inc/swref/published/ampere/ga100/dev_fault.h   |   208 +
 .../inc/swref/published/ampere/ga100/dev_fb.h      |    47 +
 .../inc/swref/published/ampere/ga100/dev_fbif_v4.h |    37 +
 .../inc/swref/published/ampere/ga100/dev_fuse.h    |   141 +
 .../inc/swref/published/ampere/ga100/dev_mmu.h     |    99 +
 .../ampere/ga100/dev_nv_pcfg_xve_regmap.h          |    71 +
 .../inc/swref/published/ampere/ga100/dev_nv_xve.h  |    42 +
 .../published/ampere/ga100/dev_nv_xve_addendum.h   |    69 +
 .../published/ampere/ga100/dev_nvdec_addendum.h    |    29 +
 .../swref/published/ampere/ga100/dev_nvdec_pri.h   |    28 +
 .../inc/swref/published/ampere/ga100/dev_ram.h     |    39 +
 .../swref/published/ampere/ga100/dev_riscv_pri.h   |    34 +
 .../inc/swref/published/ampere/ga100/dev_runlist.h |    87 +
 .../published/ampere/ga100/dev_sec_addendum.h      |    28 +
 .../inc/swref/published/ampere/ga100/dev_sec_pri.h |    38 +
 .../inc/swref/published/ampere/ga100/dev_timer.h   |    30 +
 .../inc/swref/published/ampere/ga100/dev_top.h     |    36 +
 .../inc/swref/published/ampere/ga100/dev_vm.h      |   133 +
 .../swref/published/ampere/ga100/dev_vm_addendum.h |    46 +
 .../inc/swref/published/ampere/ga100/hwproject.h   |    28 +
 .../inc/swref/published/ampere/ga102/dev_boot.h    |    43 +
 .../inc/swref/published/ampere/ga102/dev_ce.h      |    36 +
 .../published/ampere/ga102/dev_falcon_second_pri.h |    37 +
 .../swref/published/ampere/ga102/dev_falcon_v4.h   |   124 +
 .../ampere/ga102/dev_falcon_v4_addendum.h          |    31 +
 .../inc/swref/published/ampere/ga102/dev_fbif_v4.h |    37 +
 .../swref/published/ampere/ga102/dev_gc6_island.h  |    37 +
 .../ampere/ga102/dev_gc6_island_addendum.h         |    41 +
 .../inc/swref/published/ampere/ga102/dev_gsp.h     |    42 +
 .../published/ampere/ga102/dev_gsp_addendum.h      |    28 +
 .../ampere/ga102/dev_nv_pcfg_xve_regmap.h          |    71 +
 .../published/ampere/ga102/dev_nvdec_addendum.h    |    29 +
 .../swref/published/ampere/ga102/dev_nvdec_pri.h   |    29 +
 .../inc/swref/published/ampere/ga102/dev_ram.h     |    27 +
 .../swref/published/ampere/ga102/dev_riscv_pri.h   |    45 +
 .../published/ampere/ga102/dev_sec_addendum.h      |    28 +
 .../inc/swref/published/ampere/ga102/dev_sec_pri.h |    38 +
 .../inc/swref/published/ampere/ga102/dev_vm.h      |    65 +
 .../inc/swref/published/ampere/ga10b/dev_ram.h     |    30 +
 .../published/blackwell/gb100/dev_access_counter.h |    29 +
 .../inc/swref/published/blackwell/gb100/dev_boot.h |    32 +
 .../published/blackwell/gb100/dev_boot_addendum.h  |    38 +
 .../inc/swref/published/blackwell/gb100/dev_bus.h  |    40 +
 .../published/blackwell/gb100/dev_bus_addendum.h   |    47 +
 .../swref/published/blackwell/gb100/dev_ce_base.h  |    30 +
 .../published/blackwell/gb100/dev_ctxsw_prog.h     |    54 +
 .../published/blackwell/gb100/dev_falcon_v4.h      |    31 +
 .../swref/published/blackwell/gb100/dev_fault.h    |   318 +
 .../published/blackwell/gb100/dev_fsp_addendum.h   |    36 +
 .../swref/published/blackwell/gb100/dev_fsp_pri.h  |    39 +
 .../inc/swref/published/blackwell/gb100/dev_gsp.h  |   186 +
 .../published/blackwell/gb100/dev_hshub_base.h     |    43 +
 .../published/blackwell/gb100/dev_mnoc_pri_zb.h    |    79 +
 .../gb100/dev_nv_pcie_config_reg_addendum.h        |   162 +
 .../swref/published/blackwell/gb100/dev_pcfg_pf0.h |   266 +
 .../inc/swref/published/blackwell/gb100/dev_perf.h |    30 +
 .../swref/published/blackwell/gb100/dev_therm.h    |    31 +
 .../published/blackwell/gb100/dev_therm_addendum.h |    31 +
 .../inc/swref/published/blackwell/gb100/dev_top.h  |   109 +
 .../inc/swref/published/blackwell/gb100/dev_vm.h   |   694 +
 .../published/blackwell/gb100/dev_vm_addendum.h    |    30 +
 .../swref/published/blackwell/gb100/hwproject.h    |    29 +
 .../published/blackwell/gb100/pri_nv_xal_ep.h      |    63 +
 .../published/blackwell/gb100/pri_nv_xal_ep_p2p.h  |    49 +
 .../inc/swref/published/blackwell/gb102/dev_bus.h  |    32 +
 .../published/blackwell/gb102/dev_bus_addendum.h   |    47 +
 .../gb102/dev_nv_pcie_config_reg_addendum.h        |   162 +
 .../inc/swref/published/blackwell/gb102/dev_vm.h   |    31 +
 .../published/blackwell/gb102/dev_vm_addendum.h    |    31 +
 .../inc/swref/published/blackwell/gb10b/dev_boot.h |    37 +
 .../inc/swref/published/blackwell/gb10b/dev_ce.h   |    29 +
 .../swref/published/blackwell/gb10b/dev_ce_base.h  |    31 +
 .../swref/published/blackwell/gb10b/dev_fault.h    |    64 +
 .../swref/published/blackwell/gb10b/dev_fbhub.h    |    37 +
 .../inc/swref/published/blackwell/gb10b/dev_perf.h |    30 +
 .../inc/swref/published/blackwell/gb10b/dev_ram.h  |    30 +
 .../blackwell/gb10b/dev_xtl_ep_pcfg_gpu.h          |   130 +
 .../swref/published/blackwell/gb10b/hwproject.h    |    29 +
 .../published/blackwell/gb10b/pri_nv_xal_ep.h      |    32 +
 .../inc/swref/published/blackwell/gb110/dev_vm.h   |    31 +
 .../published/blackwell/gb110/dev_vm_addendum.h    |    31 +
 .../inc/swref/published/blackwell/gb112/dev_vm.h   |    31 +
 .../published/blackwell/gb112/dev_vm_addendum.h    |    31 +
 .../inc/swref/published/blackwell/gb202/dev_boot.h |    56 +
 .../inc/swref/published/blackwell/gb202/dev_ce.h   |    29 +
 .../swref/published/blackwell/gb202/dev_ce_base.h  |    31 +
 .../swref/published/blackwell/gb202/dev_fault.h    |   351 +
 .../published/blackwell/gb202/dev_fsp_addendum.h   |    32 +
 .../swref/published/blackwell/gb202/dev_fsp_pri.h  |    38 +
 .../inc/swref/published/blackwell/gb202/dev_mmu.h  |    51 +
 .../inc/swref/published/blackwell/gb202/dev_ram.h  |    32 +
 .../swref/published/blackwell/gb202/dev_runlist.h  |    87 +
 .../swref/published/blackwell/gb202/dev_therm.h    |    32 +
 .../published/blackwell/gb202/dev_therm_addendum.h |    33 +
 .../inc/swref/published/blackwell/gb202/dev_vm.h   |    35 +
 .../blackwell/gb202/dev_xtl_ep_pcfg_gpu.h          |    54 +
 .../swref/published/blackwell/gb202/kind_macros.h  |    36 +
 .../published/blackwell/gb202/pri_nv_xal_ep.h      |    30 +
 .../inc/swref/published/blackwell/gb20b/dev_boot.h |    44 +
 .../swref/published/blackwell/gb20b/dev_ce_base.h  |    31 +
 .../inc/swref/published/blackwell/gb20b/dev_mmu.h  |    50 +
 .../inc/swref/published/blackwell/gb20b/dev_perf.h |    30 +
 .../swref/published/blackwell/gb20b/dev_sec_pri.h  |    62 +
 .../blackwell/gb20b/dev_xtl_ep_pcfg_gpu.h          |    36 +
 .../swref/published/blackwell/gb20b/kind_macros.h  |    36 +
 src/common/inc/swref/published/br03/dev_br03_xvd.h |    37 +
 src/common/inc/swref/published/br03/dev_br03_xvu.h |    61 +
 src/common/inc/swref/published/br04/br04_ref.h     |    58 +
 src/common/inc/swref/published/br04/dev_br04_xvd.h |    60 +
 src/common/inc/swref/published/br04/dev_br04_xvu.h |   143 +
 .../inc/swref/published/disp/v02_04/dev_disp.h     |    58 +
 .../inc/swref/published/disp/v03_00/dev_disp.h     |   293 +
 .../inc/swref/published/disp/v04_00/dev_disp.h     |    41 +
 .../inc/swref/published/disp/v04_01/dev_disp.h     |    59 +
 .../inc/swref/published/disp/v05_01/dev_disp.h     |    65 +
 .../inc/swref/published/disp/v05_02/dev_disp.h     |    33 +
 .../inc/swref/published/hopper/gh100/dev_bus.h     |    32 +
 .../published/hopper/gh100/dev_bus_addendum.h      |    47 +
 .../inc/swref/published/hopper/gh100/dev_ce.h      |    29 +
 .../swref/published/hopper/gh100/dev_falcon_v4.h   |   100 +
 .../inc/swref/published/hopper/gh100/dev_fault.h   |   208 +
 .../inc/swref/published/hopper/gh100/dev_fb.h      |    33 +
 .../inc/swref/published/hopper/gh100/dev_fbpa.h    |    29 +
 .../published/hopper/gh100/dev_fsp_addendum.h      |    32 +
 .../inc/swref/published/hopper/gh100/dev_fsp_pri.h |    72 +
 .../inc/swref/published/hopper/gh100/dev_fuse.h    |    52 +
 .../swref/published/hopper/gh100/dev_gc6_island.h  |    48 +
 .../hopper/gh100/dev_gc6_island_addendum.h         |    40 +
 .../inc/swref/published/hopper/gh100/dev_gsp.h     |    58 +
 .../inc/swref/published/hopper/gh100/dev_mmu.h     |   194 +
 .../published/hopper/gh100/dev_nv_xal_addendum.h   |    31 +
 .../inc/swref/published/hopper/gh100/dev_nv_xpl.h  |    52 +
 .../inc/swref/published/hopper/gh100/dev_perf.h    |    29 +
 .../inc/swref/published/hopper/gh100/dev_pmc.h     |    27 +
 .../inc/swref/published/hopper/gh100/dev_ram.h     |    29 +
 .../swref/published/hopper/gh100/dev_riscv_pri.h   |    72 +
 .../inc/swref/published/hopper/gh100/dev_therm.h   |    30 +
 .../published/hopper/gh100/dev_therm_addendum.h    |    31 +
 .../inc/swref/published/hopper/gh100/dev_timer.h   |    33 +
 .../inc/swref/published/hopper/gh100/dev_vm.h      |   110 +
 .../swref/published/hopper/gh100/dev_vm_addendum.h |    57 +
 .../published/hopper/gh100/dev_xtl_ep_pcfg_gpu.h   |   122 +
 .../swref/published/hopper/gh100/dev_xtl_ep_pri.h  |    30 +
 .../inc/swref/published/hopper/gh100/hwproject.h   |    32 +
 .../swref/published/hopper/gh100/pri_nv_xal_ep.h   |    63 +
 .../published/hopper/gh100/pri_nv_xal_ep_p2p.h     |    37 +
 .../inc/swref/published/kepler/gk104/dev_timer.h   |    41 +
 .../inc/swref/published/maxwell/gm107/dev_boot.h   |    72 +
 .../inc/swref/published/maxwell/gm107/dev_bus.h    |    98 +
 .../inc/swref/published/maxwell/gm107/dev_fb.h     |    48 +
 .../inc/swref/published/maxwell/gm107/dev_fifo.h   |    33 +
 .../inc/swref/published/maxwell/gm107/dev_flush.h  |    31 +
 .../inc/swref/published/maxwell/gm107/dev_fuse.h   |    31 +
 .../inc/swref/published/maxwell/gm107/dev_mmu.h    |   114 +
 .../maxwell/gm107/dev_nv_pcfg_xve1_addendum.h      |    55 +
 .../maxwell/gm107/dev_nv_pcfg_xve_addendum.h       |    61 +
 .../inc/swref/published/maxwell/gm107/dev_nv_xp.h  |    28 +
 .../inc/swref/published/maxwell/gm107/dev_nv_xve.h |   168 +
 .../swref/published/maxwell/gm107/dev_nv_xve1.h    |    27 +
 .../published/maxwell/gm107/dev_nv_xve_addendum.h  |    28 +
 .../maxwell/gm107/dev_pri_ringstation_sys.h        |    44 +
 .../inc/swref/published/maxwell/gm107/dev_ram.h    |    69 +
 .../inc/swref/published/maxwell/gm107/dev_timer.h  |    44 +
 .../inc/swref/published/maxwell/gm200/dev_boot.h   |    63 +
 .../inc/swref/published/maxwell/gm200/dev_fifo.h   |    28 +
 .../inc/swref/published/maxwell/gm200/dev_flush.h  |    54 +
 .../inc/swref/published/maxwell/gm200/dev_nv_p2p.h |    40 +
 .../inc/swref/published/maxwell/gm200/dev_nv_xp.h  |    28 +
 .../inc/swref/published/maxwell/gm200/dev_nv_xve.h |    36 +
 .../published/maxwell/gm200/dev_nv_xve_addendum.h  |    28 +
 .../inc/swref/published/maxwell/gm200/dev_timer.h  |    36 +
 src/common/inc/swref/published/nv_arch.h           |   140 +
 src/common/inc/swref/published/nv_ref.h            |   201 +
 .../swref/published/nvswitch/lr10/dev_egress_ip.h  |   688 +
 .../published/nvswitch/lr10/dev_ext_devices.h      |    30 +
 .../swref/published/nvswitch/lr10/dev_falcon_v4.h  |   461 +
 .../swref/published/nvswitch/lr10/dev_ingress_ip.h |   928 +
 .../swref/published/nvswitch/lr10/dev_minion_ip.h  |   729 +
 .../nvswitch/lr10/dev_minion_ip_addendum.h         |   319 +
 .../inc/swref/published/nvswitch/lr10/dev_npg_ip.h |    99 +
 .../swref/published/nvswitch/lr10/dev_npgperf_ip.h |    49 +
 .../swref/published/nvswitch/lr10/dev_nport_ip.h   |   342 +
 .../nvswitch/lr10/dev_nport_ip_addendum.h          |    37 +
 .../inc/swref/published/nvswitch/lr10/dev_nv_xp.h  |   379 +
 .../inc/swref/published/nvswitch/lr10/dev_nv_xve.h |   100 +
 .../swref/published/nvswitch/lr10/dev_nvlctrl_ip.h |   113 +
 .../swref/published/nvswitch/lr10/dev_nvldl_ip.h   |   350 +
 .../nvswitch/lr10/dev_nvldl_ip_addendum.h          |    30 +
 .../swref/published/nvswitch/lr10/dev_nvlipt_ip.h  |    94 +
 .../published/nvswitch/lr10/dev_nvlipt_lnk_ip.h    |   476 +
 .../swref/published/nvswitch/lr10/dev_nvlperf_ip.h |    47 +
 .../published/nvswitch/lr10/dev_nvlphyctl_ip.h     |    96 +
 .../swref/published/nvswitch/lr10/dev_nvlsaw_ip.h  |   590 +
 .../nvswitch/lr10/dev_nvlsaw_ip_addendum.h         |    63 +
 .../swref/published/nvswitch/lr10/dev_nvltlc_ip.h  |  1169 +
 .../inc/swref/published/nvswitch/lr10/dev_nvs.h    |   111 +
 .../swref/published/nvswitch/lr10/dev_nvs_master.h |   162 +
 .../swref/published/nvswitch/lr10/dev_nvs_top.h    |   100 +
 .../nvswitch/lr10/dev_nxbar_tc_global_ip.h         |   787 +
 .../published/nvswitch/lr10/dev_nxbar_tile_ip.h    |   156 +
 .../inc/swref/published/nvswitch/lr10/dev_pmgr.h   |   176 +
 .../published/nvswitch/lr10/dev_pri_ringmaster.h   |    76 +
 .../nvswitch/lr10/dev_pri_ringstation_prt.h        |   550 +
 .../nvswitch/lr10/dev_pri_ringstation_sys.h        |    57 +
 .../swref/published/nvswitch/lr10/dev_route_ip.h   |   639 +
 .../nvswitch/lr10/dev_route_ip_addendum.h          |    31 +
 .../inc/swref/published/nvswitch/lr10/dev_soe_ip.h |  1117 +
 .../published/nvswitch/lr10/dev_soe_ip_addendum.h  |   104 +
 .../published/nvswitch/lr10/dev_sourcetrack_ip.h   |   290 +
 .../inc/swref/published/nvswitch/lr10/dev_therm.h  |    51 +
 .../inc/swref/published/nvswitch/lr10/dev_timer.h  |    36 +
 .../inc/swref/published/nvswitch/lr10/dev_trim.h   |   140 +
 .../swref/published/nvswitch/lr10/dev_tstate_ip.h  |   463 +
 .../published/nvswitch/lr10/npgip_discovery.h      |    69 +
 .../published/nvswitch/lr10/nvlinkip_discovery.h   |    94 +
 .../published/nvswitch/lr10/nxbar_discovery.h      |    69 +
 .../inc/swref/published/nvswitch/ls10/dev_boot.h   |    33 +
 .../inc/swref/published/nvswitch/ls10/dev_cpr_ip.h |   105 +
 .../swref/published/nvswitch/ls10/dev_ctrl_ip.h    |    68 +
 .../published/nvswitch/ls10/dev_ctrl_ip_addendum.h |    75 +
 .../swref/published/nvswitch/ls10/dev_egress_ip.h  |  1301 +
 .../swref/published/nvswitch/ls10/dev_falcon_v4.h  |   330 +
 .../swref/published/nvswitch/ls10/dev_fsp_pri.h    |    50 +
 .../swref/published/nvswitch/ls10/dev_ingress_ip.h |  1386 +
 .../swref/published/nvswitch/ls10/dev_minion_ip.h  |   492 +
 .../nvswitch/ls10/dev_minion_ip_addendum.h         |   355 +
 .../nvswitch/ls10/dev_multicasttstate_ip.h         |   269 +
 .../inc/swref/published/nvswitch/ls10/dev_npg_ip.h |    79 +
 .../swref/published/nvswitch/ls10/dev_npgperf_ip.h |    40 +
 .../swref/published/nvswitch/ls10/dev_nport_ip.h   |   455 +
 .../nvswitch/ls10/dev_nport_ip_addendum.h          |    37 +
 .../swref/published/nvswitch/ls10/dev_nv_xal_ep.h  |   153 +
 .../inc/swref/published/nvswitch/ls10/dev_nv_xpl.h |   256 +
 .../swref/published/nvswitch/ls10/dev_nvldl_ip.h   |   454 +
 .../nvswitch/ls10/dev_nvldl_ip_addendum.h          |    48 +
 .../swref/published/nvswitch/ls10/dev_nvlipt_ip.h  |    64 +
 .../published/nvswitch/ls10/dev_nvlipt_lnk_ip.h    |   601 +
 .../published/nvswitch/ls10/dev_nvlphyctl_ip.h     |    68 +
 .../swref/published/nvswitch/ls10/dev_nvlsaw_ip.h  |   103 +
 .../nvswitch/ls10/dev_nvlsaw_ip_addendum.h         |    60 +
 .../swref/published/nvswitch/ls10/dev_nvltlc_ip.h  |   813 +
 .../swref/published/nvswitch/ls10/dev_nvlw_ip.h    |   211 +
 .../swref/published/nvswitch/ls10/dev_nvs_top.h    |   135 +
 .../nvswitch/ls10/dev_nxbar_tcp_global_ip.h        |    75 +
 .../published/nvswitch/ls10/dev_nxbar_tile_ip.h    |   189 +
 .../published/nvswitch/ls10/dev_nxbar_tileout_ip.h |   165 +
 .../inc/swref/published/nvswitch/ls10/dev_perf.h   |    44 +
 .../inc/swref/published/nvswitch/ls10/dev_pmgr.h   |    97 +
 .../published/nvswitch/ls10/dev_pri_hub_prt_ip.h   |    73 +
 .../published/nvswitch/ls10/dev_pri_hub_sys_ip.h   |    86 +
 .../published/nvswitch/ls10/dev_pri_hub_sysb_ip.h  |    74 +
 .../nvswitch/ls10/dev_pri_masterstation_ip.h       |    82 +
 .../nvswitch/ls10/dev_pri_ringstation_prt_ip.h     |    33 +
 .../nvswitch/ls10/dev_pri_ringstation_sys_ip.h     |    33 +
 .../nvswitch/ls10/dev_pri_ringstation_sysb_ip.h    |    33 +
 .../nvswitch/ls10/dev_reductiontstate_ip.h         |   269 +
 .../swref/published/nvswitch/ls10/dev_riscv_pri.h  |    84 +
 .../swref/published/nvswitch/ls10/dev_route_ip.h   |   770 +
 .../nvswitch/ls10/dev_route_ip_addendum.h          |    31 +
 .../inc/swref/published/nvswitch/ls10/dev_se_pri.h |    33 +
 .../inc/swref/published/nvswitch/ls10/dev_soe_ip.h |   364 +
 .../published/nvswitch/ls10/dev_soe_ip_addendum.h  |    60 +
 .../published/nvswitch/ls10/dev_sourcetrack_ip.h   |   205 +
 .../inc/swref/published/nvswitch/ls10/dev_therm.h  |   183 +
 .../swref/published/nvswitch/ls10/dev_timer_ip.h   |    41 +
 .../inc/swref/published/nvswitch/ls10/dev_trim.h   |   213 +
 .../swref/published/nvswitch/ls10/dev_tstate_ip.h  |   258 +
 .../swref/published/nvswitch/ls10/dev_xtl_ep_pri.h |    86 +
 .../published/nvswitch/ls10/npgip_discovery.h      |    70 +
 .../published/nvswitch/ls10/nvlinkip_discovery.h   |    95 +
 .../published/nvswitch/ls10/nxbar_discovery.h      |    74 +
 .../published/nvswitch/ls10/ptop_discovery_ip.h    |    29 +
 .../inc/swref/published/pascal/gp100/dev_boot.h    |    96 +
 .../published/pascal/gp100/dev_bus_addendum.h      |    35 +
 .../swref/published/pascal/gp100/dev_ctxsw_prog.h  |    52 +
 .../inc/swref/published/pascal/gp100/dev_fault.h   |    41 +
 .../inc/swref/published/pascal/gp100/dev_fb.h      |    69 +
 .../published/pascal/gp100/dev_graphics_nobundle.h |    32 +
 .../inc/swref/published/pascal/gp100/dev_mmu.h     |   158 +
 .../inc/swref/published/pascal/gp100/dev_ram.h     |    53 +
 .../inc/swref/published/pascal/gp102/dev_boot.h    |    75 +
 .../inc/swref/published/pascal/gp102/dev_fb.h      |    32 +
 .../inc/swref/published/pascal/gp102/dev_nv_xp.h   |    29 +
 .../inc/swref/published/pascal/gp102/dev_nv_xve.h  |    37 +
 .../published/pascal/gp102/dev_nv_xve_addendum.h   |    28 +
 .../inc/swref/published/pascal/gp102/dev_pbdma.h   |    27 +
 .../swref/published/pcie_switch/pcie_switch_ref.h  |    66 +
 .../published/turing/tu102/dev_access_counter.h    |    27 +
 .../inc/swref/published/turing/tu102/dev_boot.h    |   122 +
 .../inc/swref/published/turing/tu102/dev_bus.h     |    82 +
 .../inc/swref/published/turing/tu102/dev_ce.h      |    31 +
 .../inc/swref/published/turing/tu102/dev_ctrl.h    |    86 +
 .../swref/published/turing/tu102/dev_ctxsw_prog.h  |    29 +
 .../swref/published/turing/tu102/dev_ext_devices.h |    29 +
 .../swref/published/turing/tu102/dev_falcon_v4.h   |   127 +
 .../inc/swref/published/turing/tu102/dev_fault.h   |   149 +
 .../inc/swref/published/turing/tu102/dev_fb.h      |    74 +
 .../swref/published/turing/tu102/dev_fb_addendum.h |    29 +
 .../inc/swref/published/turing/tu102/dev_fbif_v4.h |    37 +
 .../inc/swref/published/turing/tu102/dev_fbpa.h    |    29 +
 .../inc/swref/published/turing/tu102/dev_fuse.h    |    35 +
 .../swref/published/turing/tu102/dev_gc6_island.h  |    37 +
 .../turing/tu102/dev_gc6_island_addendum.h         |    38 +
 .../inc/swref/published/turing/tu102/dev_gsp.h     |    59 +
 .../published/turing/tu102/dev_gsp_addendum.h      |    28 +
 .../inc/swref/published/turing/tu102/dev_ltc.h     |    33 +
 .../inc/swref/published/turing/tu102/dev_mmu.h     |   119 +
 .../turing/tu102/dev_nv_pcfg_xve_regmap.h          |    69 +
 .../inc/swref/published/turing/tu102/dev_nv_xve.h  |    55 +
 .../swref/published/turing/tu102/dev_nv_xve3g_vf.h |    36 +
 .../published/turing/tu102/dev_nvdec_addendum.h    |    29 +
 .../swref/published/turing/tu102/dev_nvdec_pri.h   |    29 +
 .../inc/swref/published/turing/tu102/dev_ram.h     |    27 +
 .../swref/published/turing/tu102/dev_riscv_pri.h   |    34 +
 .../published/turing/tu102/dev_sec_addendum.h      |    29 +
 .../inc/swref/published/turing/tu102/dev_sec_pri.h |    38 +
 .../inc/swref/published/turing/tu102/dev_timer.h   |    30 +
 .../inc/swref/published/turing/tu102/dev_vm.h      |   278 +
 .../swref/published/turing/tu102/dev_vm_addendum.h |    46 +
 .../inc/swref/published/turing/tu102/hwproject.h   |    34 +
 .../inc/swref/published/turing/tu102/kind_macros.h |    36 +
 .../inc/swref/published/turing/tu104/dev_timer.h   |    29 +
 .../inc/swref/published/volta/gv100/dev_boot.h     |   105 +
 .../inc/swref/published/volta/gv100/dev_fault.h    |    65 +
 .../inc/swref/published/volta/gv100/dev_fb.h       |   213 +
 .../swref/published/volta/gv100/dev_fb_addendum.h  |    34 +
 .../published/volta/gv100/dev_graphics_nobundle.h  |    30 +
 .../inc/swref/published/volta/gv100/dev_mmu.h      |   101 +
 .../inc/swref/published/volta/gv100/dev_pbdma.h    |    28 +
 .../inc/swref/published/volta/gv100/dev_ram.h      |    68 +
 .../inc/swref/published/volta/gv100/dev_timer.h    |    33 +
 .../inc/swref/published/volta/gv100/dev_usermode.h |    30 +
 .../inc/swref/published/volta/gv11b/dev_boot.h     |    66 +
 .../modeset/hdmipacket/nvhdmi_frlInterface.h       |   268 +
 src/common/modeset/hdmipacket/nvhdmipkt.c          |   729 +
 src/common/modeset/hdmipacket/nvhdmipkt.h          |   454 +
 src/common/modeset/hdmipacket/nvhdmipkt_0073.c     |   422 +
 src/common/modeset/hdmipacket/nvhdmipkt_9171.c     |   834 +
 src/common/modeset/hdmipacket/nvhdmipkt_9271.c     |    71 +
 src/common/modeset/hdmipacket/nvhdmipkt_9471.c     |    71 +
 src/common/modeset/hdmipacket/nvhdmipkt_9571.c     |    71 +
 src/common/modeset/hdmipacket/nvhdmipkt_C371.c     |    71 +
 src/common/modeset/hdmipacket/nvhdmipkt_C671.c     |  1409 +
 src/common/modeset/hdmipacket/nvhdmipkt_C771.c     |   347 +
 src/common/modeset/hdmipacket/nvhdmipkt_C871.c     |   641 +
 src/common/modeset/hdmipacket/nvhdmipkt_C971.c     |   204 +
 src/common/modeset/hdmipacket/nvhdmipkt_CA71.c     |    65 +
 src/common/modeset/hdmipacket/nvhdmipkt_class.h    |   199 +
 src/common/modeset/hdmipacket/nvhdmipkt_common.h   |   132 +
 src/common/modeset/hdmipacket/nvhdmipkt_internal.h |    82 +
 src/common/modeset/timing/displayid.h              |   776 +
 src/common/modeset/timing/displayid20.h            |   797 +
 src/common/modeset/timing/dpsdp.h                  |   376 +
 src/common/modeset/timing/edid.h                   |   352 +
 src/common/modeset/timing/nvt_cvt.c                |   672 +
 src/common/modeset/timing/nvt_displayid20.c        |  2012 ++
 src/common/modeset/timing/nvt_dmt.c                |   347 +
 src/common/modeset/timing/nvt_dsc_pps.c            |  2763 ++
 src/common/modeset/timing/nvt_dsc_pps.h            |   342 +
 src/common/modeset/timing/nvt_edid.c               |  3211 +++
 src/common/modeset/timing/nvt_edidext_861.c        |  4086 +++
 src/common/modeset/timing/nvt_edidext_displayid.c  |  1384 +
 .../modeset/timing/nvt_edidext_displayid20.c       |   436 +
 src/common/modeset/timing/nvt_gtf.c                |   138 +
 src/common/modeset/timing/nvt_ovt.c                |   295 +
 src/common/modeset/timing/nvt_tv.c                 |   192 +
 src/common/modeset/timing/nvt_util.c               |   464 +
 src/common/modeset/timing/nvtiming.h               |  5942 ++++
 src/common/modeset/timing/nvtiming_pvt.h           |   170 +
 .../inband/interface/nvlink_inband_drv_header.h    |    67 +
 .../nvlink/inband/interface/nvlink_inband_msg.h    |   333 +
 src/common/nvlink/interface/nvlink.h               |   641 +
 src/common/nvlink/interface/nvlink_common.h        |   174 +
 src/common/nvlink/interface/nvlink_errors.h        |    47 +
 src/common/nvlink/interface/nvlink_export.h        |    58 +
 src/common/nvlink/interface/nvlink_lib_ctrl.h      |  1175 +
 src/common/nvlink/interface/nvlink_lock.h          |    90 +
 src/common/nvlink/interface/nvlink_os.h            |    90 +
 .../nvlink/kernel/nvlink/core/nvlink_conn_mgmt.c   |   586 +
 .../nvlink/kernel/nvlink/core/nvlink_discovery.c   |   399 +
 .../nvlink/kernel/nvlink/core/nvlink_initialize.c  |  1822 ++
 .../nvlink/kernel/nvlink/core/nvlink_ioctl.c       |   751 +
 .../nvlink/kernel/nvlink/core/nvlink_link_mgmt.c   |   539 +
 .../nvlink/kernel/nvlink/core/nvlink_logger.c      |   120 +
 .../nvlink/kernel/nvlink/core/nvlink_shutdown.c    |  1110 +
 .../nvlink/kernel/nvlink/core/nvlink_training.c    |  1424 +
 .../kernel/nvlink/interface/nvlink_ioctl_entry.c   |  3810 +++
 .../interface/nvlink_kern_device_mgmt_entry.c      |    95 +
 .../nvlink/interface/nvlink_kern_discovery_entry.c |   283 +
 .../interface/nvlink_kern_initialize_entry.c       |   128 +
 .../nvlink/interface/nvlink_kern_link_mgmt_entry.c |   387 +
 .../interface/nvlink_kern_registration_entry.c     |   508 +
 .../nvlink/interface/nvlink_kern_shutdown_entry.c  |   940 +
 .../nvlink/interface/nvlink_kern_training_entry.c  |   869 +
 src/common/nvlink/kernel/nvlink/nvlink_ctx.h       |    90 +
 src/common/nvlink/kernel/nvlink/nvlink_helper.h    |   413 +
 src/common/nvlink/kernel/nvlink/nvlink_lib_mgmt.c  |   250 +
 src/common/nvlink/kernel/nvlink/nvlink_lock.c      |   482 +
 .../nvswitch/common/inc/rmflcncmdif_nvswitch.h     |    56 +
 src/common/nvswitch/common/inc/rmsoecmdif.h        |   162 +
 .../nvswitch/common/inc/smbpbi_shared_nvswitch.h   |    85 +
 src/common/nvswitch/common/inc/soe/cci/cci_cmis.h  |   142 +
 .../common/inc/soe/cci/cci_onboard_phases.h        |    56 +
 .../nvswitch/common/inc/soe/cci/cpld_machx03.h     |    83 +
 src/common/nvswitch/common/inc/soe/soebif.h        |   131 +
 src/common/nvswitch/common/inc/soe/soeifcci.h      |   101 +
 src/common/nvswitch/common/inc/soe/soeifchnmgmt.h  |   134 +
 src/common/nvswitch/common/inc/soe/soeifcmn.h      |   178 +
 src/common/nvswitch/common/inc/soe/soeifcore.h     |   449 +
 .../nvswitch/common/inc/soe/soeifheartbeat.h       |    58 +
 src/common/nvswitch/common/inc/soe/soeififr.h      |   199 +
 src/common/nvswitch/common/inc/soe/soeifsmbpbi.h   |   154 +
 src/common/nvswitch/common/inc/soe/soeifsoe.h      |   117 +
 src/common/nvswitch/common/inc/soe/soeifspi.h      |    38 +
 src/common/nvswitch/common/inc/soe/soeiftest.h     |   111 +
 src/common/nvswitch/common/inc/soe/soeiftherm.h    |   173 +
 src/common/nvswitch/common/inc/soe/soeiftnvl.h     |   164 +
 src/common/nvswitch/interface/ctrl_dev_nvswitch.h  |  4701 +++
 src/common/nvswitch/interface/export_nvswitch.h    |  1029 +
 .../nvswitch/interface/ioctl_common_nvswitch.h     |   127 +
 src/common/nvswitch/kernel/bios_nvswitch.c         |   242 +
 src/common/nvswitch/kernel/cci/cables/cci_common.c |  1541 +
 src/common/nvswitch/kernel/cci/cables/cci_copper.c |   166 +
 src/common/nvswitch/kernel/cci/cables/cci_direct.c |    45 +
 src/common/nvswitch/kernel/cci/cables/cci_error.c  |   284 +
 .../nvswitch/kernel/cci/cables/cci_optical.c       |   930 +
 .../nvswitch/kernel/cci/cci_cdb_async_nvswitch.c   |   475 +
 src/common/nvswitch/kernel/cci/cci_nvswitch.c      |  3067 ++
 src/common/nvswitch/kernel/error_nvswitch.c        |   582 +
 .../nvswitch/kernel/flcn/flcn_call_hal_nvswitch.c  |   768 +
 src/common/nvswitch/kernel/flcn/flcn_nvswitch.c    |   547 +
 .../kernel/flcn/flcnable_call_hal_nvswitch.c       |   219 +
 .../nvswitch/kernel/flcn/flcnable_nvswitch.c       |   359 +
 .../nvswitch/kernel/flcn/flcndmem_nvswitch.c       |    48 +
 .../nvswitch/kernel/flcn/flcnqueue_dmem_nvswitch.c |   723 +
 .../nvswitch/kernel/flcn/flcnqueue_fb_nvswitch.c   |    56 +
 .../nvswitch/kernel/flcn/flcnqueue_nvswitch.c      |  1664 ++
 .../nvswitch/kernel/flcn/flcnqueuerd_nvswitch.c    |   441 +
 .../nvswitch/kernel/flcn/flcnrtosdebug_nvswitch.c  |   129 +
 .../nvswitch/kernel/flcn/v03/flcn0300_nvswitch.c   |    88 +
 .../nvswitch/kernel/flcn/v04/flcn0400_nvswitch.c   |    47 +
 .../nvswitch/kernel/flcn/v05/flcn0501_nvswitch.c   |    48 +
 .../nvswitch/kernel/flcn/v06/flcn0600_nvswitch.c   |    48 +
 src/common/nvswitch/kernel/fsprpc_nvswitch.c       |   463 +
 src/common/nvswitch/kernel/inc/bios_nvswitch.h     |    33 +
 src/common/nvswitch/kernel/inc/boards_nvswitch.h   |    54 +
 .../nvswitch/kernel/inc/cci/cci_cables_nvswitch.h  |   122 +
 .../kernel/inc/cci/cci_cdb_async_nvswitch.h        |    55 +
 src/common/nvswitch/kernel/inc/cci/cci_nvswitch.h  |   118 +
 .../nvswitch/kernel/inc/cci/cci_priv_nvswitch.h    |   132 +
 src/common/nvswitch/kernel/inc/common_nvswitch.h   |   647 +
 src/common/nvswitch/kernel/inc/error_nvswitch.h    |   242 +
 .../nvswitch/kernel/inc/flcn/flcn_nvswitch.h       |   443 +
 .../nvswitch/kernel/inc/flcn/flcnable_nvswitch.h   |    93 +
 .../nvswitch/kernel/inc/flcn/flcnqueue_nvswitch.h  |   268 +
 .../kernel/inc/flcn/flcnrtosdebug_nvswitch.h       |    38 +
 .../kernel/inc/flcn/haldefs_flcn_nvswitch.h        |   112 +
 .../kernel/inc/flcn/haldefs_flcnable_nvswitch.h    |   112 +
 src/common/nvswitch/kernel/inc/fsprpc_nvswitch.h   |    98 +
 src/common/nvswitch/kernel/inc/haldef_nvswitch.h   |   375 +
 .../kernel/inc/inforom/inforom_nvl_v3_nvswitch.h   |    94 +
 .../kernel/inc/inforom/inforom_nvl_v4_nvswitch.h   |    37 +
 .../nvswitch/kernel/inc/inforom/inforom_nvswitch.h |   192 +
 src/common/nvswitch/kernel/inc/intr_nvswitch.h     |   212 +
 src/common/nvswitch/kernel/inc/io_nvswitch.h       |   438 +
 src/common/nvswitch/kernel/inc/ipmi/fru_nvswitch.h |    84 +
 src/common/nvswitch/kernel/inc/lr10/cci_lr10.h     |    52 +
 src/common/nvswitch/kernel/inc/lr10/clock_lr10.h   |    64 +
 src/common/nvswitch/kernel/inc/lr10/inforom_lr10.h |   180 +
 src/common/nvswitch/kernel/inc/lr10/lr10.h         |   714 +
 src/common/nvswitch/kernel/inc/lr10/minion_lr10.h  |    96 +
 .../inc/lr10/minion_production_ucode_lr10_dbg.h    |  1594 ++
 .../inc/lr10/minion_production_ucode_lr10_prod.h   |  1594 ++
 src/common/nvswitch/kernel/inc/lr10/pmgr_lr10.h    |    68 +
 src/common/nvswitch/kernel/inc/lr10/smbpbi_lr10.h  |    91 +
 src/common/nvswitch/kernel/inc/lr10/soe_lr10.h     |    67 +
 src/common/nvswitch/kernel/inc/lr10/therm_lr10.h   |    72 +
 src/common/nvswitch/kernel/inc/ls10/cci_ls10.h     |    58 +
 src/common/nvswitch/kernel/inc/ls10/clock_ls10.h   |    45 +
 src/common/nvswitch/kernel/inc/ls10/gfw_ls10.h     |    49 +
 src/common/nvswitch/kernel/inc/ls10/inforom_ls10.h |   164 +
 src/common/nvswitch/kernel/inc/ls10/ls10.h         |  1073 +
 src/common/nvswitch/kernel/inc/ls10/minion_ls10.h  |    80 +
 .../inc/ls10/minion_nvlink_defines_public_ls10.h   |    54 +
 .../nvswitch/kernel/inc/ls10/multicast_ls10.h      |   131 +
 src/common/nvswitch/kernel/inc/ls10/pmgr_ls10.h    |    68 +
 src/common/nvswitch/kernel/inc/ls10/smbpbi_ls10.h  |    91 +
 src/common/nvswitch/kernel/inc/ls10/soe_ls10.h     |    58 +
 src/common/nvswitch/kernel/inc/ls10/sugen_ls10.h   |    77 +
 src/common/nvswitch/kernel/inc/ls10/therm_ls10.h   |    66 +
 src/common/nvswitch/kernel/inc/pmgr_nvswitch.h     |   323 +
 src/common/nvswitch/kernel/inc/regkey_nvswitch.h   |   686 +
 src/common/nvswitch/kernel/inc/rom_nvswitch.h      |   885 +
 src/common/nvswitch/kernel/inc/smbpbi_nvswitch.h   |    60 +
 .../nvswitch/kernel/inc/soe/bin/g_soeuc_lr10_dbg.h |  2367 ++
 .../nvswitch/kernel/inc/soe/bin/g_soeuc_lr10_prd.h |  2367 ++
 .../nvswitch/kernel/inc/soe/haldefs_soe_nvswitch.h |   125 +
 src/common/nvswitch/kernel/inc/soe/soe_nvswitch.h  |    61 +
 .../nvswitch/kernel/inc/soe/soe_priv_nvswitch.h    |    65 +
 src/common/nvswitch/kernel/inc/spi_nvswitch.h      |    28 +
 .../nvswitch/kernel/inforom/ifrbbx_nvswitch.c      |   150 +
 .../nvswitch/kernel/inforom/ifrecc_nvswitch.c      |   267 +
 .../nvswitch/kernel/inforom/ifrnvlink_nvswitch.c   |   466 +
 .../nvswitch/kernel/inforom/ifroms_nvswitch.c      |   209 +
 .../nvswitch/kernel/inforom/ifrro_nvswitch.c       |    81 +
 .../kernel/inforom/inforom_nvl_v3_nvswitch.c       |   619 +
 .../kernel/inforom/inforom_nvl_v4_nvswitch.c       |   108 +
 .../nvswitch/kernel/inforom/inforom_nvswitch.c     |  1183 +
 src/common/nvswitch/kernel/ipmi/fru_nvswitch.c     |   158 +
 src/common/nvswitch/kernel/lr10/cci_lr10.c         |   258 +
 src/common/nvswitch/kernel/lr10/clock_lr10.c       |   374 +
 src/common/nvswitch/kernel/lr10/discovery_lr10.c   |  1470 +
 src/common/nvswitch/kernel/lr10/flcn_lr10.c        |   335 +
 src/common/nvswitch/kernel/lr10/inforom_lr10.c     |  1294 +
 src/common/nvswitch/kernel/lr10/intr_lr10.c        |  6104 ++++
 src/common/nvswitch/kernel/lr10/link_lr10.c        |  2712 ++
 src/common/nvswitch/kernel/lr10/lr10.c             |  8359 ++++++
 src/common/nvswitch/kernel/lr10/minion_lr10.c      |  1390 +
 src/common/nvswitch/kernel/lr10/pmgr_lr10.c        |   336 +
 src/common/nvswitch/kernel/lr10/smbpbi_lr10.c      |   633 +
 src/common/nvswitch/kernel/lr10/soe_lr10.c         |  2610 ++
 src/common/nvswitch/kernel/lr10/therm_lr10.c       |   326 +
 src/common/nvswitch/kernel/ls10/cci_ls10.c         |  1738 ++
 src/common/nvswitch/kernel/ls10/clock_ls10.c       |   195 +
 src/common/nvswitch/kernel/ls10/discovery_ls10.c   |  1391 +
 src/common/nvswitch/kernel/ls10/flcn_ls10.c        |   517 +
 src/common/nvswitch/kernel/ls10/fsprpc_ls10.c      |   609 +
 src/common/nvswitch/kernel/ls10/heartbeat_ls10.c   |    86 +
 src/common/nvswitch/kernel/ls10/inforom_ls10.c     |  1036 +
 src/common/nvswitch/kernel/ls10/intr_ls10.c        |  8976 ++++++
 src/common/nvswitch/kernel/ls10/link_ls10.c        |  2222 ++
 src/common/nvswitch/kernel/ls10/ls10.c             |  6886 +++++
 src/common/nvswitch/kernel/ls10/minion_ls10.c      |   982 +
 src/common/nvswitch/kernel/ls10/multicast_ls10.c   |  1412 +
 src/common/nvswitch/kernel/ls10/pmgr_ls10.c        |   408 +
 src/common/nvswitch/kernel/ls10/smbpbi_ls10.c      |   224 +
 src/common/nvswitch/kernel/ls10/soe_ls10.c         |  1880 ++
 src/common/nvswitch/kernel/ls10/sugen_ls10.c       |  1523 +
 src/common/nvswitch/kernel/ls10/therm_ls10.c       |   641 +
 src/common/nvswitch/kernel/ls10/tnvl_ls10.c        |  1266 +
 src/common/nvswitch/kernel/nvswitch.c              |  6699 +++++
 src/common/nvswitch/kernel/pmgr_nvswitch.c         |   106 +
 src/common/nvswitch/kernel/rom_nvswitch.c          |  1085 +
 src/common/nvswitch/kernel/smbpbi_nvswitch.c       |   214 +
 .../nvswitch/kernel/soe/soe_call_hal_nvswitch.c    |   394 +
 src/common/nvswitch/kernel/soe/soe_nvswitch.c      |   268 +
 src/common/nvswitch/kernel/spi_nvswitch.c          |    69 +
 src/common/sdk/nvidia/inc/Nvcm.h                   |    71 +
 .../nvidia/inc/alloc/alloc_access_counter_buffer.h |    51 +
 src/common/sdk/nvidia/inc/alloc/alloc_channel.h    |   345 +
 src/common/sdk/nvidia/inc/cc_drv.h                 |   101 +
 src/common/sdk/nvidia/inc/class/cl0000.h           |    53 +
 .../sdk/nvidia/inc/class/cl0000_notification.h     |    60 +
 src/common/sdk/nvidia/inc/class/cl0001.h           |    37 +
 src/common/sdk/nvidia/inc/class/cl0002.h           |    51 +
 src/common/sdk/nvidia/inc/class/cl0004.h           |    50 +
 src/common/sdk/nvidia/inc/class/cl0005.h           |    58 +
 .../sdk/nvidia/inc/class/cl0005_notification.h     |    51 +
 src/common/sdk/nvidia/inc/class/cl000f.h           |    55 +
 src/common/sdk/nvidia/inc/class/cl0020.h           |    31 +
 src/common/sdk/nvidia/inc/class/cl0030.h           |    51 +
 src/common/sdk/nvidia/inc/class/cl003e.h           |    51 +
 src/common/sdk/nvidia/inc/class/cl003f.h           |    58 +
 src/common/sdk/nvidia/inc/class/cl0040.h           |    55 +
 src/common/sdk/nvidia/inc/class/cl0041.h           |    45 +
 src/common/sdk/nvidia/inc/class/cl0042.h           |    39 +
 src/common/sdk/nvidia/inc/class/cl0050.h           |    75 +
 src/common/sdk/nvidia/inc/class/cl0060.h           |    39 +
 src/common/sdk/nvidia/inc/class/cl0070.h           |    73 +
 src/common/sdk/nvidia/inc/class/cl0071.h           |    38 +
 src/common/sdk/nvidia/inc/class/cl0073.h           |    56 +
 src/common/sdk/nvidia/inc/class/cl0076.h           |    38 +
 src/common/sdk/nvidia/inc/class/cl007d.h           |    64 +
 src/common/sdk/nvidia/inc/class/cl0080.h           |    64 +
 .../sdk/nvidia/inc/class/cl0080_notification.h     |    45 +
 src/common/sdk/nvidia/inc/class/cl0090.h           |    32 +
 src/common/sdk/nvidia/inc/class/cl0092.h           |    72 +
 src/common/sdk/nvidia/inc/class/cl0092_callback.h  |    28 +
 src/common/sdk/nvidia/inc/class/cl00b1.h           |    28 +
 src/common/sdk/nvidia/inc/class/cl00c1.h           |    65 +
 src/common/sdk/nvidia/inc/class/cl00c2.h           |    41 +
 src/common/sdk/nvidia/inc/class/cl00c3.h           |    43 +
 src/common/sdk/nvidia/inc/class/cl00da.h           |    85 +
 src/common/sdk/nvidia/inc/class/cl00db.h           |    43 +
 src/common/sdk/nvidia/inc/class/cl00de.h           |   427 +
 src/common/sdk/nvidia/inc/class/cl00e0.h           |   111 +
 src/common/sdk/nvidia/inc/class/cl00f1.h           |    64 +
 src/common/sdk/nvidia/inc/class/cl00f2.h           |    38 +
 src/common/sdk/nvidia/inc/class/cl00f3.h           |    75 +
 src/common/sdk/nvidia/inc/class/cl00f8.h           |   123 +
 src/common/sdk/nvidia/inc/class/cl00f9.h           |    82 +
 src/common/sdk/nvidia/inc/class/cl00fb.h           |    71 +
 src/common/sdk/nvidia/inc/class/cl00fc.h           |    39 +
 src/common/sdk/nvidia/inc/class/cl00fd.h           |    98 +
 src/common/sdk/nvidia/inc/class/cl00fe.h           |    53 +
 src/common/sdk/nvidia/inc/class/cl0100.h           |    51 +
 src/common/sdk/nvidia/inc/class/cl0101.h           |    39 +
 src/common/sdk/nvidia/inc/class/cl2080.h           |    46 +
 .../sdk/nvidia/inc/class/cl2080_notification.h     |   618 +
 src/common/sdk/nvidia/inc/class/cl2081.h           |    40 +
 src/common/sdk/nvidia/inc/class/cl2082.h           |    40 +
 src/common/sdk/nvidia/inc/class/cl208f.h           |    53 +
 src/common/sdk/nvidia/inc/class/cl30f1.h           |    56 +
 .../sdk/nvidia/inc/class/cl30f1_notification.h     |    74 +
 src/common/sdk/nvidia/inc/class/cl402c.h           |    47 +
 src/common/sdk/nvidia/inc/class/cl503b.h           |    75 +
 src/common/sdk/nvidia/inc/class/cl503c.h           |    47 +
 src/common/sdk/nvidia/inc/class/cl506f.h           |   157 +
 src/common/sdk/nvidia/inc/class/cl5070.h           |    44 +
 .../sdk/nvidia/inc/class/cl5070_notification.h     |    45 +
 src/common/sdk/nvidia/inc/class/cl5080.h           |    46 +
 .../sdk/nvidia/inc/class/cl5080_notification.h     |    43 +
 src/common/sdk/nvidia/inc/class/cl50a0.h           |    38 +
 src/common/sdk/nvidia/inc/class/cl83de.h           |    56 +
 src/common/sdk/nvidia/inc/class/cl844c.h           |    47 +
 src/common/sdk/nvidia/inc/class/cl84a0.h           |   110 +
 .../sdk/nvidia/inc/class/cl84a0_deprecated.h       |    90 +
 src/common/sdk/nvidia/inc/class/cl85b5sw.h         |    38 +
 src/common/sdk/nvidia/inc/class/cl900e.h           |    39 +
 src/common/sdk/nvidia/inc/class/cl9010.h           |    45 +
 src/common/sdk/nvidia/inc/class/cl9010_callback.h  |    27 +
 src/common/sdk/nvidia/inc/class/cl902d.h           |  1092 +
 src/common/sdk/nvidia/inc/class/cl9067.h           |    39 +
 src/common/sdk/nvidia/inc/class/cl906f.h           |   242 +
 src/common/sdk/nvidia/inc/class/cl906fsw.h         |    42 +
 src/common/sdk/nvidia/inc/class/cl9072.h           |    46 +
 .../sdk/nvidia/inc/class/cl9072_notification.h     |    39 +
 src/common/sdk/nvidia/inc/class/cl9074.h           |    51 +
 src/common/sdk/nvidia/inc/class/cl907dswspare.h    |    37 +
 src/common/sdk/nvidia/inc/class/cl9096.h           |    40 +
 src/common/sdk/nvidia/inc/class/cl9097.h           |  3815 +++
 src/common/sdk/nvidia/inc/class/cl90cc.h           |    48 +
 src/common/sdk/nvidia/inc/class/cl90cd.h           |   237 +
 src/common/sdk/nvidia/inc/class/cl90cdfecs.h       |   112 +
 src/common/sdk/nvidia/inc/class/cl90cdtrace.h      |    66 +
 src/common/sdk/nvidia/inc/class/cl90cdtypes.h      |    49 +
 src/common/sdk/nvidia/inc/class/cl90cdvideo.h      |   129 +
 src/common/sdk/nvidia/inc/class/cl90ce.h           |    42 +
 src/common/sdk/nvidia/inc/class/cl90e6.h           |    43 +
 src/common/sdk/nvidia/inc/class/cl90e7.h           |    38 +
 src/common/sdk/nvidia/inc/class/cl90ec.h           |    46 +
 src/common/sdk/nvidia/inc/class/cl90f1.h           |    39 +
 src/common/sdk/nvidia/inc/class/cl9170.h           |    41 +
 src/common/sdk/nvidia/inc/class/cl9171.h           |   317 +
 src/common/sdk/nvidia/inc/class/cl917a.h           |    57 +
 src/common/sdk/nvidia/inc/class/cl917b.h           |    61 +
 src/common/sdk/nvidia/inc/class/cl917c.h           |   298 +
 src/common/sdk/nvidia/inc/class/cl917cswspare.h    |    37 +
 src/common/sdk/nvidia/inc/class/cl917d.h           |  1551 +
 src/common/sdk/nvidia/inc/class/cl917dcrcnotif.h   |    45 +
 src/common/sdk/nvidia/inc/class/cl917e.h           |   265 +
 src/common/sdk/nvidia/inc/class/cl9270.h           |    41 +
 src/common/sdk/nvidia/inc/class/cl9271.h           |   317 +
 src/common/sdk/nvidia/inc/class/cl927c.h           |   299 +
 src/common/sdk/nvidia/inc/class/cl927d.h           |  1556 +
 src/common/sdk/nvidia/inc/class/cl9470.h           |    41 +
 src/common/sdk/nvidia/inc/class/cl9471.h           |   317 +
 src/common/sdk/nvidia/inc/class/cl947d.h           |  1606 ++
 src/common/sdk/nvidia/inc/class/cl9570.h           |    41 +
 src/common/sdk/nvidia/inc/class/cl9571.h           |   317 +
 src/common/sdk/nvidia/inc/class/cl957d.h           |  1602 ++
 src/common/sdk/nvidia/inc/class/cl9770.h           |    41 +
 src/common/sdk/nvidia/inc/class/cl977d.h           |  1587 ++
 src/common/sdk/nvidia/inc/class/cl9870.h           |    41 +
 src/common/sdk/nvidia/inc/class/cl987d.h           |  1590 ++
 src/common/sdk/nvidia/inc/class/cla06c.h           |    39 +
 src/common/sdk/nvidia/inc/class/cla06f.h           |   240 +
 src/common/sdk/nvidia/inc/class/cla06fsubch.h      |    33 +
 src/common/sdk/nvidia/inc/class/cla06fsw.h         |    41 +
 src/common/sdk/nvidia/inc/class/cla080.h           |    32 +
 src/common/sdk/nvidia/inc/class/cla081.h           |    44 +
 src/common/sdk/nvidia/inc/class/cla084.h           |    81 +
 .../sdk/nvidia/inc/class/cla084_notification.h     |    56 +
 src/common/sdk/nvidia/inc/class/cla097.h           |  3817 +++
 src/common/sdk/nvidia/inc/class/cla0b0.h           |    39 +
 src/common/sdk/nvidia/inc/class/cla0b5.h           |   262 +
 src/common/sdk/nvidia/inc/class/cla0bc.h           |   209 +
 src/common/sdk/nvidia/inc/class/cla0bd.h           |    81 +
 src/common/sdk/nvidia/inc/class/cla0c0.h           |   646 +
 src/common/sdk/nvidia/inc/class/cla0c0qmd.h        |   658 +
 src/common/sdk/nvidia/inc/class/cla140.h           |    29 +
 src/common/sdk/nvidia/inc/class/cla16f.h           |   254 +
 src/common/sdk/nvidia/inc/class/cla16fsw.h         |    41 +
 src/common/sdk/nvidia/inc/class/cla197.h           |  3826 +++
 src/common/sdk/nvidia/inc/class/cla1c0.h           |   669 +
 src/common/sdk/nvidia/inc/class/cla26f.h           |   254 +
 src/common/sdk/nvidia/inc/class/clb069.h           |    64 +
 src/common/sdk/nvidia/inc/class/clb069sw.h         |    38 +
 src/common/sdk/nvidia/inc/class/clb06f.h           |   260 +
 src/common/sdk/nvidia/inc/class/clb06fsw.h         |    42 +
 src/common/sdk/nvidia/inc/class/clb097.h           |  3966 +++
 src/common/sdk/nvidia/inc/class/clb097tex.h        |  2050 ++
 src/common/sdk/nvidia/inc/class/clb0b0.h           |    39 +
 src/common/sdk/nvidia/inc/class/clb0b5.h           |   261 +
 src/common/sdk/nvidia/inc/class/clb0b5sw.h         |    54 +
 src/common/sdk/nvidia/inc/class/clb0c0.h           |   720 +
 src/common/sdk/nvidia/inc/class/clb0cc.h           |    46 +
 src/common/sdk/nvidia/inc/class/clb197.h           |  4160 +++
 src/common/sdk/nvidia/inc/class/clb1c0.h           |   750 +
 src/common/sdk/nvidia/inc/class/clb1cc.h           |    50 +
 src/common/sdk/nvidia/inc/class/clb2cc.h           |    60 +
 src/common/sdk/nvidia/inc/class/clb4b7.h           |    40 +
 src/common/sdk/nvidia/inc/class/clb6b0.h           |    39 +
 src/common/sdk/nvidia/inc/class/clb8b0.h           |    27 +
 src/common/sdk/nvidia/inc/class/clb8d1.h           |    27 +
 src/common/sdk/nvidia/inc/class/clb8fa.h           |    29 +
 src/common/sdk/nvidia/inc/class/clc06f.h           |   312 +
 src/common/sdk/nvidia/inc/class/clc06fsw.h         |    44 +
 src/common/sdk/nvidia/inc/class/clc076.h           |    82 +
 src/common/sdk/nvidia/inc/class/clc097.h           |  4191 +++
 src/common/sdk/nvidia/inc/class/clc097tex.h        |  1353 +
 src/common/sdk/nvidia/inc/class/clc0b5.h           |   261 +
 src/common/sdk/nvidia/inc/class/clc0b5sw.h         |    54 +
 src/common/sdk/nvidia/inc/class/clc0b7.h           |    40 +
 src/common/sdk/nvidia/inc/class/clc0c0.h           |   777 +
 src/common/sdk/nvidia/inc/class/clc197.h           |  4242 +++
 src/common/sdk/nvidia/inc/class/clc1b0.h           |    40 +
 src/common/sdk/nvidia/inc/class/clc1b5.h           |   273 +
 src/common/sdk/nvidia/inc/class/clc1b5sw.h         |    54 +
 src/common/sdk/nvidia/inc/class/clc1b7.h           |    40 +
 src/common/sdk/nvidia/inc/class/clc1c0.h           |   795 +
 src/common/sdk/nvidia/inc/class/clc2b0.h           |    39 +
 src/common/sdk/nvidia/inc/class/clc2b7.h           |    40 +
 src/common/sdk/nvidia/inc/class/clc361.h           |    35 +
 src/common/sdk/nvidia/inc/class/clc365.h           |    88 +
 src/common/sdk/nvidia/inc/class/clc369.h           |    77 +
 src/common/sdk/nvidia/inc/class/clc36f.h           |   366 +
 src/common/sdk/nvidia/inc/class/clc36fsw.h         |    44 +
 src/common/sdk/nvidia/inc/class/clc370.h           |    43 +
 .../sdk/nvidia/inc/class/clc370_notification.h     |    44 +
 src/common/sdk/nvidia/inc/class/clc371.h           |   109 +
 src/common/sdk/nvidia/inc/class/clc372sw.h         |    36 +
 src/common/sdk/nvidia/inc/class/clc373.h           |   350 +
 src/common/sdk/nvidia/inc/class/clc37a.h           |   214 +
 src/common/sdk/nvidia/inc/class/clc37b.h           |    68 +
 src/common/sdk/nvidia/inc/class/clc37d.h           |   953 +
 src/common/sdk/nvidia/inc/class/clc37dcrcnotif.h   |    50 +
 src/common/sdk/nvidia/inc/class/clc37dswspare.h    |    36 +
 src/common/sdk/nvidia/inc/class/clc37e.h           |   498 +
 src/common/sdk/nvidia/inc/class/clc397.h           |  4219 +++
 src/common/sdk/nvidia/inc/class/clc3b0.h           |    39 +
 src/common/sdk/nvidia/inc/class/clc3b5.h           |   278 +
 src/common/sdk/nvidia/inc/class/clc3b5sw.h         |    54 +
 src/common/sdk/nvidia/inc/class/clc3b7.h           |    40 +
 src/common/sdk/nvidia/inc/class/clc3c0.h           |   703 +
 src/common/sdk/nvidia/inc/class/clc461.h           |    29 +
 src/common/sdk/nvidia/inc/class/clc46f.h           |   365 +
 src/common/sdk/nvidia/inc/class/clc46fsw.h         |    44 +
 src/common/sdk/nvidia/inc/class/clc4b0.h           |    40 +
 src/common/sdk/nvidia/inc/class/clc4b7.h           |    40 +
 src/common/sdk/nvidia/inc/class/clc4c0.h           |    34 +
 src/common/sdk/nvidia/inc/class/clc4d1.h           |    40 +
 src/common/sdk/nvidia/inc/class/clc561.h           |    29 +
 src/common/sdk/nvidia/inc/class/clc56f.h           |   367 +
 src/common/sdk/nvidia/inc/class/clc56fsw.h         |    44 +
 src/common/sdk/nvidia/inc/class/clc570.h           |    41 +
 src/common/sdk/nvidia/inc/class/clc572.h           |    39 +
 src/common/sdk/nvidia/inc/class/clc573.h           |   606 +
 src/common/sdk/nvidia/inc/class/clc574.h           |    41 +
 src/common/sdk/nvidia/inc/class/clc57a.h           |   213 +
 src/common/sdk/nvidia/inc/class/clc57b.h           |    67 +
 src/common/sdk/nvidia/inc/class/clc57d.h           |  1277 +
 src/common/sdk/nvidia/inc/class/clc57e.h           |   657 +
 src/common/sdk/nvidia/inc/class/clc57esw.h         |    45 +
 src/common/sdk/nvidia/inc/class/clc58b.h           |    50 +
 src/common/sdk/nvidia/inc/class/clc597.h           |  4352 +++
 src/common/sdk/nvidia/inc/class/clc5b5.h           |   282 +
 src/common/sdk/nvidia/inc/class/clc5b5sw.h         |    54 +
 src/common/sdk/nvidia/inc/class/clc5c0.h           |   732 +
 src/common/sdk/nvidia/inc/class/clc637.h           |    62 +
 src/common/sdk/nvidia/inc/class/clc638.h           |    50 +
 src/common/sdk/nvidia/inc/class/clc639.h           |    48 +
 src/common/sdk/nvidia/inc/class/clc640.h           |    48 +
 src/common/sdk/nvidia/inc/class/clc661.h           |    27 +
 src/common/sdk/nvidia/inc/class/clc670.h           |    41 +
 src/common/sdk/nvidia/inc/class/clc671.h           |   124 +
 src/common/sdk/nvidia/inc/class/clc673.h           |   505 +
 src/common/sdk/nvidia/inc/class/clc67a.h           |   213 +
 src/common/sdk/nvidia/inc/class/clc67b.h           |    67 +
 src/common/sdk/nvidia/inc/class/clc67d.h           |  1337 +
 src/common/sdk/nvidia/inc/class/clc67e.h           |   698 +
 src/common/sdk/nvidia/inc/class/clc697.h           |  4352 +++
 src/common/sdk/nvidia/inc/class/clc6b0.h           |    40 +
 src/common/sdk/nvidia/inc/class/clc6b5.h           |   282 +
 src/common/sdk/nvidia/inc/class/clc6b5sw.h         |    54 +
 src/common/sdk/nvidia/inc/class/clc6c0.h           |   697 +
 src/common/sdk/nvidia/inc/class/clc6fa.h           |    29 +
 src/common/sdk/nvidia/inc/class/clc761.h           |    30 +
 src/common/sdk/nvidia/inc/class/clc763.h           |    29 +
 src/common/sdk/nvidia/inc/class/clc770.h           |    35 +
 src/common/sdk/nvidia/inc/class/clc771.h           |   257 +
 src/common/sdk/nvidia/inc/class/clc773.h           |   667 +
 src/common/sdk/nvidia/inc/class/clc77d.h           |  1372 +
 src/common/sdk/nvidia/inc/class/clc77f.h           |    34 +
 src/common/sdk/nvidia/inc/class/clc797.h           |  4481 +++
 src/common/sdk/nvidia/inc/class/clc7b0.h           |    40 +
 src/common/sdk/nvidia/inc/class/clc7b5.h           |   304 +
 src/common/sdk/nvidia/inc/class/clc7b7.h           |    39 +
 src/common/sdk/nvidia/inc/class/clc7c0.h           |   848 +
 src/common/sdk/nvidia/inc/class/clc7fa.h           |    40 +
 src/common/sdk/nvidia/inc/class/clc86f.h           |   191 +
 src/common/sdk/nvidia/inc/class/clc86fsw.h         |    45 +
 src/common/sdk/nvidia/inc/class/clc870.h           |    41 +
 src/common/sdk/nvidia/inc/class/clc871.h           |   380 +
 src/common/sdk/nvidia/inc/class/clc87d.h           |  1336 +
 src/common/sdk/nvidia/inc/class/clc8b5.h           |   133 +
 src/common/sdk/nvidia/inc/class/clc96f.h           |   111 +
 src/common/sdk/nvidia/inc/class/clc96fsw.h         |    45 +
 src/common/sdk/nvidia/inc/class/clc970.h           |    41 +
 src/common/sdk/nvidia/inc/class/clc971.h           |   329 +
 src/common/sdk/nvidia/inc/class/clc973.h           |   379 +
 src/common/sdk/nvidia/inc/class/clc97a.h           |   168 +
 src/common/sdk/nvidia/inc/class/clc97b.h           |    64 +
 src/common/sdk/nvidia/inc/class/clc97d.h           |  1377 +
 src/common/sdk/nvidia/inc/class/clc97dswspare.h    |    41 +
 src/common/sdk/nvidia/inc/class/clc97e.h           |   740 +
 src/common/sdk/nvidia/inc/class/clc997.h           |  4481 +++
 src/common/sdk/nvidia/inc/class/clc9b0.h           |    29 +
 src/common/sdk/nvidia/inc/class/clc9b5.h           |    29 +
 src/common/sdk/nvidia/inc/class/clc9b7.h           |    29 +
 src/common/sdk/nvidia/inc/class/clc9c0.h           |    29 +
 src/common/sdk/nvidia/inc/class/clc9d1.h           |    31 +
 src/common/sdk/nvidia/inc/class/clc9fa.h           |    32 +
 src/common/sdk/nvidia/inc/class/clca6f.h           |    74 +
 src/common/sdk/nvidia/inc/class/clca6fsw.h         |    45 +
 src/common/sdk/nvidia/inc/class/clca70.h           |    41 +
 src/common/sdk/nvidia/inc/class/clca71.h           |   186 +
 src/common/sdk/nvidia/inc/class/clca73.h           |   915 +
 src/common/sdk/nvidia/inc/class/clca7a.h           |   216 +
 src/common/sdk/nvidia/inc/class/clca7b.h           |    70 +
 src/common/sdk/nvidia/inc/class/clca7d.h           |  2007 ++
 src/common/sdk/nvidia/inc/class/clca7e.h           |   906 +
 src/common/sdk/nvidia/inc/class/clcab5.h           |    44 +
 src/common/sdk/nvidia/inc/class/clcb33.h           |    40 +
 src/common/sdk/nvidia/inc/class/clcb70.h           |    41 +
 src/common/sdk/nvidia/inc/class/clcb71.h           |   186 +
 src/common/sdk/nvidia/inc/class/clcb73.h           |   915 +
 src/common/sdk/nvidia/inc/class/clcb7a.h           |   216 +
 src/common/sdk/nvidia/inc/class/clcb7b.h           |    70 +
 src/common/sdk/nvidia/inc/class/clcb7d.h           |  2007 ++
 src/common/sdk/nvidia/inc/class/clcb7e.h           |   906 +
 src/common/sdk/nvidia/inc/class/clcb97.h           |  4480 +++
 src/common/sdk/nvidia/inc/class/clcb97tex.h        |  2437 ++
 src/common/sdk/nvidia/inc/class/clcba2.h           |   159 +
 src/common/sdk/nvidia/inc/class/clcbc0.h           |    27 +
 src/common/sdk/nvidia/inc/class/clcbca.h           |    39 +
 src/common/sdk/nvidia/inc/class/clcd40.h           |    29 +
 src/common/sdk/nvidia/inc/class/clcd97.h           |    29 +
 src/common/sdk/nvidia/inc/class/clcdb0.h           |    29 +
 src/common/sdk/nvidia/inc/class/clcdc0.h           |    30 +
 src/common/sdk/nvidia/inc/class/clcdd1.h           |    29 +
 src/common/sdk/nvidia/inc/class/clcdfa.h           |    29 +
 src/common/sdk/nvidia/inc/class/clce97.h           |    30 +
 src/common/sdk/nvidia/inc/class/clcec0.h           |    30 +
 src/common/sdk/nvidia/inc/class/clcfb0.h           |    30 +
 src/common/sdk/nvidia/inc/class/clcfb7.h           |    30 +
 src/common/sdk/nvidia/inc/class/clcfd1.h           |    30 +
 src/common/sdk/nvidia/inc/class/clcffa.h           |    30 +
 src/common/sdk/nvidia/inc/class/cld0b7.h           |    40 +
 src/common/sdk/nvidia/inc/cpuopsys.h               |   422 +
 .../sdk/nvidia/inc/ctrl/ctrl0000/ctrl0000base.h    |    68 +
 .../sdk/nvidia/inc/ctrl/ctrl0000/ctrl0000client.h  |   209 +
 .../sdk/nvidia/inc/ctrl/ctrl0000/ctrl0000diag.h    |   324 +
 .../sdk/nvidia/inc/ctrl/ctrl0000/ctrl0000event.h   |   145 +
 .../sdk/nvidia/inc/ctrl/ctrl0000/ctrl0000gpu.h     |  1128 +
 .../sdk/nvidia/inc/ctrl/ctrl0000/ctrl0000gpuacct.h |   255 +
 .../sdk/nvidia/inc/ctrl/ctrl0000/ctrl0000gsync.h   |   101 +
 .../sdk/nvidia/inc/ctrl/ctrl0000/ctrl0000nvd.h     |   636 +
 .../sdk/nvidia/inc/ctrl/ctrl0000/ctrl0000proc.h    |    98 +
 .../inc/ctrl/ctrl0000/ctrl0000syncgpuboost.h       |   112 +
 .../sdk/nvidia/inc/ctrl/ctrl0000/ctrl0000system.h  |  3131 ++
 .../sdk/nvidia/inc/ctrl/ctrl0000/ctrl0000unix.h    |   439 +
 .../sdk/nvidia/inc/ctrl/ctrl0000/ctrl0000vgpu.h    |   224 +
 src/common/sdk/nvidia/inc/ctrl/ctrl0002.h          |   178 +
 src/common/sdk/nvidia/inc/ctrl/ctrl0004.h          |    93 +
 src/common/sdk/nvidia/inc/ctrl/ctrl000f.h          |    85 +
 src/common/sdk/nvidia/inc/ctrl/ctrl0020.h          |    80 +
 src/common/sdk/nvidia/inc/ctrl/ctrl003e.h          |   191 +
 src/common/sdk/nvidia/inc/ctrl/ctrl0041.h          |   453 +
 src/common/sdk/nvidia/inc/ctrl/ctrl0050.h          |   208 +
 src/common/sdk/nvidia/inc/ctrl/ctrl0073.h          |    46 +
 .../sdk/nvidia/inc/ctrl/ctrl0073/ctrl0073base.h    |    61 +
 .../sdk/nvidia/inc/ctrl/ctrl0073/ctrl0073common.h  |   119 +
 .../sdk/nvidia/inc/ctrl/ctrl0073/ctrl0073dfp.h     |  1504 +
 .../sdk/nvidia/inc/ctrl/ctrl0073/ctrl0073dp.h      |  3620 +++
 .../sdk/nvidia/inc/ctrl/ctrl0073/ctrl0073dpu.h     |    32 +
 .../sdk/nvidia/inc/ctrl/ctrl0073/ctrl0073event.h   |   112 +
 .../nvidia/inc/ctrl/ctrl0073/ctrl0073internal.h    |    65 +
 .../sdk/nvidia/inc/ctrl/ctrl0073/ctrl0073psr.h     |    70 +
 .../nvidia/inc/ctrl/ctrl0073/ctrl0073specific.h    |  2105 ++
 .../sdk/nvidia/inc/ctrl/ctrl0073/ctrl0073stereo.h  |   201 +
 .../sdk/nvidia/inc/ctrl/ctrl0073/ctrl0073svp.h     |    32 +
 .../sdk/nvidia/inc/ctrl/ctrl0073/ctrl0073system.h  |  2434 ++
 src/common/sdk/nvidia/inc/ctrl/ctrl0076.h          |    41 +
 src/common/sdk/nvidia/inc/ctrl/ctrl0080.h          |    49 +
 .../sdk/nvidia/inc/ctrl/ctrl0080/ctrl0080base.h    |    73 +
 .../sdk/nvidia/inc/ctrl/ctrl0080/ctrl0080bif.h     |   144 +
 .../sdk/nvidia/inc/ctrl/ctrl0080/ctrl0080bsp.h     |   112 +
 .../sdk/nvidia/inc/ctrl/ctrl0080/ctrl0080cipher.h  |    32 +
 .../sdk/nvidia/inc/ctrl/ctrl0080/ctrl0080dma.h     |   890 +
 .../sdk/nvidia/inc/ctrl/ctrl0080/ctrl0080fb.h      |   264 +
 .../sdk/nvidia/inc/ctrl/ctrl0080/ctrl0080fifo.h    |   531 +
 .../sdk/nvidia/inc/ctrl/ctrl0080/ctrl0080gpu.h     |   656 +
 .../sdk/nvidia/inc/ctrl/ctrl0080/ctrl0080gr.h      |   292 +
 .../sdk/nvidia/inc/ctrl/ctrl0080/ctrl0080host.h    |    87 +
 .../nvidia/inc/ctrl/ctrl0080/ctrl0080internal.h    |   135 +
 .../sdk/nvidia/inc/ctrl/ctrl0080/ctrl0080msenc.h   |    90 +
 .../sdk/nvidia/inc/ctrl/ctrl0080/ctrl0080nvjpg.h   |    75 +
 .../sdk/nvidia/inc/ctrl/ctrl0080/ctrl0080perf.h    |    63 +
 .../sdk/nvidia/inc/ctrl/ctrl0080/ctrl0080unix.h    |    95 +
 src/common/sdk/nvidia/inc/ctrl/ctrl0090.h          |   154 +
 src/common/sdk/nvidia/inc/ctrl/ctrl00da.h          |   258 +
 src/common/sdk/nvidia/inc/ctrl/ctrl00de.h          |    59 +
 src/common/sdk/nvidia/inc/ctrl/ctrl00e0.h          |   158 +
 src/common/sdk/nvidia/inc/ctrl/ctrl00f1.h          |   233 +
 src/common/sdk/nvidia/inc/ctrl/ctrl00f8.h          |   323 +
 src/common/sdk/nvidia/inc/ctrl/ctrl00f9.h          |    87 +
 src/common/sdk/nvidia/inc/ctrl/ctrl00fb.h          |   114 +
 src/common/sdk/nvidia/inc/ctrl/ctrl00fd.h          |   254 +
 src/common/sdk/nvidia/inc/ctrl/ctrl00fe.h          |   106 +
 src/common/sdk/nvidia/inc/ctrl/ctrl0100.h          |   237 +
 src/common/sdk/nvidia/inc/ctrl/ctrl2080.h          |    90 +
 .../sdk/nvidia/inc/ctrl/ctrl2080/ctrl2080acr.h     |    32 +
 .../sdk/nvidia/inc/ctrl/ctrl2080/ctrl2080base.h    |   114 +
 .../sdk/nvidia/inc/ctrl/ctrl2080/ctrl2080bios.h    |   484 +
 .../nvidia/inc/ctrl/ctrl2080/ctrl2080boardobj.h    |    35 +
 .../inc/ctrl/ctrl2080/ctrl2080boardobjgrpclasses.h |    34 +
 .../sdk/nvidia/inc/ctrl/ctrl2080/ctrl2080bus.h     |  1698 ++
 .../sdk/nvidia/inc/ctrl/ctrl2080/ctrl2080ce.h      |   502 +
 .../sdk/nvidia/inc/ctrl/ctrl2080/ctrl2080cipher.h  |    32 +
 .../sdk/nvidia/inc/ctrl/ctrl2080/ctrl2080clk.h     |    41 +
 .../sdk/nvidia/inc/ctrl/ctrl2080/ctrl2080clkavfs.h |    36 +
 .../sdk/nvidia/inc/ctrl/ctrl2080/ctrl2080dma.h     |   180 +
 .../sdk/nvidia/inc/ctrl/ctrl2080/ctrl2080dmabuf.h  |   122 +
 .../sdk/nvidia/inc/ctrl/ctrl2080/ctrl2080ecc.h     |   112 +
 .../sdk/nvidia/inc/ctrl/ctrl2080/ctrl2080event.h   |   373 +
 .../sdk/nvidia/inc/ctrl/ctrl2080/ctrl2080fan.h     |    33 +
 .../sdk/nvidia/inc/ctrl/ctrl2080/ctrl2080fb.h      |  2847 ++
 .../sdk/nvidia/inc/ctrl/ctrl2080/ctrl2080fifo.h    |  1163 +
 .../sdk/nvidia/inc/ctrl/ctrl2080/ctrl2080fla.h     |   208 +
 .../sdk/nvidia/inc/ctrl/ctrl2080/ctrl2080flcn.h    |   452 +
 .../sdk/nvidia/inc/ctrl/ctrl2080/ctrl2080fuse.h    |    34 +
 .../sdk/nvidia/inc/ctrl/ctrl2080/ctrl2080gpio.h    |    74 +
 .../sdk/nvidia/inc/ctrl/ctrl2080/ctrl2080gpu.h     |  4675 +++
 .../sdk/nvidia/inc/ctrl/ctrl2080/ctrl2080gpumon.h  |    96 +
 .../sdk/nvidia/inc/ctrl/ctrl2080/ctrl2080gr.h      |  2007 ++
 .../sdk/nvidia/inc/ctrl/ctrl2080/ctrl2080grmgr.h   |   263 +
 .../sdk/nvidia/inc/ctrl/ctrl2080/ctrl2080gsp.h     |   193 +
 .../sdk/nvidia/inc/ctrl/ctrl2080/ctrl2080hshub.h   |    73 +
 .../sdk/nvidia/inc/ctrl/ctrl2080/ctrl2080i2c.h     |   372 +
 .../sdk/nvidia/inc/ctrl/ctrl2080/ctrl2080illum.h   |    31 +
 .../nvidia/inc/ctrl/ctrl2080/ctrl2080internal.h    |  5320 ++++
 .../sdk/nvidia/inc/ctrl/ctrl2080/ctrl2080lpwr.h    |   100 +
 .../sdk/nvidia/inc/ctrl/ctrl2080/ctrl2080mc.h      |   317 +
 .../sdk/nvidia/inc/ctrl/ctrl2080/ctrl2080nvd.h     |   385 +
 .../sdk/nvidia/inc/ctrl/ctrl2080/ctrl2080nvlink.h  |  3427 +++
 .../sdk/nvidia/inc/ctrl/ctrl2080/ctrl2080perf.h    |   895 +
 .../sdk/nvidia/inc/ctrl/ctrl2080/ctrl2080perf_cf.h |    33 +
 .../inc/ctrl/ctrl2080/ctrl2080perf_cf_pwr_model.h  |    32 +
 .../sdk/nvidia/inc/ctrl/ctrl2080/ctrl2080pmgr.h    |    67 +
 .../sdk/nvidia/inc/ctrl/ctrl2080/ctrl2080pmu.h     |    40 +
 .../sdk/nvidia/inc/ctrl/ctrl2080/ctrl2080pmumon.h  |    34 +
 .../sdk/nvidia/inc/ctrl/ctrl2080/ctrl2080power.h   |   123 +
 .../sdk/nvidia/inc/ctrl/ctrl2080/ctrl2080rc.h      |   384 +
 .../sdk/nvidia/inc/ctrl/ctrl2080/ctrl2080spdm.h    |   248 +
 .../sdk/nvidia/inc/ctrl/ctrl2080/ctrl2080spi.h     |    32 +
 .../sdk/nvidia/inc/ctrl/ctrl2080/ctrl2080thermal.h |   417 +
 .../sdk/nvidia/inc/ctrl/ctrl2080/ctrl2080tmr.h     |   260 +
 .../nvidia/inc/ctrl/ctrl2080/ctrl2080ucodefuzzer.h |    32 +
 .../sdk/nvidia/inc/ctrl/ctrl2080/ctrl2080unix.h    |   190 +
 .../sdk/nvidia/inc/ctrl/ctrl2080/ctrl2080vfe.h     |    42 +
 .../inc/ctrl/ctrl2080/ctrl2080vgpumgrinternal.h    |   502 +
 .../sdk/nvidia/inc/ctrl/ctrl2080/ctrl2080volt.h    |    38 +
 src/common/sdk/nvidia/inc/ctrl/ctrl208f.h          |    53 +
 .../sdk/nvidia/inc/ctrl/ctrl208f/ctrl208fbase.h    |    73 +
 .../sdk/nvidia/inc/ctrl/ctrl208f/ctrl208fbif.h     |   194 +
 .../sdk/nvidia/inc/ctrl/ctrl208f/ctrl208fbus.h     |   113 +
 .../sdk/nvidia/inc/ctrl/ctrl208f/ctrl208fclk.h     |    33 +
 .../sdk/nvidia/inc/ctrl/ctrl208f/ctrl208fdma.h     |    92 +
 .../sdk/nvidia/inc/ctrl/ctrl208f/ctrl208fevent.h   |    93 +
 .../sdk/nvidia/inc/ctrl/ctrl208f/ctrl208ffb.h      |   727 +
 .../sdk/nvidia/inc/ctrl/ctrl208f/ctrl208ffbio.h    |   249 +
 .../sdk/nvidia/inc/ctrl/ctrl208f/ctrl208ffifo.h    |   137 +
 .../sdk/nvidia/inc/ctrl/ctrl208f/ctrl208fgpu.h     |   169 +
 .../sdk/nvidia/inc/ctrl/ctrl208f/ctrl208fgr.h      |   171 +
 .../sdk/nvidia/inc/ctrl/ctrl208f/ctrl208fmmu.h     |   149 +
 .../sdk/nvidia/inc/ctrl/ctrl208f/ctrl208fnvlink.h  |    96 +
 .../sdk/nvidia/inc/ctrl/ctrl208f/ctrl208fpmgr.h    |    32 +
 .../sdk/nvidia/inc/ctrl/ctrl208f/ctrl208fpmu.h     |    95 +
 .../sdk/nvidia/inc/ctrl/ctrl208f/ctrl208fpower.h   |    32 +
 .../inc/ctrl/ctrl208f/ctrl208fucodecoverage.h      |   145 +
 src/common/sdk/nvidia/inc/ctrl/ctrl30f1.h          |  1560 +
 src/common/sdk/nvidia/inc/ctrl/ctrl402c.h          |   971 +
 src/common/sdk/nvidia/inc/ctrl/ctrl503c.h          |   200 +
 .../sdk/nvidia/inc/ctrl/ctrl503c/ctrl503cbase.h    |    50 +
 src/common/sdk/nvidia/inc/ctrl/ctrl506f.h          |   101 +
 .../sdk/nvidia/inc/ctrl/ctrl5070/ctrl5070base.h    |    66 +
 .../sdk/nvidia/inc/ctrl/ctrl5070/ctrl5070chnc.h    |  1181 +
 .../sdk/nvidia/inc/ctrl/ctrl5070/ctrl5070common.h  |    79 +
 .../inc/ctrl/ctrl5070/ctrl5070impoverrides.h       |    33 +
 .../sdk/nvidia/inc/ctrl/ctrl5070/ctrl5070or.h      |   564 +
 .../sdk/nvidia/inc/ctrl/ctrl5070/ctrl5070rg.h      |   519 +
 .../sdk/nvidia/inc/ctrl/ctrl5070/ctrl5070system.h  |    81 +
 .../sdk/nvidia/inc/ctrl/ctrl5070/ctrl5070verif.h   |    32 +
 src/common/sdk/nvidia/inc/ctrl/ctrl5080.h          |   211 +
 src/common/sdk/nvidia/inc/ctrl/ctrl83de.h          |    36 +
 .../sdk/nvidia/inc/ctrl/ctrl83de/ctrl83debase.h    |    55 +
 .../sdk/nvidia/inc/ctrl/ctrl83de/ctrl83dedebug.h   |  1234 +
 src/common/sdk/nvidia/inc/ctrl/ctrl9010.h          |    83 +
 src/common/sdk/nvidia/inc/ctrl/ctrl9067.h          |   157 +
 src/common/sdk/nvidia/inc/ctrl/ctrl906f.h          |   222 +
 src/common/sdk/nvidia/inc/ctrl/ctrl9072.h          |    86 +
 src/common/sdk/nvidia/inc/ctrl/ctrl9074.h          |   148 +
 src/common/sdk/nvidia/inc/ctrl/ctrl9096.h          |   444 +
 src/common/sdk/nvidia/inc/ctrl/ctrl90cc.h          |   455 +
 .../sdk/nvidia/inc/ctrl/ctrl90cc/ctrl90ccbase.h    |    54 +
 .../sdk/nvidia/inc/ctrl/ctrl90cc/ctrl90cchwpm.h    |   135 +
 .../sdk/nvidia/inc/ctrl/ctrl90cc/ctrl90ccpower.h   |   403 +
 src/common/sdk/nvidia/inc/ctrl/ctrl90cd.h          |   174 +
 src/common/sdk/nvidia/inc/ctrl/ctrl90e6.h          |   137 +
 src/common/sdk/nvidia/inc/ctrl/ctrl90e7.h          |    34 +
 .../sdk/nvidia/inc/ctrl/ctrl90e7/ctrl90e7base.h    |    57 +
 .../sdk/nvidia/inc/ctrl/ctrl90e7/ctrl90e7bbx.h     |    92 +
 src/common/sdk/nvidia/inc/ctrl/ctrl90ec.h          |   124 +
 src/common/sdk/nvidia/inc/ctrl/ctrl90f1.h          |   407 +
 src/common/sdk/nvidia/inc/ctrl/ctrla06c.h          |   438 +
 src/common/sdk/nvidia/inc/ctrl/ctrla06f.h          |    36 +
 .../sdk/nvidia/inc/ctrl/ctrla06f/ctrla06fbase.h    |    59 +
 .../sdk/nvidia/inc/ctrl/ctrla06f/ctrla06fgpfifo.h  |   261 +
 .../nvidia/inc/ctrl/ctrla06f/ctrla06finternal.h    |    64 +
 src/common/sdk/nvidia/inc/ctrl/ctrla080.h          |   438 +
 src/common/sdk/nvidia/inc/ctrl/ctrla081.h          |  1059 +
 src/common/sdk/nvidia/inc/ctrl/ctrla084.h          |   387 +
 src/common/sdk/nvidia/inc/ctrl/ctrla0bc.h          |   119 +
 src/common/sdk/nvidia/inc/ctrl/ctrla0bd.h          |   100 +
 src/common/sdk/nvidia/inc/ctrl/ctrla16f.h          |    53 +
 src/common/sdk/nvidia/inc/ctrl/ctrla26f.h          |    53 +
 src/common/sdk/nvidia/inc/ctrl/ctrlb069.h          |   183 +
 src/common/sdk/nvidia/inc/ctrl/ctrlb06f.h          |   365 +
 src/common/sdk/nvidia/inc/ctrl/ctrlb0cc.h          |   397 +
 .../sdk/nvidia/inc/ctrl/ctrlb0cc/ctrlb0ccbase.h    |    52 +
 .../nvidia/inc/ctrl/ctrlb0cc/ctrlb0ccinternal.h    |   273 +
 .../sdk/nvidia/inc/ctrl/ctrlb0cc/ctrlb0ccpower.h   |   402 +
 .../nvidia/inc/ctrl/ctrlb0cc/ctrlb0ccprofiler.h    |   710 +
 src/common/sdk/nvidia/inc/ctrl/ctrlc06f.h          |    51 +
 src/common/sdk/nvidia/inc/ctrl/ctrlc365.h          |   331 +
 src/common/sdk/nvidia/inc/ctrl/ctrlc369.h          |   157 +
 src/common/sdk/nvidia/inc/ctrl/ctrlc36f.h          |   159 +
 .../sdk/nvidia/inc/ctrl/ctrlc370/ctrlc370base.h    |    66 +
 .../sdk/nvidia/inc/ctrl/ctrlc370/ctrlc370chnc.h    |   293 +
 .../sdk/nvidia/inc/ctrl/ctrlc370/ctrlc370event.h   |    56 +
 .../sdk/nvidia/inc/ctrl/ctrlc370/ctrlc370or.h      |    93 +
 .../sdk/nvidia/inc/ctrl/ctrlc370/ctrlc370rg.h      |   123 +
 .../sdk/nvidia/inc/ctrl/ctrlc370/ctrlc370verif.h   |   133 +
 .../sdk/nvidia/inc/ctrl/ctrlc372/ctrlc372base.h    |    61 +
 .../sdk/nvidia/inc/ctrl/ctrlc372/ctrlc372chnc.h    |   934 +
 src/common/sdk/nvidia/inc/ctrl/ctrlc46f.h          |    55 +
 src/common/sdk/nvidia/inc/ctrl/ctrlc56f.h          |   187 +
 src/common/sdk/nvidia/inc/ctrl/ctrlc637.h          |   407 +
 src/common/sdk/nvidia/inc/ctrl/ctrlc638.h          |    91 +
 src/common/sdk/nvidia/inc/ctrl/ctrlc763.h          |   242 +
 src/common/sdk/nvidia/inc/ctrl/ctrlc86f.h          |    58 +
 src/common/sdk/nvidia/inc/ctrl/ctrlc96f.h          |    58 +
 src/common/sdk/nvidia/inc/ctrl/ctrlca6f.h          |    58 +
 src/common/sdk/nvidia/inc/ctrl/ctrlcb33.h          |   425 +
 src/common/sdk/nvidia/inc/ctrl/ctrlcbca.h          |   120 +
 src/common/sdk/nvidia/inc/ctrl/ctrlxxxx.h          |    74 +
 src/common/sdk/nvidia/inc/dpringbuffertypes.h      |    59 +
 src/common/sdk/nvidia/inc/g_finn_rm_api.h          |   732 +
 src/common/sdk/nvidia/inc/mmu_fmt_types.h          |   151 +
 src/common/sdk/nvidia/inc/nv-hypervisor.h          |    93 +
 .../sdk/nvidia/inc/nv-kernel-interface-api.h       |    41 +
 src/common/sdk/nvidia/inc/nv_stdarg.h              |    39 +
 src/common/sdk/nvidia/inc/nv_vgpu_types.h          |    61 +
 src/common/sdk/nvidia/inc/nvcd.h                   |   159 +
 src/common/sdk/nvidia/inc/nvcfg_sdk.h              |    29 +
 src/common/sdk/nvidia/inc/nvdeprecated.h           |   133 +
 src/common/sdk/nvidia/inc/nvdisptypes.h            |    92 +
 src/common/sdk/nvidia/inc/nvdump.h                 |   164 +
 src/common/sdk/nvidia/inc/nverror.h                |   289 +
 src/common/sdk/nvidia/inc/nvfixedtypes.h           |   406 +
 src/common/sdk/nvidia/inc/nvgputypes.h             |   177 +
 src/common/sdk/nvidia/inc/nvi2c.h                  |    37 +
 src/common/sdk/nvidia/inc/nvimpshared.h            |    93 +
 src/common/sdk/nvidia/inc/nvlimits.h               |    58 +
 src/common/sdk/nvidia/inc/nvmisc.h                 |   990 +
 src/common/sdk/nvidia/inc/nvos.h                   |  2911 ++
 src/common/sdk/nvidia/inc/nvsecurityinfo.h         |    71 +
 src/common/sdk/nvidia/inc/nvstatus.h               |   123 +
 src/common/sdk/nvidia/inc/nvstatuscodes.h          |   179 +
 src/common/sdk/nvidia/inc/nvtypes.h                |   636 +
 src/common/sdk/nvidia/inc/rmcd.h                   |   394 +
 src/common/sdk/nvidia/inc/rs_access.h              |   273 +
 src/common/shared/inc/compat.h                     |    50 +
 src/common/shared/inc/g_vgpu_chip_flags.h          |  1196 +
 src/common/shared/inc/g_vgpu_resman_specific.h     |   248 +
 src/common/shared/inc/nvdevid.h                    |   699 +
 src/common/shared/msgq/inc/msgq/msgq.h             |   227 +
 src/common/shared/msgq/inc/msgq/msgq_priv.h        |   111 +
 src/common/shared/msgq/msgq.c                      |   729 +
 src/common/shared/nvstatus/nvstatus.c              |    83 +
 src/common/softfloat/COPYING.txt                   |    37 +
 src/common/softfloat/nvidia/nv-softfloat.h         |   163 +
 src/common/softfloat/nvidia/platform.h             |    56 +
 .../softfloat/source/8086-SSE/s_commonNaNToF16UI.c |    51 +
 .../softfloat/source/8086-SSE/s_commonNaNToF32UI.c |    51 +
 .../softfloat/source/8086-SSE/s_commonNaNToF64UI.c |    53 +
 .../softfloat/source/8086-SSE/s_f16UIToCommonNaN.c |    59 +
 .../softfloat/source/8086-SSE/s_f32UIToCommonNaN.c |    59 +
 .../softfloat/source/8086-SSE/s_f64UIToCommonNaN.c |    59 +
 .../source/8086-SSE/s_propagateNaNF32UI.c          |    63 +
 .../source/8086-SSE/s_propagateNaNF64UI.c          |    63 +
 .../source/8086-SSE/softfloat_raiseFlags.c         |    52 +
 src/common/softfloat/source/8086-SSE/specialize.h  |   216 +
 src/common/softfloat/source/f16_to_f32.c           |    93 +
 src/common/softfloat/source/f32_add.c              |    61 +
 src/common/softfloat/source/f32_div.c              |   176 +
 src/common/softfloat/source/f32_eq.c               |    66 +
 src/common/softfloat/source/f32_eq_signaling.c     |    61 +
 src/common/softfloat/source/f32_isSignalingNaN.c   |    51 +
 src/common/softfloat/source/f32_le.c               |    66 +
 src/common/softfloat/source/f32_le_quiet.c         |    71 +
 src/common/softfloat/source/f32_lt.c               |    66 +
 src/common/softfloat/source/f32_lt_quiet.c         |    71 +
 src/common/softfloat/source/f32_mul.c              |   137 +
 src/common/softfloat/source/f32_mulAdd.c           |    60 +
 src/common/softfloat/source/f32_rem.c              |   168 +
 src/common/softfloat/source/f32_roundToInt.c       |   113 +
 src/common/softfloat/source/f32_sqrt.c             |   121 +
 src/common/softfloat/source/f32_sub.c              |    61 +
 src/common/softfloat/source/f32_to_f16.c           |    88 +
 src/common/softfloat/source/f32_to_f64.c           |    93 +
 src/common/softfloat/source/f32_to_i32.c           |    84 +
 src/common/softfloat/source/f32_to_i32_r_minMag.c  |    89 +
 src/common/softfloat/source/f32_to_i64.c           |    84 +
 src/common/softfloat/source/f32_to_i64_r_minMag.c  |    94 +
 src/common/softfloat/source/f32_to_ui32.c          |    84 +
 src/common/softfloat/source/f32_to_ui32_r_minMag.c |    88 +
 src/common/softfloat/source/f32_to_ui64.c          |    84 +
 src/common/softfloat/source/f32_to_ui64_r_minMag.c |    90 +
 src/common/softfloat/source/f64_add.c              |    65 +
 src/common/softfloat/source/f64_div.c              |   172 +
 src/common/softfloat/source/f64_eq.c               |    66 +
 src/common/softfloat/source/f64_eq_signaling.c     |    61 +
 src/common/softfloat/source/f64_isSignalingNaN.c   |    51 +
 src/common/softfloat/source/f64_le.c               |    67 +
 src/common/softfloat/source/f64_le_quiet.c         |    72 +
 src/common/softfloat/source/f64_lt.c               |    67 +
 src/common/softfloat/source/f64_lt_quiet.c         |    72 +
 src/common/softfloat/source/f64_mul.c              |   139 +
 src/common/softfloat/source/f64_mulAdd.c           |    60 +
 src/common/softfloat/source/f64_rem.c              |   185 +
 src/common/softfloat/source/f64_roundToInt.c       |   113 +
 src/common/softfloat/source/f64_sqrt.c             |   133 +
 src/common/softfloat/source/f64_sub.c              |    65 +
 src/common/softfloat/source/f64_to_f32.c           |    88 +
 src/common/softfloat/source/f64_to_i32.c           |    82 +
 src/common/softfloat/source/f64_to_i32_r_minMag.c  |    96 +
 src/common/softfloat/source/f64_to_i64.c           |    84 +
 src/common/softfloat/source/f64_to_i64_r_minMag.c  |   100 +
 src/common/softfloat/source/f64_to_ui32.c          |    82 +
 src/common/softfloat/source/f64_to_ui32_r_minMag.c |    88 +
 src/common/softfloat/source/f64_to_ui64.c          |    84 +
 src/common/softfloat/source/f64_to_ui64_r_minMag.c |    93 +
 src/common/softfloat/source/i32_to_f32.c           |    58 +
 src/common/softfloat/source/i32_to_f64.c           |    65 +
 src/common/softfloat/source/i64_to_f32.c           |    70 +
 src/common/softfloat/source/i64_to_f64.c           |    58 +
 src/common/softfloat/source/include/internals.h    |   147 +
 .../softfloat/source/include/primitiveTypes.h      |    83 +
 src/common/softfloat/source/include/primitives.h   |   297 +
 src/common/softfloat/source/include/softfloat.h    |   172 +
 .../softfloat/source/include/softfloat_types.h     |    81 +
 src/common/softfloat/source/s_addMagsF32.c         |   126 +
 src/common/softfloat/source/s_addMagsF64.c         |   128 +
 .../softfloat/source/s_approxRecipSqrt32_1.c       |    74 +
 .../softfloat/source/s_approxRecipSqrt_1Ks.c       |    49 +
 .../softfloat/source/s_countLeadingZeros64.c       |    73 +
 src/common/softfloat/source/s_countLeadingZeros8.c |    59 +
 src/common/softfloat/source/s_mul64To128.c         |    67 +
 src/common/softfloat/source/s_mulAddF32.c          |   224 +
 src/common/softfloat/source/s_mulAddF64.c          |   243 +
 src/common/softfloat/source/s_normRoundPackToF32.c |    58 +
 src/common/softfloat/source/s_normRoundPackToF64.c |    58 +
 .../softfloat/source/s_normSubnormalF16Sig.c       |    52 +
 .../softfloat/source/s_normSubnormalF32Sig.c       |    52 +
 .../softfloat/source/s_normSubnormalF64Sig.c       |    52 +
 src/common/softfloat/source/s_roundPackToF16.c     |   113 +
 src/common/softfloat/source/s_roundPackToF32.c     |   113 +
 src/common/softfloat/source/s_roundPackToF64.c     |   117 +
 src/common/softfloat/source/s_roundToI32.c         |    84 +
 src/common/softfloat/source/s_roundToI64.c         |    89 +
 src/common/softfloat/source/s_roundToUI32.c        |    80 +
 src/common/softfloat/source/s_roundToUI64.c        |    85 +
 src/common/softfloat/source/s_shiftRightJam128.c   |    70 +
 src/common/softfloat/source/s_subMagsF32.c         |   143 +
 src/common/softfloat/source/s_subMagsF64.c         |   141 +
 src/common/softfloat/source/softfloat_state.c      |    49 +
 src/common/softfloat/source/ui32_to_f32.c          |    57 +
 src/common/softfloat/source/ui32_to_f64.c          |    59 +
 src/common/softfloat/source/ui64_to_f32.c          |    64 +
 src/common/softfloat/source/ui64_to_f64.c          |    59 +
 src/common/src/nvSha256.c                          |   342 +
 src/common/src/nv_smg.c                            |   656 +
 src/common/unix/common/inc/nv-float.h              |    40 +
 src/common/unix/common/inc/nv_amodel_enum.h        |    44 +
 src/common/unix/common/inc/nv_assert.h             |    82 +
 src/common/unix/common/inc/nv_common_utils.h       |   120 +
 src/common/unix/common/inc/nv_dpy_id.h             |   370 +
 src/common/unix/common/inc/nv_mode_timings.h       |   163 +
 .../common/utils/interface/nv_memory_tracker.h     |    62 +
 .../common/utils/interface/nv_mode_timings_utils.h |   135 +
 .../unix/common/utils/interface/nv_vasprintf.h     |    65 +
 .../unix/common/utils/interface/unix_rm_handle.h   |   122 +
 src/common/unix/common/utils/nv_memory_tracker.c   |   230 +
 .../unix/common/utils/nv_mode_timings_utils.c      |   159 +
 src/common/unix/common/utils/nv_vasprintf.c        |    74 +
 src/common/unix/common/utils/unix_rm_handle.c      |   385 +
 .../unix/nvidia-3d/include/nv_xz_mem_hooks.h       |    44 +
 .../unix/nvidia-3d/include/nvidia-3d-fermi.h       |    41 +
 .../unix/nvidia-3d/include/nvidia-3d-hopper.h      |    35 +
 .../unix/nvidia-3d/include/nvidia-3d-kepler.h      |    45 +
 .../unix/nvidia-3d/include/nvidia-3d-maxwell.h     |    35 +
 .../unix/nvidia-3d/include/nvidia-3d-pascal.h      |    35 +
 .../unix/nvidia-3d/include/nvidia-3d-surface.h     |    33 +
 .../unix/nvidia-3d/include/nvidia-3d-turing.h      |    35 +
 .../unix/nvidia-3d/include/nvidia-3d-types-priv.h  |    48 +
 .../nvidia-3d/include/nvidia-3d-vertex-arrays.h    |    32 +
 .../unix/nvidia-3d/include/nvidia-3d-volta.h       |    35 +
 .../nvidia-3d/interface/nvidia-3d-color-targets.h  |    93 +
 .../interface/nvidia-3d-constant-buffers.h         |   196 +
 .../unix/nvidia-3d/interface/nvidia-3d-imports.h   |    41 +
 .../interface/nvidia-3d-shader-constants.h         |    53 +
 .../unix/nvidia-3d/interface/nvidia-3d-shaders.h   |    69 +
 .../unix/nvidia-3d/interface/nvidia-3d-types.h     |   480 +
 .../unix/nvidia-3d/interface/nvidia-3d-utils.h     |   104 +
 src/common/unix/nvidia-3d/interface/nvidia-3d.h    |   296 +
 src/common/unix/nvidia-3d/src/nvidia-3d-core.c     |   162 +
 src/common/unix/nvidia-3d/src/nvidia-3d-fermi.c    |   557 +
 src/common/unix/nvidia-3d/src/nvidia-3d-hopper.c   |   384 +
 src/common/unix/nvidia-3d/src/nvidia-3d-init.c     |   522 +
 src/common/unix/nvidia-3d/src/nvidia-3d-kepler.c   |   150 +
 src/common/unix/nvidia-3d/src/nvidia-3d-maxwell.c  |   435 +
 src/common/unix/nvidia-3d/src/nvidia-3d-pascal.c   |   431 +
 src/common/unix/nvidia-3d/src/nvidia-3d-surface.c  |   296 +
 src/common/unix/nvidia-3d/src/nvidia-3d-turing.c   |    56 +
 .../unix/nvidia-3d/src/nvidia-3d-vertex-arrays.c   |   531 +
 src/common/unix/nvidia-3d/src/nvidia-3d-volta.c    |    41 +
 .../nvidia-headsurface-constants.h                 |    44 +
 .../nvidia-headsurface/nvidia-headsurface-types.h  |    67 +
 .../nvidia-push/include/nvidia-push-priv-imports.h |   203 +
 .../unix/nvidia-push/include/nvidia-push-priv.h    |   122 +
 .../unix/nvidia-push/interface/nvidia-push-init.h  |   267 +
 .../nvidia-push/interface/nvidia-push-methods.h    |   259 +
 .../unix/nvidia-push/interface/nvidia-push-types.h |   295 +
 .../unix/nvidia-push/interface/nvidia-push-utils.h |   180 +
 src/common/unix/nvidia-push/src/nvidia-push-init.c |  1575 ++
 src/common/unix/nvidia-push/src/nvidia-push.c      |  1169 +
 src/common/unix/xzminidec/interface/xz.h           |   285 +
 src/common/unix/xzminidec/src/xz_config.h          |   113 +
 src/common/unix/xzminidec/src/xz_crc32.c           |    59 +
 src/common/unix/xzminidec/src/xz_dec_bcj.c         |   574 +
 src/common/unix/xzminidec/src/xz_dec_lzma2.c       |  1173 +
 src/common/unix/xzminidec/src/xz_dec_stream.c      |   829 +
 src/common/unix/xzminidec/src/xz_lzma2.h           |   204 +
 src/common/unix/xzminidec/src/xz_private.h         |   156 +
 src/common/unix/xzminidec/src/xz_stream.h          |    62 +
 src/common/uproc/os/common/include/libdwarf.h      |    57 +
 src/common/uproc/os/common/include/libelf.h        |   149 +
 src/common/uproc/os/common/include/liblogdecode.h  |   232 +
 .../uproc/os/common/include/libos_init_args.h      |    58 +
 src/common/uproc/os/common/include/libos_log.h     |   345 +
 .../uproc/os/common/include/libos_printf_arg.h     |    41 +
 src/common/uproc/os/common/include/libos_status.h  |    60 +
 .../uproc/os/common/include/libos_v2_crashcat.h    |   147 +
 .../uproc/os/common/include/libos_v3_crashcat.h    |   174 +
 .../uproc/os/common/include/nv-crashcat-decoder.h  |   250 +
 src/common/uproc/os/common/include/nv-crashcat.h   |   886 +
 src/common/uproc/os/libos-v3.1.0/lib/libdwarf.c    |  1214 +
 src/common/uproc/os/libos-v3.1.0/lib/libelf.c      |   489 +
 .../uproc/os/libos-v3.1.0/lib/liblogdecode.c       |  2054 ++
 src/nvidia-modeset/Makefile                        |   228 +
 .../include/dp/nvdp-connector-event-sink.h         |    44 +
 src/nvidia-modeset/include/dp/nvdp-connector.h     |    98 +
 src/nvidia-modeset/include/dp/nvdp-device.h        |    47 +
 src/nvidia-modeset/include/dp/nvdp-timer.h         |    41 +
 src/nvidia-modeset/include/g_nvkms-evo-states.h    |    46 +
 src/nvidia-modeset/include/nvkms-3dvision.h        |    39 +
 src/nvidia-modeset/include/nvkms-attributes.h      |    51 +
 src/nvidia-modeset/include/nvkms-console-restore.h |    31 +
 src/nvidia-modeset/include/nvkms-ctxdma.h          |    42 +
 src/nvidia-modeset/include/nvkms-cursor.h          |    53 +
 src/nvidia-modeset/include/nvkms-difr.h            |    45 +
 src/nvidia-modeset/include/nvkms-dma.h             |   286 +
 src/nvidia-modeset/include/nvkms-dpy-override.h    |    63 +
 src/nvidia-modeset/include/nvkms-dpy.h             |   101 +
 src/nvidia-modeset/include/nvkms-event.h           |    32 +
 src/nvidia-modeset/include/nvkms-evo-states.h      |   107 +
 src/nvidia-modeset/include/nvkms-evo.h             |   428 +
 src/nvidia-modeset/include/nvkms-evo1.h            |    78 +
 src/nvidia-modeset/include/nvkms-evo3.h            |   317 +
 src/nvidia-modeset/include/nvkms-flip-workarea.h   |    73 +
 src/nvidia-modeset/include/nvkms-flip.h            |   110 +
 src/nvidia-modeset/include/nvkms-framelock.h       |    79 +
 src/nvidia-modeset/include/nvkms-hal.h             |    31 +
 src/nvidia-modeset/include/nvkms-hdmi.h            |    94 +
 src/nvidia-modeset/include/nvkms-headsurface-3d.h  |    70 +
 .../include/nvkms-headsurface-config.h             |   238 +
 .../include/nvkms-headsurface-ioctl.h              |    50 +
 .../include/nvkms-headsurface-matrix.h             |    33 +
 .../include/nvkms-headsurface-priv.h               |   531 +
 .../include/nvkms-headsurface-swapgroup.h          |    89 +
 src/nvidia-modeset/include/nvkms-headsurface.h     |   134 +
 src/nvidia-modeset/include/nvkms-hw-flip.h         |   128 +
 src/nvidia-modeset/include/nvkms-lut.h             |    63 +
 src/nvidia-modeset/include/nvkms-modepool.h        |    65 +
 src/nvidia-modeset/include/nvkms-modeset-types.h   |    89 +
 .../include/nvkms-modeset-workarea.h               |    64 +
 src/nvidia-modeset/include/nvkms-modeset.h         |    89 +
 src/nvidia-modeset/include/nvkms-prealloc-types.h  |    55 +
 src/nvidia-modeset/include/nvkms-prealloc.h        |    44 +
 src/nvidia-modeset/include/nvkms-private.h         |    80 +
 src/nvidia-modeset/include/nvkms-push.h            |    31 +
 src/nvidia-modeset/include/nvkms-rm.h              |   163 +
 src/nvidia-modeset/include/nvkms-rmapi.h           |   119 +
 src/nvidia-modeset/include/nvkms-setlut-workarea.h |    36 +
 src/nvidia-modeset/include/nvkms-softfloat.h       |    90 +
 src/nvidia-modeset/include/nvkms-stereo.h          |    43 +
 src/nvidia-modeset/include/nvkms-surface.h         |   111 +
 src/nvidia-modeset/include/nvkms-types.h           |  3358 +++
 src/nvidia-modeset/include/nvkms-utils-flip.h      |    73 +
 src/nvidia-modeset/include/nvkms-utils.h           |   288 +
 .../include/nvkms-vblank-sem-control.h             |    44 +
 src/nvidia-modeset/include/nvkms-vrr.h             |    80 +
 src/nvidia-modeset/interface/nvkms-api-types.h     |   788 +
 src/nvidia-modeset/interface/nvkms-api.h           |  4435 +++
 src/nvidia-modeset/interface/nvkms-format.h        |   126 +
 src/nvidia-modeset/interface/nvkms-ioctl.h         |    73 +
 src/nvidia-modeset/interface/nvkms-modetimings.h   |    61 +
 src/nvidia-modeset/interface/nvkms-sync.h          |   100 +
 .../kapi/include/nvkms-kapi-internal.h             |   266 +
 .../kapi/include/nvkms-kapi-notifiers.h            |    99 +
 .../kapi/interface/nvkms-kapi-private.h            |    67 +
 src/nvidia-modeset/kapi/interface/nvkms-kapi.h     |  1644 ++
 src/nvidia-modeset/kapi/src/nvkms-kapi-notifiers.c |   349 +
 src/nvidia-modeset/kapi/src/nvkms-kapi-sync.c      |   571 +
 src/nvidia-modeset/kapi/src/nvkms-kapi.c           |  4154 +++
 src/nvidia-modeset/lib/nvkms-format.c              |   133 +
 src/nvidia-modeset/lib/nvkms-sync.c                |   402 +
 .../include/nvidia-modeset-os-interface.h          |   387 +
 src/nvidia-modeset/os-interface/include/nvkms.h    |   127 +
 .../src/dp/nvdp-connector-event-sink.cpp           |   651 +
 .../src/dp/nvdp-connector-event-sink.hpp           |   103 +
 src/nvidia-modeset/src/dp/nvdp-connector.cpp       |  1217 +
 src/nvidia-modeset/src/dp/nvdp-device.cpp          |   169 +
 src/nvidia-modeset/src/dp/nvdp-evo-interface.cpp   |   168 +
 src/nvidia-modeset/src/dp/nvdp-evo-interface.hpp   |    61 +
 src/nvidia-modeset/src/dp/nvdp-host.cpp            |    77 +
 src/nvidia-modeset/src/dp/nvdp-timer.cpp           |   141 +
 src/nvidia-modeset/src/dp/nvdp-timer.hpp           |    93 +
 src/nvidia-modeset/src/g_nvkms-evo-states.c        |  2826 ++
 src/nvidia-modeset/src/nvkms-3dvision.c            |    54 +
 src/nvidia-modeset/src/nvkms-attributes.c          |  1561 +
 src/nvidia-modeset/src/nvkms-conf.c                |   599 +
 src/nvidia-modeset/src/nvkms-console-restore.c     |   983 +
 src/nvidia-modeset/src/nvkms-ctxdma.c              |   221 +
 src/nvidia-modeset/src/nvkms-cursor.c              |   459 +
 src/nvidia-modeset/src/nvkms-cursor2.c             |    50 +
 src/nvidia-modeset/src/nvkms-cursor3.c             |   134 +
 src/nvidia-modeset/src/nvkms-difr.c                |   876 +
 src/nvidia-modeset/src/nvkms-dma.c                 |   506 +
 src/nvidia-modeset/src/nvkms-dpy-override.c        |   264 +
 src/nvidia-modeset/src/nvkms-dpy.c                 |  3533 +++
 src/nvidia-modeset/src/nvkms-event.c               |   207 +
 src/nvidia-modeset/src/nvkms-evo.c                 | 10016 +++++++
 src/nvidia-modeset/src/nvkms-evo1.c                |   809 +
 src/nvidia-modeset/src/nvkms-evo2.c                |  4203 +++
 src/nvidia-modeset/src/nvkms-evo3.c                |  8349 ++++++
 src/nvidia-modeset/src/nvkms-evo4.c                |  3074 ++
 src/nvidia-modeset/src/nvkms-flip.c                |  1281 +
 src/nvidia-modeset/src/nvkms-framelock.c           |  2396 ++
 src/nvidia-modeset/src/nvkms-hal.c                 |   216 +
 src/nvidia-modeset/src/nvkms-hdmi.c                |  2387 ++
 src/nvidia-modeset/src/nvkms-headsurface-3d.c      |  2062 ++
 src/nvidia-modeset/src/nvkms-headsurface-config.c  |  2693 ++
 src/nvidia-modeset/src/nvkms-headsurface-ioctl.c   |   725 +
 src/nvidia-modeset/src/nvkms-headsurface-matrix.c  |   661 +
 .../src/nvkms-headsurface-swapgroup.c              |   949 +
 src/nvidia-modeset/src/nvkms-headsurface.c         |  2975 ++
 src/nvidia-modeset/src/nvkms-hw-flip.c             |  3361 +++
 src/nvidia-modeset/src/nvkms-hw-states.c           |  1139 +
 src/nvidia-modeset/src/nvkms-lut.c                 |   458 +
 src/nvidia-modeset/src/nvkms-modepool.c            |  2050 ++
 src/nvidia-modeset/src/nvkms-modeset.c             |  4380 +++
 src/nvidia-modeset/src/nvkms-pow.c                 |   468 +
 src/nvidia-modeset/src/nvkms-prealloc.c            |   164 +
 src/nvidia-modeset/src/nvkms-push.c                |   309 +
 src/nvidia-modeset/src/nvkms-rm.c                  |  5754 ++++
 src/nvidia-modeset/src/nvkms-rmapi-dgpu.c          |   284 +
 src/nvidia-modeset/src/nvkms-stereo.c              |    62 +
 src/nvidia-modeset/src/nvkms-surface.c             |  1356 +
 src/nvidia-modeset/src/nvkms-utils-flip.c          |   399 +
 src/nvidia-modeset/src/nvkms-utils.c               |   803 +
 src/nvidia-modeset/src/nvkms-vblank-sem-control.c  |   337 +
 src/nvidia-modeset/src/nvkms-vrr.c                 |  1112 +
 src/nvidia-modeset/src/nvkms.c                     |  6897 +++++
 .../src/shaders/g_ampere_shader_info.h             |   328 +
 src/nvidia-modeset/src/shaders/g_ampere_shaders    |   Bin 0 -> 244480 bytes
 .../src/shaders/g_blackwell_shader_info.h          |   328 +
 src/nvidia-modeset/src/shaders/g_blackwell_shaders |   Bin 0 -> 253184 bytes
 .../src/shaders/g_gb20x_shader_info.h              |   328 +
 src/nvidia-modeset/src/shaders/g_gb20x_shaders     |   Bin 0 -> 252288 bytes
 .../src/shaders/g_hopper_shader_info.h             |   328 +
 src/nvidia-modeset/src/shaders/g_hopper_shaders    |   Bin 0 -> 244224 bytes
 .../src/shaders/g_maxwell_shader_info.h            |   428 +
 src/nvidia-modeset/src/shaders/g_maxwell_shaders   |   Bin 0 -> 171776 bytes
 .../src/shaders/g_nvidia-headsurface-shader-info.h |   341 +
 .../src/shaders/g_pascal_shader_info.h             |   428 +
 src/nvidia-modeset/src/shaders/g_pascal_shaders    |   Bin 0 -> 171776 bytes
 src/nvidia-modeset/src/shaders/g_shader_names.h    |    46 +
 .../src/shaders/g_turing_shader_info.h             |   328 +
 src/nvidia-modeset/src/shaders/g_turing_shaders    |   Bin 0 -> 247296 bytes
 .../src/shaders/g_volta_shader_info.h              |   328 +
 src/nvidia-modeset/src/shaders/g_volta_shaders     |   Bin 0 -> 250240 bytes
 src/nvidia-modeset/srcs.mk                         |   228 +
 src/nvidia/Makefile                                |   226 +
 .../common/inc/conf_compute/cc_keyrotation.h       |    34 +
 .../nvalloc/common/inc/conf_compute/cc_keystore.h  |   487 +
 .../arch/nvalloc/common/inc/dev_ctrl_defines.h     |    87 +
 src/nvidia/arch/nvalloc/common/inc/flcnifcmn.h     |   141 +
 src/nvidia/arch/nvalloc/common/inc/flcnretval.h    |   303 +
 .../nvalloc/common/inc/fsp/fsp_caps_query_rpc.h    |    51 +
 .../nvalloc/common/inc/fsp/fsp_clock_boost_rpc.h   |    44 +
 .../nvalloc/common/inc/fsp/fsp_emem_channels.h     |    39 +
 .../arch/nvalloc/common/inc/fsp/fsp_mctp_format.h  |    55 +
 .../arch/nvalloc/common/inc/fsp/fsp_nvdm_format.h  |    52 +
 .../arch/nvalloc/common/inc/fsp/fsp_tnvl_rpc.h     |   137 +
 .../common/inc/fsp/nvdm_payload_cmd_response.h     |    44 +
 .../arch/nvalloc/common/inc/gsp/gsp_fw_sr_meta.h   |    74 +
 .../arch/nvalloc/common/inc/gsp/gsp_fw_wpr_meta.h  |   242 +
 .../arch/nvalloc/common/inc/gsp/gsp_proxy_reg.h    |    48 +
 src/nvidia/arch/nvalloc/common/inc/gsp/gspifpub.h  |   147 +
 .../arch/nvalloc/common/inc/inforom/ifrdem.h       |    43 +
 .../arch/nvalloc/common/inc/inforom/ifrecc.h       |   119 +
 .../arch/nvalloc/common/inc/inforom/ifrnvl.h       |  1271 +
 .../arch/nvalloc/common/inc/inforom/ifrstruct.h    |   110 +
 .../arch/nvalloc/common/inc/inforom/omsdef.h       |   116 +
 src/nvidia/arch/nvalloc/common/inc/inforom/types.h |    79 +
 .../common/inc/nv-firmware-chip-family-select.h    |   213 +
 src/nvidia/arch/nvalloc/common/inc/nv-firmware.h   |   139 +
 src/nvidia/arch/nvalloc/common/inc/nvcst.h         |   426 +
 src/nvidia/arch/nvalloc/common/inc/nvpcie.h        |   504 +
 src/nvidia/arch/nvalloc/common/inc/nvrangetypes.h  |   162 +
 src/nvidia/arch/nvalloc/common/inc/oob/smbpbi.h    |  2925 ++
 .../arch/nvalloc/common/inc/oob/smbpbi_impl.h      |    45 +
 .../arch/nvalloc/common/inc/oob/smbpbi_priv.h      |    79 +
 src/nvidia/arch/nvalloc/common/inc/rmRiscvUcode.h  |    89 +
 src/nvidia/arch/nvalloc/common/inc/rmflcnbl.h      |   147 +
 src/nvidia/arch/nvalloc/common/inc/rmgspseq.h      |   219 +
 src/nvidia/arch/nvalloc/common/inc/rmifrif.h       |   123 +
 src/nvidia/arch/nvalloc/common/inc/rmlsfm.h        |   575 +
 src/nvidia/arch/nvalloc/common/inc/rmpbicmdif.h    |   140 +
 .../arch/nvalloc/common/inc/spdm/rmspdmrsakeys.h   |   160 +
 .../arch/nvalloc/common/inc/spdm/rmspdmtransport.h |    94 +
 .../arch/nvalloc/common/inc/spdm/rmspdmvendordef.h |   161 +
 src/nvidia/arch/nvalloc/unix/include/nv-caps.h     |    94 +
 .../arch/nvalloc/unix/include/nv-chardev-numbers.h |    43 +
 src/nvidia/arch/nvalloc/unix/include/nv-gpu-info.h |    44 +
 .../arch/nvalloc/unix/include/nv-gpu-sched-hooks.h |   138 +
 .../nvalloc/unix/include/nv-ioctl-lockless-diag.h  |    43 +
 .../arch/nvalloc/unix/include/nv-ioctl-numa.h      |    81 +
 .../arch/nvalloc/unix/include/nv-ioctl-numbers.h   |    44 +
 src/nvidia/arch/nvalloc/unix/include/nv-ioctl.h    |   155 +
 .../nvalloc/unix/include/nv-kernel-rmapi-ops.h     |    61 +
 src/nvidia/arch/nvalloc/unix/include/nv-nb-regs.h  |    65 +
 src/nvidia/arch/nvalloc/unix/include/nv-priv.h     |   364 +
 src/nvidia/arch/nvalloc/unix/include/nv-reg.h      |  1021 +
 .../unix/include/nv-unix-nvos-params-wrappers.h    |    49 +
 src/nvidia/arch/nvalloc/unix/include/nv.h          |  1137 +
 src/nvidia/arch/nvalloc/unix/include/nv_escape.h   |    55 +
 .../arch/nvalloc/unix/include/os-interface.h       |   265 +
 src/nvidia/arch/nvalloc/unix/include/os_custom.h   |    60 +
 src/nvidia/arch/nvalloc/unix/include/osapi.h       |   187 +
 .../arch/nvalloc/unix/include/rmobjexportimport.h  |    40 +
 .../arch/nvalloc/unix/include/x86emu/debug.h       |   211 +
 .../arch/nvalloc/unix/include/x86emu/decode.h      |    88 +
 src/nvidia/arch/nvalloc/unix/include/x86emu/fpu.h  |    61 +
 .../arch/nvalloc/unix/include/x86emu/fpu_regs.h    |   119 +
 src/nvidia/arch/nvalloc/unix/include/x86emu/ops.h  |    45 +
 .../arch/nvalloc/unix/include/x86emu/prim_ops.h    |   141 +
 src/nvidia/arch/nvalloc/unix/include/x86emu/regs.h |   340 +
 .../arch/nvalloc/unix/include/x86emu/types.h       |    93 +
 .../arch/nvalloc/unix/include/x86emu/x86emu.h      |   205 +
 .../arch/nvalloc/unix/include/x86emu/x86emui.h     |   113 +
 .../arch/nvalloc/unix/src/asm/x86/nv_cpuid.c       |    51 +
 src/nvidia/arch/nvalloc/unix/src/asm/x86/nv_rdcr.c |    37 +
 src/nvidia/arch/nvalloc/unix/src/dynamic-power.c   |  2985 ++
 src/nvidia/arch/nvalloc/unix/src/escape.c          |   935 +
 src/nvidia/arch/nvalloc/unix/src/exports-stubs.c   |    30 +
 src/nvidia/arch/nvalloc/unix/src/gcc_helper.c      |    35 +
 src/nvidia/arch/nvalloc/unix/src/os-hypervisor.c   |   991 +
 src/nvidia/arch/nvalloc/unix/src/os.c              |  5555 ++++
 src/nvidia/arch/nvalloc/unix/src/osapi.c           |  6021 ++++
 src/nvidia/arch/nvalloc/unix/src/osinit.c          |  2573 ++
 src/nvidia/arch/nvalloc/unix/src/osmemdesc.c       |  1130 +
 src/nvidia/arch/nvalloc/unix/src/osnvlink.c        |   783 +
 src/nvidia/arch/nvalloc/unix/src/osunix.c          |    39 +
 src/nvidia/arch/nvalloc/unix/src/registry.c        |   711 +
 src/nvidia/arch/nvalloc/unix/src/rm-gpu-ops.c      |  1042 +
 .../arch/nvalloc/unix/src/rmobjexportimport.c      |   650 +
 .../arch/nvalloc/unix/src/subdevice_ctrl_os_unix.c |    97 +
 src/nvidia/arch/nvalloc/unix/src/unix_console.c    |   422 +
 src/nvidia/arch/nvalloc/unix/src/unix_intr.c       |  1005 +
 src/nvidia/arch/nvalloc/unix/src/vbioscall.c       |   457 +
 src/nvidia/arch/nvalloc/unix/x86emu/debug.c        |   547 +
 src/nvidia/arch/nvalloc/unix/x86emu/decode.c       |  1094 +
 src/nvidia/arch/nvalloc/unix/x86emu/fpu.c          |   965 +
 src/nvidia/arch/nvalloc/unix/x86emu/ops.c          | 11761 ++++++++
 src/nvidia/arch/nvalloc/unix/x86emu/ops2.c         |  2877 ++
 src/nvidia/arch/nvalloc/unix/x86emu/prim_ops.c     |  2655 ++
 src/nvidia/arch/nvalloc/unix/x86emu/sys.c          |   663 +
 src/nvidia/exports_link_command.txt                |   212 +
 src/nvidia/generated/g_access_cntr_buffer_nvoc.c   |   803 +
 src/nvidia/generated/g_access_cntr_buffer_nvoc.h   |   468 +
 src/nvidia/generated/g_all_dcl_pb.c                |   216 +
 src/nvidia/generated/g_all_dcl_pb.h                |    76 +
 src/nvidia/generated/g_allclasses.h                |  1103 +
 src/nvidia/generated/g_binary_api_nvoc.c           |  1077 +
 src/nvidia/generated/g_binary_api_nvoc.h           |   589 +
 src/nvidia/generated/g_bindata.c                   |   451 +
 ...indata_kgspGetBinArchiveBooterLoadUcode_AD102.c |  4503 +++
 ...indata_kgspGetBinArchiveBooterLoadUcode_GA100.c |  4718 ++++
 ...indata_kgspGetBinArchiveBooterLoadUcode_GA102.c |  4824 ++++
 ...indata_kgspGetBinArchiveBooterLoadUcode_TU102.c |  4611 +++
 ...indata_kgspGetBinArchiveBooterLoadUcode_TU116.c |  4611 +++
 ...data_kgspGetBinArchiveBooterUnloadUcode_AD102.c |  3029 ++
 ...data_kgspGetBinArchiveBooterUnloadUcode_GA100.c |  2881 ++
 ...data_kgspGetBinArchiveBooterUnloadUcode_GA102.c |  2972 ++
 ...data_kgspGetBinArchiveBooterUnloadUcode_TU102.c |  2781 ++
 ...data_kgspGetBinArchiveBooterUnloadUcode_TU116.c |  2773 ++
 ...ta_kgspGetBinArchiveConcatenatedFMCDesc_GB100.c |    98 +
 ...ta_kgspGetBinArchiveConcatenatedFMCDesc_GH100.c |    98 +
 ...indata_kgspGetBinArchiveConcatenatedFMC_GB100.c | 28256 +++++++++++++++++++
 ...indata_kgspGetBinArchiveConcatenatedFMC_GH100.c | 25696 +++++++++++++++++
 .../g_bindata_kgspGetBinArchiveGspRmBoot_AD102.c   |  3981 +++
 .../g_bindata_kgspGetBinArchiveGspRmBoot_GA100.c   |   182 +
 .../g_bindata_kgspGetBinArchiveGspRmBoot_GA102.c   |  2443 ++
 .../g_bindata_kgspGetBinArchiveGspRmBoot_GB100.c   | 25287 +++++++++++++++++
 .../g_bindata_kgspGetBinArchiveGspRmBoot_GB202.c   | 25287 +++++++++++++++++
 .../g_bindata_kgspGetBinArchiveGspRmBoot_GH100.c   | 21191 ++++++++++++++
 .../g_bindata_kgspGetBinArchiveGspRmBoot_TU102.c   |   182 +
 ...gspGetBinArchiveGspRmCcFmcGfwProdSigned_GB100.c | 12424 ++++++++
 ...gspGetBinArchiveGspRmCcFmcGfwProdSigned_GH100.c | 10667 +++++++
 ...kgspGetBinArchiveGspRmFmcGfwDebugSigned_GB100.c | 12552 ++++++++
 ...kgspGetBinArchiveGspRmFmcGfwDebugSigned_GB202.c | 12664 +++++++++
 ...kgspGetBinArchiveGspRmFmcGfwDebugSigned_GH100.c | 10587 +++++++
 ..._kgspGetBinArchiveGspRmFmcGfwProdSigned_GB100.c | 12552 ++++++++
 ..._kgspGetBinArchiveGspRmFmcGfwProdSigned_GB202.c | 12664 +++++++++
 ..._kgspGetBinArchiveGspRmFmcGfwProdSigned_GH100.c | 10587 +++++++
 .../g_bindata_ksec2GetBinArchiveBlUcode_TU102.c    |   155 +
 ...data_ksec2GetBinArchiveSecurescrubUcode_AD10X.c |  1277 +
 ...pdmGetBinArchiveIndividualL2Certificate_GB100.c |   211 +
 ...pdmGetBinArchiveIndividualL2Certificate_GH100.c |   211 +
 ...pdmGetBinArchiveIndividualL3Certificate_GB100.c |   214 +
 ...pdmGetBinArchiveIndividualL3Certificate_GB102.c |   214 +
 ...pdmGetBinArchiveIndividualL3Certificate_GB110.c |   214 +
 ...pdmGetBinArchiveIndividualL3Certificate_GB112.c |   214 +
 ...pdmGetBinArchiveIndividualL3Certificate_GH100.c |   214 +
 ...g_bindata_spdmGetBinArchiveL1Certificate_IMPL.c |   193 +
 src/nvidia/generated/g_ccsl_nvoc.c                 |   119 +
 src/nvidia/generated/g_ccsl_nvoc.h                 |   232 +
 src/nvidia/generated/g_ce_utils_nvoc.c             |   778 +
 src/nvidia/generated/g_ce_utils_nvoc.h             |   580 +
 src/nvidia/generated/g_channel_descendant_nvoc.c   |   613 +
 src/nvidia/generated/g_channel_descendant_nvoc.h   |   497 +
 src/nvidia/generated/g_chips2halspec.h             |     3 +
 src/nvidia/generated/g_chips2halspec_nvoc.c        |   236 +
 src/nvidia/generated/g_chips2halspec_nvoc.h        |   171 +
 src/nvidia/generated/g_chipset_nvoc.c              |   206 +
 src/nvidia/generated/g_chipset_nvoc.h              |  1190 +
 src/nvidia/generated/g_client_nvoc.c               |   511 +
 src/nvidia/generated/g_client_nvoc.h               |   430 +
 src/nvidia/generated/g_client_resource_nvoc.c      |  2647 ++
 src/nvidia/generated/g_client_resource_nvoc.h      |  1316 +
 src/nvidia/generated/g_code_coverage_mgr_nvoc.c    |   204 +
 src/nvidia/generated/g_code_coverage_mgr_nvoc.h    |   224 +
 .../g_compute_instance_subscription_nvoc.c         |   550 +
 .../g_compute_instance_subscription_nvoc.h         |   399 +
 src/nvidia/generated/g_conf_compute_api_nvoc.c     |   666 +
 src/nvidia/generated/g_conf_compute_api_nvoc.h     |   406 +
 src/nvidia/generated/g_conf_compute_nvoc.c         |   885 +
 src/nvidia/generated/g_conf_compute_nvoc.h         |  1141 +
 src/nvidia/generated/g_console_mem_nvoc.c          |   557 +
 src/nvidia/generated/g_console_mem_nvoc.h          |   341 +
 src/nvidia/generated/g_context_dma_nvoc.c          |   582 +
 src/nvidia/generated/g_context_dma_nvoc.h          |   469 +
 src/nvidia/generated/g_crashcat_engine_nvoc.c      |   145 +
 src/nvidia/generated/g_crashcat_engine_nvoc.h      |   345 +
 src/nvidia/generated/g_crashcat_pb.c               |   889 +
 src/nvidia/generated/g_crashcat_pb.h               |   202 +
 src/nvidia/generated/g_crashcat_queue_nvoc.c       |   223 +
 src/nvidia/generated/g_crashcat_queue_nvoc.h       |   193 +
 src/nvidia/generated/g_crashcat_report_nvoc.c      |   295 +
 src/nvidia/generated/g_crashcat_report_nvoc.h      |   536 +
 src/nvidia/generated/g_crashcat_wayfinder_nvoc.c   |   229 +
 src/nvidia/generated/g_crashcat_wayfinder_nvoc.h   |   216 +
 src/nvidia/generated/g_dbgbuffer_nvoc.c            |   519 +
 src/nvidia/generated/g_dbgbuffer_nvoc.h            |   342 +
 src/nvidia/generated/g_dce_client_nvoc.h           |   327 +
 src/nvidia/generated/g_deferred_api_nvoc.c         |   765 +
 src/nvidia/generated/g_deferred_api_nvoc.h         |   437 +
 src/nvidia/generated/g_device_nvoc.c               |  1828 ++
 src/nvidia/generated/g_device_nvoc.h               |  1072 +
 src/nvidia/generated/g_disp_capabilities_nvoc.c    |   518 +
 src/nvidia/generated/g_disp_capabilities_nvoc.h    |   333 +
 src/nvidia/generated/g_disp_channel_nvoc.c         |  1853 ++
 src/nvidia/generated/g_disp_channel_nvoc.h         |  1059 +
 src/nvidia/generated/g_disp_inst_mem_nvoc.c        |   294 +
 src/nvidia/generated/g_disp_inst_mem_nvoc.h        |   406 +
 src/nvidia/generated/g_disp_objs_nvoc.c            |  6258 ++++
 src/nvidia/generated/g_disp_objs_nvoc.h            |  3146 +++
 src/nvidia/generated/g_disp_sf_user_nvoc.c         |   518 +
 src/nvidia/generated/g_disp_sf_user_nvoc.h         |   333 +
 src/nvidia/generated/g_dispsw_nvoc.c               |   715 +
 src/nvidia/generated/g_dispsw_nvoc.h               |   462 +
 src/nvidia/generated/g_egm_mem_nvoc.c              |   582 +
 src/nvidia/generated/g_egm_mem_nvoc.h              |   337 +
 src/nvidia/generated/g_eng_desc_nvoc.h             |  1838 ++
 src/nvidia/generated/g_eng_state_nvoc.c            |   214 +
 src/nvidia/generated/g_eng_state_nvoc.h            |   413 +
 src/nvidia/generated/g_engines_pb.c                |   416 +
 src/nvidia/generated/g_engines_pb.h                |   129 +
 src/nvidia/generated/g_event_buffer_nvoc.c         |   526 +
 src/nvidia/generated/g_event_buffer_nvoc.h         |   386 +
 src/nvidia/generated/g_event_nvoc.c                |   920 +
 src/nvidia/generated/g_event_nvoc.h                |   752 +
 src/nvidia/generated/g_fabric_nvoc.c               |   204 +
 src/nvidia/generated/g_fabric_nvoc.h               |   512 +
 src/nvidia/generated/g_fabric_vaspace_nvoc.c       |   445 +
 src/nvidia/generated/g_fabric_vaspace_nvoc.h       |   562 +
 src/nvidia/generated/g_fbsr_nvoc.c                 |   258 +
 src/nvidia/generated/g_fbsr_nvoc.h                 |   348 +
 src/nvidia/generated/g_fecs_event_list_nvoc.h      |   313 +
 src/nvidia/generated/g_fla_mem_nvoc.c              |   528 +
 src/nvidia/generated/g_fla_mem_nvoc.h              |   346 +
 src/nvidia/generated/g_fm_session_api_nvoc.c       |   486 +
 src/nvidia/generated/g_fm_session_api_nvoc.h       |   341 +
 src/nvidia/generated/g_generic_engine_nvoc.c       |   610 +
 src/nvidia/generated/g_generic_engine_nvoc.h       |   371 +
 src/nvidia/generated/g_gpu_access_nvoc.c           |   568 +
 src/nvidia/generated/g_gpu_access_nvoc.h           |   754 +
 src/nvidia/generated/g_gpu_acct_nvoc.c             |   204 +
 src/nvidia/generated/g_gpu_acct_nvoc.h             |   339 +
 src/nvidia/generated/g_gpu_boost_mgr_nvoc.c        |   204 +
 src/nvidia/generated/g_gpu_boost_mgr_nvoc.h        |   309 +
 src/nvidia/generated/g_gpu_class_list.c            |  2384 ++
 src/nvidia/generated/g_gpu_db_nvoc.c               |   204 +
 src/nvidia/generated/g_gpu_db_nvoc.h               |   201 +
 src/nvidia/generated/g_gpu_group_nvoc.c            |   198 +
 src/nvidia/generated/g_gpu_group_nvoc.h            |   352 +
 src/nvidia/generated/g_gpu_halspec_nvoc.c          |   133 +
 src/nvidia/generated/g_gpu_halspec_nvoc.h          |   129 +
 .../generated/g_gpu_instance_subscription_nvoc.c   |   690 +
 .../generated/g_gpu_instance_subscription_nvoc.h   |   494 +
 src/nvidia/generated/g_gpu_mgmt_api_nvoc.c         |   466 +
 src/nvidia/generated/g_gpu_mgmt_api_nvoc.h         |   313 +
 src/nvidia/generated/g_gpu_mgr_nvoc.c              |   204 +
 src/nvidia/generated/g_gpu_mgr_nvoc.h              |   690 +
 src/nvidia/generated/g_gpu_nvoc.c                  |  1878 ++
 src/nvidia/generated/g_gpu_nvoc.h                  |  5659 ++++
 src/nvidia/generated/g_gpu_resource_nvoc.c         |   441 +
 src/nvidia/generated/g_gpu_resource_nvoc.h         |   428 +
 src/nvidia/generated/g_gpu_user_shared_data_nvoc.c |   558 +
 src/nvidia/generated/g_gpu_user_shared_data_nvoc.h |   354 +
 src/nvidia/generated/g_gpu_vaspace_nvoc.c          |   445 +
 src/nvidia/generated/g_gpu_vaspace_nvoc.h          |   847 +
 src/nvidia/generated/g_gr_pb.c                     |   173 +
 src/nvidia/generated/g_gr_pb.h                     |    63 +
 src/nvidia/generated/g_gsp_pb.c                    |   286 +
 src/nvidia/generated/g_gsp_pb.h                    |    95 +
 src/nvidia/generated/g_gsync_api_nvoc.c            |  1101 +
 src/nvidia/generated/g_gsync_api_nvoc.h            |   610 +
 src/nvidia/generated/g_gsync_nvoc.c                |   225 +
 src/nvidia/generated/g_gsync_nvoc.h                |   362 +
 src/nvidia/generated/g_hal.h                       |   188 +
 src/nvidia/generated/g_hal_archimpl.h              |   113 +
 src/nvidia/generated/g_hal_mgr_nvoc.c              |   204 +
 src/nvidia/generated/g_hal_mgr_nvoc.h              |   175 +
 src/nvidia/generated/g_hal_nvoc.c                  |   198 +
 src/nvidia/generated/g_hal_nvoc.h                  |   185 +
 src/nvidia/generated/g_hal_private.h               |   549 +
 src/nvidia/generated/g_hal_register.h              |   256 +
 src/nvidia/generated/g_hal_stubs.h                 |  2349 ++
 src/nvidia/generated/g_hda_codec_api_nvoc.c        |   515 +
 src/nvidia/generated/g_hda_codec_api_nvoc.h        |   321 +
 src/nvidia/generated/g_heap_nvoc.c                 |   199 +
 src/nvidia/generated/g_heap_nvoc.h                 |   671 +
 src/nvidia/generated/g_host_eng_nvoc.c             |   121 +
 src/nvidia/generated/g_host_eng_nvoc.h             |   149 +
 src/nvidia/generated/g_hw_resources_nvoc.c         |   527 +
 src/nvidia/generated/g_hw_resources_nvoc.h         |   332 +
 src/nvidia/generated/g_hypervisor_nvoc.c           |   204 +
 src/nvidia/generated/g_hypervisor_nvoc.h           |   293 +
 src/nvidia/generated/g_i2c_api_nvoc.c              |   627 +
 src/nvidia/generated/g_i2c_api_nvoc.h              |   371 +
 src/nvidia/generated/g_imex_session_api_nvoc.c     |   506 +
 src/nvidia/generated/g_imex_session_api_nvoc.h     |   354 +
 src/nvidia/generated/g_intr_nvoc.c                 |   655 +
 src/nvidia/generated/g_intr_nvoc.h                 |  2104 ++
 src/nvidia/generated/g_intr_service_nvoc.c         |   124 +
 src/nvidia/generated/g_intr_service_nvoc.h         |   206 +
 src/nvidia/generated/g_io_vaspace_nvoc.c           |   445 +
 src/nvidia/generated/g_io_vaspace_nvoc.h           |   487 +
 src/nvidia/generated/g_ioaccess_nvoc.c             |   137 +
 src/nvidia/generated/g_ioaccess_nvoc.h             |   288 +
 src/nvidia/generated/g_journal_nvoc.c              |   221 +
 src/nvidia/generated/g_journal_nvoc.h              |   603 +
 src/nvidia/generated/g_journal_pb.c                |   546 +
 src/nvidia/generated/g_journal_pb.h                |   148 +
 src/nvidia/generated/g_kern_bus_nvoc.c             |  1604 ++
 src/nvidia/generated/g_kern_bus_nvoc.h             |  3097 ++
 src/nvidia/generated/g_kern_disp_nvoc.c            |   803 +
 src/nvidia/generated/g_kern_disp_nvoc.h            |  1370 +
 src/nvidia/generated/g_kern_fsp_nvoc.c             |   789 +
 src/nvidia/generated/g_kern_fsp_nvoc.h             |   763 +
 src/nvidia/generated/g_kern_gmmu_nvoc.c            |  1305 +
 src/nvidia/generated/g_kern_gmmu_nvoc.h            |  2978 ++
 .../generated/g_kern_hwpm_common_defs_nvoc.c       |     0
 .../generated/g_kern_hwpm_common_defs_nvoc.h       |    84 +
 src/nvidia/generated/g_kern_hwpm_nvoc.c            |   407 +
 src/nvidia/generated/g_kern_hwpm_nvoc.h            |   376 +
 src/nvidia/generated/g_kern_hwpm_power_nvoc.c      |     0
 src/nvidia/generated/g_kern_hwpm_power_nvoc.h      |    79 +
 src/nvidia/generated/g_kern_mem_sys_nvoc.c         |   835 +
 src/nvidia/generated/g_kern_mem_sys_nvoc.h         |  1243 +
 src/nvidia/generated/g_kern_perf_nvoc.c            |   355 +
 src/nvidia/generated/g_kern_perf_nvoc.h            |   341 +
 src/nvidia/generated/g_kern_perfbuffer_nvoc.c      |   546 +
 src/nvidia/generated/g_kern_perfbuffer_nvoc.h      |   359 +
 src/nvidia/generated/g_kern_pmu_nvoc.c             |   357 +
 src/nvidia/generated/g_kern_pmu_nvoc.h             |   386 +
 src/nvidia/generated/g_kernel_bif_nvoc.c           |  1283 +
 src/nvidia/generated/g_kernel_bif_nvoc.h           |  1617 ++
 src/nvidia/generated/g_kernel_ccu_api_nvoc.c       |   610 +
 src/nvidia/generated/g_kernel_ccu_api_nvoc.h       |   373 +
 src/nvidia/generated/g_kernel_ccu_nvoc.c           |   386 +
 src/nvidia/generated/g_kernel_ccu_nvoc.h           |   461 +
 src/nvidia/generated/g_kernel_ce_context_nvoc.c    |   671 +
 src/nvidia/generated/g_kernel_ce_context_nvoc.h    |   381 +
 src/nvidia/generated/g_kernel_ce_nvoc.c            |   876 +
 src/nvidia/generated/g_kernel_ce_nvoc.h            |  1039 +
 .../generated/g_kernel_channel_group_api_nvoc.c    |   870 +
 .../generated/g_kernel_channel_group_api_nvoc.h    |   558 +
 src/nvidia/generated/g_kernel_channel_group_nvoc.c |   237 +
 src/nvidia/generated/g_kernel_channel_group_nvoc.h |   498 +
 src/nvidia/generated/g_kernel_channel_nvoc.c       |  1338 +
 src/nvidia/generated/g_kernel_channel_nvoc.h       |  1587 ++
 .../generated/g_kernel_crashcat_engine_nvoc.c      |   239 +
 .../generated/g_kernel_crashcat_engine_nvoc.h      |   339 +
 src/nvidia/generated/g_kernel_ctxshare_nvoc.c      |   803 +
 src/nvidia/generated/g_kernel_ctxshare_nvoc.h      |   553 +
 src/nvidia/generated/g_kernel_falcon_nvoc.c        |  1102 +
 src/nvidia/generated/g_kernel_falcon_nvoc.h        |   945 +
 src/nvidia/generated/g_kernel_fifo_nvoc.c          |   799 +
 src/nvidia/generated/g_kernel_fifo_nvoc.h          |  2336 ++
 .../generated/g_kernel_graphics_context_nvoc.c     |   873 +
 .../generated/g_kernel_graphics_context_nvoc.h     |  1311 +
 .../generated/g_kernel_graphics_manager_nvoc.c     |   365 +
 .../generated/g_kernel_graphics_manager_nvoc.h     |   584 +
 src/nvidia/generated/g_kernel_graphics_nvoc.c      |   613 +
 src/nvidia/generated/g_kernel_graphics_nvoc.h      |  1095 +
 .../generated/g_kernel_graphics_object_nvoc.c      |   704 +
 .../generated/g_kernel_graphics_object_nvoc.h      |   489 +
 src/nvidia/generated/g_kernel_gsp_nvoc.c           |  1766 ++
 src/nvidia/generated/g_kernel_gsp_nvoc.h           |  2025 ++
 src/nvidia/generated/g_kernel_gsplite_nvoc.c       |   349 +
 src/nvidia/generated/g_kernel_gsplite_nvoc.h       |   260 +
 src/nvidia/generated/g_kernel_head_nvoc.c          |   439 +
 src/nvidia/generated/g_kernel_head_nvoc.h          |   595 +
 .../generated/g_kernel_hostvgpudeviceapi_nvoc.c    |  1038 +
 .../generated/g_kernel_hostvgpudeviceapi_nvoc.h    |   589 +
 src/nvidia/generated/g_kernel_ioctrl_nvoc.c        |   390 +
 src/nvidia/generated/g_kernel_ioctrl_nvoc.h        |   370 +
 src/nvidia/generated/g_kernel_mc_nvoc.c            |   358 +
 src/nvidia/generated/g_kernel_mc_nvoc.h            |   306 +
 src/nvidia/generated/g_kernel_mig_manager_nvoc.c   |   700 +
 src/nvidia/generated/g_kernel_mig_manager_nvoc.h   |  2170 ++
 src/nvidia/generated/g_kernel_nvdec_ctx_nvoc.c     |   681 +
 src/nvidia/generated/g_kernel_nvdec_ctx_nvoc.h     |   406 +
 src/nvidia/generated/g_kernel_nvenc_ctx_nvoc.c     |   681 +
 src/nvidia/generated/g_kernel_nvenc_ctx_nvoc.h     |   406 +
 src/nvidia/generated/g_kernel_nvjpg_ctx_nvoc.c     |   681 +
 src/nvidia/generated/g_kernel_nvjpg_ctx_nvoc.h     |   406 +
 src/nvidia/generated/g_kernel_nvlink_nvoc.c        |   974 +
 src/nvidia/generated/g_kernel_nvlink_nvoc.h        |  2307 ++
 src/nvidia/generated/g_kernel_ofa_ctx_nvoc.c       |   681 +
 src/nvidia/generated/g_kernel_ofa_ctx_nvoc.h       |   406 +
 src/nvidia/generated/g_kernel_rc_nvoc.c            |   368 +
 src/nvidia/generated/g_kernel_rc_nvoc.h            |   663 +
 src/nvidia/generated/g_kernel_sec2_nvoc.c          |   734 +
 src/nvidia/generated/g_kernel_sec2_nvoc.h          |   514 +
 .../generated/g_kernel_sm_debugger_session_nvoc.c  |  1462 +
 .../generated/g_kernel_sm_debugger_session_nvoc.h  |   857 +
 src/nvidia/generated/g_kernel_vgpu_mgr_nvoc.c      |   204 +
 src/nvidia/generated/g_kernel_vgpu_mgr_nvoc.h      |   582 +
 src/nvidia/generated/g_kernel_video_engine_nvoc.c  |   223 +
 src/nvidia/generated/g_kernel_video_engine_nvoc.h  |   249 +
 src/nvidia/generated/g_lock_stress_nvoc.c          |   727 +
 src/nvidia/generated/g_lock_stress_nvoc.h          |   423 +
 src/nvidia/generated/g_lock_test_nvoc.c            |   519 +
 src/nvidia/generated/g_lock_test_nvoc.h            |   327 +
 src/nvidia/generated/g_mem_desc_nvoc.h             |  1496 +
 src/nvidia/generated/g_mem_export_nvoc.c           |   509 +
 src/nvidia/generated/g_mem_export_nvoc.h           |   347 +
 .../generated/g_mem_fabric_import_ref_nvoc.c       |   469 +
 .../generated/g_mem_fabric_import_ref_nvoc.h       |   325 +
 src/nvidia/generated/g_mem_fabric_import_v2_nvoc.c |   559 +
 src/nvidia/generated/g_mem_fabric_import_v2_nvoc.h |   421 +
 src/nvidia/generated/g_mem_fabric_nvoc.c           |   659 +
 src/nvidia/generated/g_mem_fabric_nvoc.h           |   436 +
 src/nvidia/generated/g_mem_list_nvoc.c             |   526 +
 src/nvidia/generated/g_mem_list_nvoc.h             |   330 +
 src/nvidia/generated/g_mem_mapper_nvoc.c           |   567 +
 src/nvidia/generated/g_mem_mapper_nvoc.h           |   455 +
 src/nvidia/generated/g_mem_mgr_nvoc.c              |   913 +
 src/nvidia/generated/g_mem_mgr_nvoc.h              |  3195 +++
 src/nvidia/generated/g_mem_multicast_fabric_nvoc.c |   679 +
 src/nvidia/generated/g_mem_multicast_fabric_nvoc.h |   453 +
 src/nvidia/generated/g_mem_nvoc.c                  |   594 +
 src/nvidia/generated/g_mem_nvoc.h                  |   618 +
 src/nvidia/generated/g_mig_config_session_nvoc.c   |   435 +
 src/nvidia/generated/g_mig_config_session_nvoc.h   |   310 +
 src/nvidia/generated/g_mig_monitor_session_nvoc.c  |   435 +
 src/nvidia/generated/g_mig_monitor_session_nvoc.h  |   311 +
 src/nvidia/generated/g_mmu_fault_buffer_nvoc.c     |   723 +
 src/nvidia/generated/g_mmu_fault_buffer_nvoc.h     |   429 +
 src/nvidia/generated/g_mps_api_nvoc.c              |   435 +
 src/nvidia/generated/g_mps_api_nvoc.h              |   312 +
 src/nvidia/generated/g_no_device_mem_nvoc.c        |   527 +
 src/nvidia/generated/g_no_device_mem_nvoc.h        |   334 +
 src/nvidia/generated/g_nv_debug_dump_nvoc.c        |   349 +
 src/nvidia/generated/g_nv_debug_dump_nvoc.h        |   465 +
 src/nvidia/generated/g_nv_name_released.h          |  6619 +++++
 src/nvidia/generated/g_nvdebug_pb.c                |  1122 +
 src/nvidia/generated/g_nvdebug_pb.h                |   304 +
 src/nvidia/generated/g_nvencsession_nvoc.c         |   567 +
 src/nvidia/generated/g_nvencsession_nvoc.h         |   392 +
 src/nvidia/generated/g_nvfbc_session_nvoc.c        |   547 +
 src/nvidia/generated/g_nvfbc_session_nvoc.h        |   374 +
 src/nvidia/generated/g_nvh_state.h                 |    28 +
 src/nvidia/generated/g_object_nvoc.c               |   181 +
 src/nvidia/generated/g_object_nvoc.h               |   235 +
 src/nvidia/generated/g_objsweng_nvoc.c             |   324 +
 src/nvidia/generated/g_objsweng_nvoc.h             |   249 +
 src/nvidia/generated/g_objtmr_nvoc.c               |   553 +
 src/nvidia/generated/g_objtmr_nvoc.h               |  1265 +
 src/nvidia/generated/g_odb.h                       |    60 +
 src/nvidia/generated/g_os_desc_mem_nvoc.c          |   527 +
 src/nvidia/generated/g_os_desc_mem_nvoc.h          |   332 +
 src/nvidia/generated/g_os_hal.h                    |    10 +
 src/nvidia/generated/g_os_nvoc.c                   |   199 +
 src/nvidia/generated/g_os_nvoc.h                   |  1461 +
 src/nvidia/generated/g_p2p_api_nvoc.c              |   435 +
 src/nvidia/generated/g_p2p_api_nvoc.h              |   322 +
 src/nvidia/generated/g_phys_mem_nvoc.c             |   526 +
 src/nvidia/generated/g_phys_mem_nvoc.h             |   331 +
 src/nvidia/generated/g_platform_nvoc.c             |   205 +
 src/nvidia/generated/g_platform_nvoc.h             |   264 +
 .../generated/g_platform_request_handler_nvoc.c    |   203 +
 .../generated/g_platform_request_handler_nvoc.h    |   576 +
 src/nvidia/generated/g_prereq_tracker_nvoc.c       |   205 +
 src/nvidia/generated/g_prereq_tracker_nvoc.h       |   305 +
 src/nvidia/generated/g_profiler_v1_nvoc.c          |   648 +
 src/nvidia/generated/g_profiler_v1_nvoc.h          |   424 +
 src/nvidia/generated/g_profiler_v2_nvoc.c          |  2524 ++
 src/nvidia/generated/g_profiler_v2_nvoc.h          |  1427 +
 src/nvidia/generated/g_rc_pb.c                     |   523 +
 src/nvidia/generated/g_rc_pb.h                     |   147 +
 src/nvidia/generated/g_ref_count_nvoc.c            |   208 +
 src/nvidia/generated/g_ref_count_nvoc.h            |   237 +
 src/nvidia/generated/g_reg_mem_nvoc.c              |   526 +
 src/nvidia/generated/g_reg_mem_nvoc.h              |   331 +
 src/nvidia/generated/g_regs_pb.c                   |   117 +
 src/nvidia/generated/g_regs_pb.h                   |    46 +
 src/nvidia/generated/g_resource_fwd_decls_nvoc.h   |  1551 +
 src/nvidia/generated/g_resource_nvoc.c             |   489 +
 src/nvidia/generated/g_resource_nvoc.h             |   478 +
 src/nvidia/generated/g_resserv_nvoc.h              |   457 +
 src/nvidia/generated/g_rg_line_callback_nvoc.c     |   516 +
 src/nvidia/generated/g_rg_line_callback_nvoc.h     |   357 +
 src/nvidia/generated/g_rmconfig_private.h          |   844 +
 src/nvidia/generated/g_rmconfig_util.c             |   506 +
 src/nvidia/generated/g_rmconfig_util.h             |   118 +
 src/nvidia/generated/g_rpc-message-header.h        |    68 +
 src/nvidia/generated/g_rpc-structures.h            | 11509 ++++++++
 src/nvidia/generated/g_rpc_hal.h                   |   713 +
 src/nvidia/generated/g_rpc_iom.c                   |   140 +
 src/nvidia/generated/g_rpc_odb.h                   |    31 +
 src/nvidia/generated/g_rpc_private.h               |  4923 ++++
 src/nvidia/generated/g_rpcstructurecopy_hal.h      |   293 +
 src/nvidia/generated/g_rpcstructurecopy_iom.c      |   128 +
 src/nvidia/generated/g_rpcstructurecopy_odb.h      |    30 +
 src/nvidia/generated/g_rpcstructurecopy_private.h  |  2269 ++
 src/nvidia/generated/g_rs_client_nvoc.c            |   564 +
 src/nvidia/generated/g_rs_client_nvoc.h            |   795 +
 src/nvidia/generated/g_rs_resource_nvoc.c          |   225 +
 src/nvidia/generated/g_rs_resource_nvoc.h          |   976 +
 src/nvidia/generated/g_rs_server_nvoc.c            |   402 +
 src/nvidia/generated/g_rs_server_nvoc.h            |  1424 +
 src/nvidia/generated/g_sdk-structures.h            |  5023 ++++
 src/nvidia/generated/g_sec2_context_nvoc.c         |   681 +
 src/nvidia/generated/g_sec2_context_nvoc.h         |   407 +
 src/nvidia/generated/g_sec2_utils_nvoc.c           |   206 +
 src/nvidia/generated/g_sec2_utils_nvoc.h           |   207 +
 src/nvidia/generated/g_sem_surf_nvoc.c             |   650 +
 src/nvidia/generated/g_sem_surf_nvoc.h             |   517 +
 src/nvidia/generated/g_spdm_nvoc.c                 |   628 +
 src/nvidia/generated/g_spdm_nvoc.h                 |   789 +
 src/nvidia/generated/g_spdm_proxy_nvoc.c           |   119 +
 src/nvidia/generated/g_spdm_proxy_nvoc.h           |   138 +
 src/nvidia/generated/g_standard_mem_nvoc.c         |   526 +
 src/nvidia/generated/g_standard_mem_nvoc.h         |   384 +
 src/nvidia/generated/g_subdevice_diag_nvoc.c       |   945 +
 src/nvidia/generated/g_subdevice_diag_nvoc.h       |   567 +
 src/nvidia/generated/g_subdevice_nvoc.c            | 13397 +++++++++
 src/nvidia/generated/g_subdevice_nvoc.h            |  6470 +++++
 src/nvidia/generated/g_sw_test_nvoc.c              |   674 +
 src/nvidia/generated/g_sw_test_nvoc.h              |   378 +
 src/nvidia/generated/g_swintr_nvoc.c               |   372 +
 src/nvidia/generated/g_swintr_nvoc.h               |   282 +
 src/nvidia/generated/g_syncgpuboost_nvoc.c         |   435 +
 src/nvidia/generated/g_syncgpuboost_nvoc.h         |   297 +
 src/nvidia/generated/g_syncpoint_mem_nvoc.c        |   526 +
 src/nvidia/generated/g_syncpoint_mem_nvoc.h        |   329 +
 src/nvidia/generated/g_system_mem_nvoc.c           |   633 +
 src/nvidia/generated/g_system_mem_nvoc.h           |   363 +
 src/nvidia/generated/g_system_nvoc.c               |   238 +
 src/nvidia/generated/g_system_nvoc.h               |   735 +
 src/nvidia/generated/g_third_party_p2p_nvoc.c      |   822 +
 src/nvidia/generated/g_third_party_p2p_nvoc.h      |   752 +
 src/nvidia/generated/g_timed_sema_nvoc.c           |   745 +
 src/nvidia/generated/g_timed_sema_nvoc.h           |   456 +
 src/nvidia/generated/g_tmr_nvoc.c                  |   623 +
 src/nvidia/generated/g_tmr_nvoc.h                  |   432 +
 src/nvidia/generated/g_traceable_nvoc.c            |   119 +
 src/nvidia/generated/g_traceable_nvoc.h            |   122 +
 src/nvidia/generated/g_usermode_api_nvoc.c         |   526 +
 src/nvidia/generated/g_usermode_api_nvoc.h         |   340 +
 src/nvidia/generated/g_uvm_channel_retainer_nvoc.c |   534 +
 src/nvidia/generated/g_uvm_channel_retainer_nvoc.h |   358 +
 src/nvidia/generated/g_uvm_nvoc.c                  |   790 +
 src/nvidia/generated/g_uvm_nvoc.h                  |   851 +
 src/nvidia/generated/g_uvm_sw_nvoc.c               |   684 +
 src/nvidia/generated/g_uvm_sw_nvoc.h               |   398 +
 src/nvidia/generated/g_vaspace_api_nvoc.c          |   650 +
 src/nvidia/generated/g_vaspace_api_nvoc.h          |   409 +
 src/nvidia/generated/g_vaspace_nvoc.c              |   171 +
 src/nvidia/generated/g_vaspace_nvoc.h              |   701 +
 src/nvidia/generated/g_vblank_callback_nvoc.c      |   547 +
 src/nvidia/generated/g_vblank_callback_nvoc.h      |   350 +
 src/nvidia/generated/g_vgpuapi_nvoc.c              |   587 +
 src/nvidia/generated/g_vgpuapi_nvoc.h              |   358 +
 src/nvidia/generated/g_vgpuconfigapi_nvoc.c        |  1120 +
 src/nvidia/generated/g_vgpuconfigapi_nvoc.h        |   610 +
 src/nvidia/generated/g_video_mem_nvoc.c            |   586 +
 src/nvidia/generated/g_video_mem_nvoc.h            |   355 +
 src/nvidia/generated/g_videoeventlist_nvoc.h       |   139 +
 .../generated/g_vidmem_access_bit_buffer_nvoc.c    |   638 +
 .../generated/g_vidmem_access_bit_buffer_nvoc.h    |   431 +
 src/nvidia/generated/g_virt_mem_allocator_nvoc.c   |   409 +
 src/nvidia/generated/g_virt_mem_allocator_nvoc.h   |   654 +
 src/nvidia/generated/g_virt_mem_mgr_nvoc.c         |   198 +
 src/nvidia/generated/g_virt_mem_mgr_nvoc.h         |   178 +
 src/nvidia/generated/g_virt_mem_range_nvoc.c       |   641 +
 src/nvidia/generated/g_virt_mem_range_nvoc.h       |   332 +
 src/nvidia/generated/g_virtual_mem_nvoc.c          |   586 +
 src/nvidia/generated/g_virtual_mem_nvoc.h          |   385 +
 src/nvidia/generated/g_zbc_api_nvoc.c              |   698 +
 src/nvidia/generated/g_zbc_api_nvoc.h              |   423 +
 src/nvidia/generated/rmconfig.h                    |   849 +
 src/nvidia/inc/kernel/compute/fabric.h             |     3 +
 src/nvidia/inc/kernel/compute/fm_session_api.h     |     3 +
 src/nvidia/inc/kernel/compute/imex_session_api.h   |     3 +
 src/nvidia/inc/kernel/compute/mps_api.h            |     3 +
 src/nvidia/inc/kernel/core/bin_data.h              |   180 +
 src/nvidia/inc/kernel/core/core.h                  |    50 +
 src/nvidia/inc/kernel/core/hal.h                   |     3 +
 src/nvidia/inc/kernel/core/hal_mgr.h               |     3 +
 src/nvidia/inc/kernel/core/info_block.h            |    47 +
 src/nvidia/inc/kernel/core/locks.h                 |   195 +
 src/nvidia/inc/kernel/core/prelude.h               |   118 +
 src/nvidia/inc/kernel/core/printf.h                |   263 +
 src/nvidia/inc/kernel/core/strict.h                |    99 +
 src/nvidia/inc/kernel/core/system.h                |     3 +
 src/nvidia/inc/kernel/core/thread_state.h          |   227 +
 .../inc/kernel/diagnostics/code_coverage_mgr.h     |     3 +
 src/nvidia/inc/kernel/diagnostics/gpu_acct.h       |     3 +
 src/nvidia/inc/kernel/diagnostics/journal.h        |     3 +
 .../inc/kernel/diagnostics/journal_structs.h       |    53 +
 src/nvidia/inc/kernel/diagnostics/nv_debug_dump.h  |     3 +
 src/nvidia/inc/kernel/diagnostics/profiler.h       |   119 +
 src/nvidia/inc/kernel/diagnostics/traceable.h      |     3 +
 src/nvidia/inc/kernel/diagnostics/tracer.h         |   188 +
 src/nvidia/inc/kernel/diagnostics/xid_context.h    |    64 +
 src/nvidia/inc/kernel/disp/nvfbc_session.h         |     3 +
 src/nvidia/inc/kernel/gpu/audio/hda_codec_api.h    |     3 +
 src/nvidia/inc/kernel/gpu/bif/kernel_bif.h         |     3 +
 src/nvidia/inc/kernel/gpu/bus/kern_bus.h           |     3 +
 src/nvidia/inc/kernel/gpu/bus/p2p_api.h            |     3 +
 src/nvidia/inc/kernel/gpu/bus/third_party_p2p.h    |     3 +
 src/nvidia/inc/kernel/gpu/ccu/kernel_ccu.h         |     3 +
 src/nvidia/inc/kernel/gpu/ccu/kernel_ccu_api.h     |     3 +
 src/nvidia/inc/kernel/gpu/ce/kernel_ce.h           |     3 +
 src/nvidia/inc/kernel/gpu/ce/kernel_ce_context.h   |     3 +
 .../inc/kernel/gpu/ce/kernel_ce_gv100_private.h    |    38 +
 src/nvidia/inc/kernel/gpu/ce/kernel_ce_private.h   |    83 +
 src/nvidia/inc/kernel/gpu/ce/kernel_ce_shared.h    |    39 +
 src/nvidia/inc/kernel/gpu/conf_compute/ccsl.h      |     3 +
 .../inc/kernel/gpu/conf_compute/ccsl_context.h     |    81 +
 .../inc/kernel/gpu/conf_compute/conf_compute.h     |     3 +
 .../inc/kernel/gpu/conf_compute/conf_compute_api.h |     3 +
 src/nvidia/inc/kernel/gpu/dbgbuffer.h              |     3 +
 src/nvidia/inc/kernel/gpu/dce_client/dce_client.h  |     3 +
 src/nvidia/inc/kernel/gpu/deferred_api.h           |     3 +
 src/nvidia/inc/kernel/gpu/device/device.h          |     3 +
 src/nvidia/inc/kernel/gpu/disp/disp_capabilities.h |     3 +
 src/nvidia/inc/kernel/gpu/disp/disp_channel.h      |     3 +
 src/nvidia/inc/kernel/gpu/disp/disp_objs.h         |     3 +
 src/nvidia/inc/kernel/gpu/disp/disp_sf_user.h      |     3 +
 src/nvidia/inc/kernel/gpu/disp/dispsw.h            |     3 +
 src/nvidia/inc/kernel/gpu/disp/head/kernel_head.h  |     3 +
 .../inc/kernel/gpu/disp/inst_mem/disp_inst_mem.h   |     3 +
 src/nvidia/inc/kernel/gpu/disp/kern_disp.h         |     3 +
 src/nvidia/inc/kernel/gpu/disp/kern_disp_max.h     |    35 +
 src/nvidia/inc/kernel/gpu/disp/kern_disp_type.h    |   117 +
 .../gpu/disp/rg_line_callback/rg_line_callback.h   |     3 +
 .../inc/kernel/gpu/disp/vblank_callback/vblank.h   |   111 +
 .../gpu/disp/vblank_callback/vblank_callback.h     |     3 +
 src/nvidia/inc/kernel/gpu/eng_desc.h               |     3 +
 src/nvidia/inc/kernel/gpu/eng_state.h              |     3 +
 src/nvidia/inc/kernel/gpu/error_cont.h             |   189 +
 .../inc/kernel/gpu/external_device/dac_p2060.h     |   260 +
 .../inc/kernel/gpu/external_device/dac_p2061.h     |    40 +
 .../inc/kernel/gpu/external_device/dev_p2060.h     |   314 +
 .../inc/kernel/gpu/external_device/dev_p2061.h     |    46 +
 .../kernel/gpu/external_device/external_device.h   |   134 +
 src/nvidia/inc/kernel/gpu/external_device/gsync.h  |     3 +
 .../inc/kernel/gpu/external_device/gsync_api.h     |     3 +
 src/nvidia/inc/kernel/gpu/falcon/falcon_common.h   |    74 +
 .../inc/kernel/gpu/falcon/kernel_crashcat_engine.h |     3 +
 src/nvidia/inc/kernel/gpu/falcon/kernel_falcon.h   |     3 +
 .../inc/kernel/gpu/fifo/channel_descendant.h       |     3 +
 src/nvidia/inc/kernel/gpu/fifo/engine_info.h       |   117 +
 src/nvidia/inc/kernel/gpu/fifo/kernel_channel.h    |     3 +
 .../inc/kernel/gpu/fifo/kernel_channel_group.h     |     3 +
 .../inc/kernel/gpu/fifo/kernel_channel_group_api.h |     3 +
 src/nvidia/inc/kernel/gpu/fifo/kernel_ctxshare.h   |     3 +
 src/nvidia/inc/kernel/gpu/fifo/kernel_fifo.h       |     3 +
 src/nvidia/inc/kernel/gpu/fifo/usermode_api.h      |     3 +
 .../inc/kernel/gpu/fifo/uvm_channel_retainer.h     |     3 +
 src/nvidia/inc/kernel/gpu/fsp/kern_fsp.h           |     3 +
 .../inc/kernel/gpu/fsp/kern_fsp_cot_payload.h      |    58 +
 .../inc/kernel/gpu/fsp/kern_fsp_mctp_pkt_state.h   |    36 +
 src/nvidia/inc/kernel/gpu/fsp/kern_fsp_retval.h    |    29 +
 src/nvidia/inc/kernel/gpu/gpu.h                    |     3 +
 src/nvidia/inc/kernel/gpu/gpu_access.h             |     3 +
 src/nvidia/inc/kernel/gpu/gpu_acpi_data.h          |   117 +
 src/nvidia/inc/kernel/gpu/gpu_child_class_defs.h   |    47 +
 src/nvidia/inc/kernel/gpu/gpu_child_list.h         |   322 +
 src/nvidia/inc/kernel/gpu/gpu_device_mapping.h     |    63 +
 src/nvidia/inc/kernel/gpu/gpu_ecc.h                |    60 +
 src/nvidia/inc/kernel/gpu/gpu_engine_type.h        |   183 +
 src/nvidia/inc/kernel/gpu/gpu_fabric_probe.h       |    84 +
 src/nvidia/inc/kernel/gpu/gpu_halspec.h            |     3 +
 src/nvidia/inc/kernel/gpu/gpu_resource.h           |     3 +
 src/nvidia/inc/kernel/gpu/gpu_resource_desc.h      |    37 +
 src/nvidia/inc/kernel/gpu/gpu_shared_data_map.h    |    77 +
 src/nvidia/inc/kernel/gpu/gpu_timeout.h            |   148 +
 src/nvidia/inc/kernel/gpu/gpu_user_shared_data.h   |     3 +
 src/nvidia/inc/kernel/gpu/gpu_uuid.h               |    54 +
 src/nvidia/inc/kernel/gpu/gr/fecs_event_list.h     |     3 +
 src/nvidia/inc/kernel/gpu/gr/kernel_graphics.h     |     3 +
 .../inc/kernel/gpu/gr/kernel_graphics_context.h    |     3 +
 .../gpu/gr/kernel_graphics_context_buffers.h       |    67 +
 .../inc/kernel/gpu/gr/kernel_graphics_manager.h    |     3 +
 .../inc/kernel/gpu/gr/kernel_graphics_object.h     |     3 +
 .../kernel/gpu/gr/kernel_sm_debugger_exception.h   |    57 +
 .../inc/kernel/gpu/gr/kernel_sm_debugger_session.h |     3 +
 src/nvidia/inc/kernel/gpu/gsp/gsp_fw_heap.h        |   108 +
 src/nvidia/inc/kernel/gpu/gsp/gsp_init_args.h      |    66 +
 src/nvidia/inc/kernel/gpu/gsp/gsp_static_config.h  |   223 +
 .../inc/kernel/gpu/gsp/gsp_trace_rats_macro.h      |    43 +
 src/nvidia/inc/kernel/gpu/gsp/kernel_gsp.h         |     3 +
 .../inc/kernel/gpu/gsp/kernel_gsp_trace_rats.h     |    64 +
 src/nvidia/inc/kernel/gpu/gsp/message_queue.h      |    44 +
 src/nvidia/inc/kernel/gpu/gsp/message_queue_priv.h |   126 +
 src/nvidia/inc/kernel/gpu/gsplite/kernel_gsplite.h |     3 +
 src/nvidia/inc/kernel/gpu/host_eng/host_eng.h      |     3 +
 src/nvidia/inc/kernel/gpu/hwpm/kern_hwpm.h         |     3 +
 .../inc/kernel/gpu/hwpm/kern_hwpm_common_defs.h    |     3 +
 src/nvidia/inc/kernel/gpu/hwpm/kern_hwpm_power.h   |     3 +
 src/nvidia/inc/kernel/gpu/hwpm/profiler_v1.h       |     3 +
 src/nvidia/inc/kernel/gpu/hwpm/profiler_v2.h       |     3 +
 src/nvidia/inc/kernel/gpu/i2c/i2c_api.h            |     3 +
 src/nvidia/inc/kernel/gpu/intr/engine_idx.h        |   204 +
 src/nvidia/inc/kernel/gpu/intr/intr.h              |     3 +
 src/nvidia/inc/kernel/gpu/intr/intr_common.h       |    49 +
 src/nvidia/inc/kernel/gpu/intr/intr_service.h      |     3 +
 src/nvidia/inc/kernel/gpu/intr/swintr.h            |     3 +
 src/nvidia/inc/kernel/gpu/kern_gpu_power.h         |    73 +
 src/nvidia/inc/kernel/gpu/mc/kernel_mc.h           |     3 +
 src/nvidia/inc/kernel/gpu/mem_mgr/ce_utils.h       |     3 +
 src/nvidia/inc/kernel/gpu/mem_mgr/ce_utils_sizes.h |    42 +
 src/nvidia/inc/kernel/gpu/mem_mgr/channel_utils.h  |   170 +
 src/nvidia/inc/kernel/gpu/mem_mgr/context_dma.h    |     3 +
 src/nvidia/inc/kernel/gpu/mem_mgr/fbsr.h           |     3 +
 src/nvidia/inc/kernel/gpu/mem_mgr/fermi_dma.h      |    65 +
 src/nvidia/inc/kernel/gpu/mem_mgr/heap.h           |     3 +
 src/nvidia/inc/kernel/gpu/mem_mgr/heap_base.h      |   162 +
 src/nvidia/inc/kernel/gpu/mem_mgr/mem_desc.h       |     3 +
 src/nvidia/inc/kernel/gpu/mem_mgr/mem_mapper.h     |     3 +
 src/nvidia/inc/kernel/gpu/mem_mgr/mem_mgr.h        |     3 +
 src/nvidia/inc/kernel/gpu/mem_mgr/mem_scrub.h      |   201 +
 src/nvidia/inc/kernel/gpu/mem_mgr/mem_utils.h      |    48 +
 .../gpu/mem_mgr/phys_mem_allocator/map_defines.h   |   142 +
 .../kernel/gpu/mem_mgr/phys_mem_allocator/numa.h   |    77 +
 .../phys_mem_allocator/phys_mem_allocator.h        |   948 +
 .../phys_mem_allocator/phys_mem_allocator_util.h   |   234 +
 .../kernel/gpu/mem_mgr/phys_mem_allocator/regmap.h |   266 +
 src/nvidia/inc/kernel/gpu/mem_mgr/rm_page_size.h   |    87 +
 src/nvidia/inc/kernel/gpu/mem_mgr/sec2_utils.h     |     3 +
 src/nvidia/inc/kernel/gpu/mem_mgr/sem_surf.h       |     3 +
 src/nvidia/inc/kernel/gpu/mem_mgr/vaspace_api.h    |     3 +
 .../inc/kernel/gpu/mem_mgr/virt_mem_allocator.h    |     3 +
 .../kernel/gpu/mem_mgr/virt_mem_allocator_common.h |   108 +
 src/nvidia/inc/kernel/gpu/mem_sys/kern_mem_sys.h   |     3 +
 src/nvidia/inc/kernel/gpu/mem_sys/zbc_api.h        |     3 +
 .../gpu/mig_mgr/compute_instance_subscription.h    |     3 +
 .../kernel/gpu/mig_mgr/gpu_instance_subscription.h |     3 +
 .../inc/kernel/gpu/mig_mgr/kernel_mig_manager.h    |     3 +
 .../inc/kernel/gpu/mig_mgr/mig_config_session.h    |     3 +
 .../inc/kernel/gpu/mig_mgr/mig_monitor_session.h   |     3 +
 src/nvidia/inc/kernel/gpu/mmu/kern_gmmu.h          |     3 +
 src/nvidia/inc/kernel/gpu/mmu/mmu_fault_buffer.h   |     3 +
 src/nvidia/inc/kernel/gpu/mmu/mmu_trace.h          |   111 +
 src/nvidia/inc/kernel/gpu/mmu/uvm_sw.h             |     3 +
 .../inc/kernel/gpu/mmu/vidmem_access_bit_buffer.h  |     3 +
 src/nvidia/inc/kernel/gpu/nvbitmask.h              |    39 +
 src/nvidia/inc/kernel/gpu/nvdec/kernel_nvdec_ctx.h |     3 +
 src/nvidia/inc/kernel/gpu/nvenc/kernel_nvenc_ctx.h |     3 +
 src/nvidia/inc/kernel/gpu/nvenc/nvencsession.h     |     3 +
 src/nvidia/inc/kernel/gpu/nvjpg/kernel_nvjpg_ctx.h |     3 +
 src/nvidia/inc/kernel/gpu/nvlink/common_nvlink.h   |    35 +
 src/nvidia/inc/kernel/gpu/nvlink/kernel_ioctrl.h   |     3 +
 src/nvidia/inc/kernel/gpu/nvlink/kernel_nvlink.h   |     3 +
 src/nvidia/inc/kernel/gpu/objsweng.h               |     3 +
 src/nvidia/inc/kernel/gpu/ofa/kernel_ofa_ctx.h     |     3 +
 src/nvidia/inc/kernel/gpu/perf/kern_cuda_limit.h   |    41 +
 src/nvidia/inc/kernel/gpu/perf/kern_perf.h         |     3 +
 src/nvidia/inc/kernel/gpu/perf/kern_perf_boost.h   |    93 +
 .../inc/kernel/gpu/perf/kern_perf_gpuboostsync.h   |    84 +
 src/nvidia/inc/kernel/gpu/perf/kern_perf_pm.h      |    38 +
 src/nvidia/inc/kernel/gpu/perf/kern_perfbuffer.h   |     3 +
 src/nvidia/inc/kernel/gpu/pmu/kern_pmu.h           |     3 +
 src/nvidia/inc/kernel/gpu/power/syncgpuboost.h     |     3 +
 src/nvidia/inc/kernel/gpu/rc/kernel_rc.h           |     3 +
 src/nvidia/inc/kernel/gpu/rc/kernel_rc_watchdog.h  |    36 +
 .../inc/kernel/gpu/rc/kernel_rc_watchdog_private.h |   116 +
 src/nvidia/inc/kernel/gpu/rpc/objrpc.h             |   152 +
 .../inc/kernel/gpu/rpc/objrpcstructurecopy.h       |    42 +
 src/nvidia/inc/kernel/gpu/sec2/kernel_sec2.h       |     3 +
 src/nvidia/inc/kernel/gpu/sec2/sec2_context.h      |     3 +
 src/nvidia/inc/kernel/gpu/spdm/libspdm_includes.h  |    75 +
 src/nvidia/inc/kernel/gpu/spdm/spdm.h              |     3 +
 .../inc/kernel/gpu/subdevice/generic_engine.h      |     3 +
 src/nvidia/inc/kernel/gpu/subdevice/subdevice.h    |     3 +
 .../inc/kernel/gpu/subdevice/subdevice_diag.h      |     3 +
 src/nvidia/inc/kernel/gpu/sw_test.h                |     3 +
 src/nvidia/inc/kernel/gpu/timed_sema.h             |     3 +
 src/nvidia/inc/kernel/gpu/timer/objtmr.h           |     3 +
 src/nvidia/inc/kernel/gpu/timer/tmr.h              |     3 +
 src/nvidia/inc/kernel/gpu/uvm/access_cntr_buffer.h |     3 +
 src/nvidia/inc/kernel/gpu/uvm/uvm.h                |     3 +
 src/nvidia/inc/kernel/gpu/vbios/bios_types.h       |    60 +
 .../inc/kernel/gpu/video/kernel_video_engine.h     |     3 +
 src/nvidia/inc/kernel/gpu_mgr/gpu_db.h             |     3 +
 src/nvidia/inc/kernel/gpu_mgr/gpu_group.h          |     3 +
 src/nvidia/inc/kernel/gpu_mgr/gpu_mgmt_api.h       |     3 +
 src/nvidia/inc/kernel/gpu_mgr/gpu_mgr.h            |     3 +
 src/nvidia/inc/kernel/gpu_mgr/gpu_mgr_sli.h        |    60 +
 src/nvidia/inc/kernel/gpuvideo/video_event.h       |   235 +
 src/nvidia/inc/kernel/gpuvideo/videoeventlist.h    |    92 +
 src/nvidia/inc/kernel/mem_mgr/console_mem.h        |     3 +
 src/nvidia/inc/kernel/mem_mgr/ctx_buf_pool.h       |    84 +
 src/nvidia/inc/kernel/mem_mgr/egm_mem.h            |     3 +
 src/nvidia/inc/kernel/mem_mgr/fabric_vaspace.h     |     3 +
 src/nvidia/inc/kernel/mem_mgr/fla_mem.h            |     3 +
 src/nvidia/inc/kernel/mem_mgr/gpu_vaspace.h        |     3 +
 src/nvidia/inc/kernel/mem_mgr/hw_resources.h       |     3 +
 src/nvidia/inc/kernel/mem_mgr/io_vaspace.h         |     3 +
 src/nvidia/inc/kernel/mem_mgr/mem.h                |     3 +
 src/nvidia/inc/kernel/mem_mgr/mem_export.h         |     3 +
 src/nvidia/inc/kernel/mem_mgr/mem_fabric.h         |     3 +
 .../inc/kernel/mem_mgr/mem_fabric_import_ref.h     |     3 +
 .../inc/kernel/mem_mgr/mem_fabric_import_v2.h      |     3 +
 src/nvidia/inc/kernel/mem_mgr/mem_list.h           |     3 +
 .../inc/kernel/mem_mgr/mem_multicast_fabric.h      |     3 +
 src/nvidia/inc/kernel/mem_mgr/no_device_mem.h      |     3 +
 src/nvidia/inc/kernel/mem_mgr/os_desc_mem.h        |     3 +
 src/nvidia/inc/kernel/mem_mgr/p2p.h                |    37 +
 src/nvidia/inc/kernel/mem_mgr/phys_mem.h           |     3 +
 src/nvidia/inc/kernel/mem_mgr/pool_alloc.h         |   213 +
 src/nvidia/inc/kernel/mem_mgr/reg_mem.h            |     3 +
 src/nvidia/inc/kernel/mem_mgr/standard_mem.h       |     3 +
 src/nvidia/inc/kernel/mem_mgr/syncpoint_mem.h      |     3 +
 src/nvidia/inc/kernel/mem_mgr/system_mem.h         |     3 +
 src/nvidia/inc/kernel/mem_mgr/vaddr_list.h         |   204 +
 src/nvidia/inc/kernel/mem_mgr/vaspace.h            |     3 +
 src/nvidia/inc/kernel/mem_mgr/video_mem.h          |     3 +
 src/nvidia/inc/kernel/mem_mgr/virt_mem_mgr.h       |     3 +
 src/nvidia/inc/kernel/mem_mgr/virt_mem_range.h     |     3 +
 src/nvidia/inc/kernel/mem_mgr/virtual_mem.h        |     3 +
 src/nvidia/inc/kernel/os/capability.h              |    48 +
 src/nvidia/inc/kernel/os/nv_memory_area.h          |   104 +
 src/nvidia/inc/kernel/os/nv_memory_type.h          |    41 +
 src/nvidia/inc/kernel/os/os.h                      |     3 +
 src/nvidia/inc/kernel/os/os_stub.h                 |    42 +
 src/nvidia/inc/kernel/platform/acpi_common.h       |   116 +
 src/nvidia/inc/kernel/platform/chipset/chipset.h   |     3 +
 .../inc/kernel/platform/chipset/chipset_info.h     |    97 +
 src/nvidia/inc/kernel/platform/chipset/pci_pbi.h   |    44 +
 src/nvidia/inc/kernel/platform/cpu.h               |    29 +
 src/nvidia/inc/kernel/platform/hwbc.h              |    90 +
 src/nvidia/inc/kernel/platform/nbsi/nbsi_read.h    |   104 +
 src/nvidia/inc/kernel/platform/nbsi/nbsi_table.h   |   375 +
 src/nvidia/inc/kernel/platform/nvpcf.h             |   617 +
 src/nvidia/inc/kernel/platform/p2p/p2p_caps.h      |    43 +
 src/nvidia/inc/kernel/platform/pci_exp_table.h     |   131 +
 src/nvidia/inc/kernel/platform/platform.h          |     3 +
 .../inc/kernel/platform/platform_request_handler.h |     3 +
 .../platform/platform_request_handler_utils.h      |   329 +
 src/nvidia/inc/kernel/platform/sli/sli.h           |    66 +
 src/nvidia/inc/kernel/power/gpu_boost_mgr.h        |     3 +
 src/nvidia/inc/kernel/rmapi/alloc_size.h           |    38 +
 src/nvidia/inc/kernel/rmapi/binary_api.h           |     3 +
 src/nvidia/inc/kernel/rmapi/client.h               |     3 +
 src/nvidia/inc/kernel/rmapi/client_resource.h      |     3 +
 src/nvidia/inc/kernel/rmapi/control.h              |   381 +
 src/nvidia/inc/kernel/rmapi/event.h                |     3 +
 src/nvidia/inc/kernel/rmapi/event_buffer.h         |     3 +
 src/nvidia/inc/kernel/rmapi/exports.h              |   127 +
 src/nvidia/inc/kernel/rmapi/lock_stress.h          |   108 +
 src/nvidia/inc/kernel/rmapi/lock_test.h            |    48 +
 src/nvidia/inc/kernel/rmapi/mapping_list.h         |   176 +
 src/nvidia/inc/kernel/rmapi/nv_gpu_ops.h           |   341 +
 src/nvidia/inc/kernel/rmapi/param_copy.h           |    99 +
 src/nvidia/inc/kernel/rmapi/resource.h             |     3 +
 src/nvidia/inc/kernel/rmapi/resource_fwd_decls.h   |     3 +
 src/nvidia/inc/kernel/rmapi/rmapi.h                |   468 +
 src/nvidia/inc/kernel/rmapi/rmapi_cache_handlers.h |    68 +
 src/nvidia/inc/kernel/rmapi/rmapi_specific.h       |    63 +
 src/nvidia/inc/kernel/rmapi/rmapi_utils.h          |    67 +
 src/nvidia/inc/kernel/rmapi/rs_utils.h             |   188 +
 src/nvidia/inc/kernel/vgpu/dev_vgpu.h              |   349 +
 src/nvidia/inc/kernel/vgpu/rm_plugin_shared_code.h |  7443 +++++
 src/nvidia/inc/kernel/vgpu/rpc.h                   |   622 +
 src/nvidia/inc/kernel/vgpu/rpc_global_enums.h      |   292 +
 src/nvidia/inc/kernel/vgpu/rpc_headers.h           |   259 +
 src/nvidia/inc/kernel/vgpu/rpc_vgpu.h              |   194 +
 src/nvidia/inc/kernel/vgpu/sdk-structures.h        |   518 +
 src/nvidia/inc/kernel/vgpu/vgpu_events.h           |   276 +
 .../inc/kernel/vgpu/vgpu_guest_pma_scrubber.h      |    62 +
 src/nvidia/inc/kernel/vgpu/vgpu_util.h             |    53 +
 src/nvidia/inc/kernel/vgpu/vgpu_version.h          |   121 +
 src/nvidia/inc/kernel/vgpu/vgpuapi.h               |    71 +
 .../inc/kernel/virtualization/common_vgpu_mgr.h    |   149 +
 .../kernel/virtualization/hypervisor/hypervisor.h  |     3 +
 .../virtualization/kernel_hostvgpudeviceapi.h      |     3 +
 .../inc/kernel/virtualization/kernel_vgpu_mgr.h    |     3 +
 .../inc/kernel/virtualization/vgpuconfigapi.h      |     3 +
 src/nvidia/inc/lib/base_utils.h                    |    79 +
 src/nvidia/inc/lib/protobuf/prb.h                  |   358 +
 src/nvidia/inc/lib/protobuf/prb_util.h             |    92 +
 src/nvidia/inc/lib/ref_count.h                     |     3 +
 src/nvidia/inc/lib/zlib/inflate.h                  |   134 +
 src/nvidia/inc/libraries/containers/btree.h        |    68 +
 src/nvidia/inc/libraries/containers/eheap_old.h    |   113 +
 src/nvidia/inc/libraries/containers/list.h         |   337 +
 src/nvidia/inc/libraries/containers/map.h          |   303 +
 src/nvidia/inc/libraries/containers/multimap.h     |   301 +
 src/nvidia/inc/libraries/containers/queue.h        |   146 +
 src/nvidia/inc/libraries/containers/ringbuf.h      |   169 +
 src/nvidia/inc/libraries/containers/type_safety.h  |   283 +
 src/nvidia/inc/libraries/containers/vector.h       |   203 +
 .../inc/libraries/crashcat/crashcat_engine.h       |     3 +
 src/nvidia/inc/libraries/crashcat/crashcat_queue.h |     3 +
 .../inc/libraries/crashcat/crashcat_report.h       |     3 +
 .../inc/libraries/crashcat/crashcat_wayfinder.h    |     3 +
 src/nvidia/inc/libraries/eventbufferproducer.h     |   177 +
 src/nvidia/inc/libraries/field_desc.h              |   450 +
 src/nvidia/inc/libraries/ioaccess/ioaccess.h       |   149 +
 .../inc/libraries/mapping_reuse/mapping_reuse.h    |   118 +
 src/nvidia/inc/libraries/mmu/gmmu_fmt.h            |   696 +
 src/nvidia/inc/libraries/mmu/mmu_fmt.h             |   237 +
 src/nvidia/inc/libraries/mmu/mmu_walk.h            |   858 +
 .../nvlog/internal/nvlog_printf_internal.h         |   154 +
 src/nvidia/inc/libraries/nvlog/nvlog.h             |   400 +
 src/nvidia/inc/libraries/nvlog/nvlog_printf.h      |    92 +
 src/nvidia/inc/libraries/nvoc/object.h             |   131 +
 src/nvidia/inc/libraries/nvoc/prelude.h            |   266 +
 src/nvidia/inc/libraries/nvoc/rtti.h               |    80 +
 src/nvidia/inc/libraries/nvoc/runtime.h            |   118 +
 src/nvidia/inc/libraries/nvoc/utility.h            |    28 +
 src/nvidia/inc/libraries/nvport/atomic.h           |   425 +
 src/nvidia/inc/libraries/nvport/core.h             |    64 +
 src/nvidia/inc/libraries/nvport/cpu.h              |   657 +
 src/nvidia/inc/libraries/nvport/crypto.h           |   346 +
 src/nvidia/inc/libraries/nvport/debug.h            |   318 +
 .../inc/libraries/nvport/inline/atomic_clang.h     |   478 +
 .../inc/libraries/nvport/inline/atomic_gcc.h       |   493 +
 .../libraries/nvport/inline/debug_unix_kernel_os.h |    76 +
 .../inc/libraries/nvport/inline/memory_tracking.h  |   370 +
 .../inc/libraries/nvport/inline/safe_generic.h     |   311 +
 .../inc/libraries/nvport/inline/sync_tracking.h    |   211 +
 .../inc/libraries/nvport/inline/util_gcc_clang.h   |   188 +
 .../inc/libraries/nvport/inline/util_generic.h     |   267 +
 .../inc/libraries/nvport/inline/util_valist.h      |    30 +
 src/nvidia/inc/libraries/nvport/memory.h           |  1042 +
 src/nvidia/inc/libraries/nvport/nvport.h           |   262 +
 src/nvidia/inc/libraries/nvport/safe.h             |   621 +
 src/nvidia/inc/libraries/nvport/string.h           |   173 +
 src/nvidia/inc/libraries/nvport/sync.h             |   829 +
 src/nvidia/inc/libraries/nvport/thread.h           |   318 +
 src/nvidia/inc/libraries/nvport/util.h             |   254 +
 src/nvidia/inc/libraries/poolalloc.h               |   290 +
 .../inc/libraries/prereq_tracker/prereq_tracker.h  |     3 +
 src/nvidia/inc/libraries/resserv/resserv.h         |   398 +
 src/nvidia/inc/libraries/resserv/rs_access_map.h   |   234 +
 .../inc/libraries/resserv/rs_access_rights.h       |   167 +
 src/nvidia/inc/libraries/resserv/rs_client.h       |   557 +
 src/nvidia/inc/libraries/resserv/rs_domain.h       |    80 +
 src/nvidia/inc/libraries/resserv/rs_resource.h     |   868 +
 src/nvidia/inc/libraries/resserv/rs_server.h       |  1198 +
 src/nvidia/inc/libraries/tls/tls.h                 |   347 +
 src/nvidia/inc/libraries/utils/nv_enum.h           |   684 +
 src/nvidia/inc/libraries/utils/nvassert.h          |   988 +
 src/nvidia/inc/libraries/utils/nvbitvector.h       |   514 +
 src/nvidia/inc/libraries/utils/nvmacro.h           |   251 +
 src/nvidia/inc/libraries/utils/nvprintf.h          |   399 +
 src/nvidia/inc/libraries/utils/nvprintf_level.h    |    64 +
 src/nvidia/inc/libraries/utils/nvrange.h           |   282 +
 src/nvidia/inc/os/dce_rm_client_ipc.h              |    35 +
 src/nvidia/interface/acpidsmguids.h                |    90 +
 src/nvidia/interface/acpigenfuncs.h                |    83 +
 src/nvidia/interface/deprecated/rmapi_deprecated.h |   121 +
 .../deprecated/rmapi_deprecated_allocmemory.c      |   545 +
 .../deprecated/rmapi_deprecated_control.c          |   809 +
 .../interface/deprecated/rmapi_deprecated_misc.c   |   323 +
 .../interface/deprecated/rmapi_deprecated_utils.c  |   462 +
 .../deprecated/rmapi_deprecated_vidheapctrl.c      |   583 +
 .../deprecated/rmapi_gss_legacy_control.c          |   157 +
 src/nvidia/interface/nv-firmware-registry.h        |    83 +
 src/nvidia/interface/nvRmReg.h                     |     0
 src/nvidia/interface/nv_sriov_defines.h            |    94 +
 src/nvidia/interface/nv_uvm_types.h                |  1155 +
 src/nvidia/interface/nvacpitypes.h                 |    47 +
 src/nvidia/interface/nvrm_registry.h               |  2774 ++
 src/nvidia/interface/rmapi/src/g_finn_rm_api.c     |  9042 ++++++
 src/nvidia/interface/rmp2pdefines.h                |    31 +
 src/nvidia/kernel/inc/gpuvideo/rmifvideng.h        |    92 +
 .../inc/spdm/bin/blackwell/gb100_l2_cert.der.bin   |   Bin 0 -> 654 bytes
 .../inc/spdm/bin/blackwell/gb100_l2_cert.pem.bin   |    16 +
 .../inc/spdm/bin/blackwell/gb100_l3_cert.der.bin   |   Bin 0 -> 690 bytes
 .../inc/spdm/bin/blackwell/gb100_l3_cert.pem.bin   |    17 +
 .../inc/spdm/bin/blackwell/gb102_l3_cert.der.bin   |   Bin 0 -> 690 bytes
 .../inc/spdm/bin/blackwell/gb102_l3_cert.pem.bin   |    17 +
 .../inc/spdm/bin/blackwell/gb110_l3_cert.der.bin   |   Bin 0 -> 689 bytes
 .../inc/spdm/bin/blackwell/gb110_l3_cert.pem.bin   |    17 +
 .../inc/spdm/bin/blackwell/gb112_l3_cert.der.bin   |   Bin 0 -> 690 bytes
 .../inc/spdm/bin/blackwell/gb112_l3_cert.pem.bin   |    17 +
 .../inc/spdm/bin/hopper/gh100_l2_cert.der.bin      |   Bin 0 -> 654 bytes
 .../inc/spdm/bin/hopper/gh100_l2_cert.pem.bin      |    16 +
 .../inc/spdm/bin/hopper/gh100_l3_cert.der.bin      |   Bin 0 -> 686 bytes
 .../inc/spdm/bin/hopper/gh100_l3_cert.pem.bin      |    17 +
 src/nvidia/kernel/inc/spdm/bin/l1_cert.der.bin     |   Bin 0 -> 527 bytes
 src/nvidia/kernel/inc/spdm/bin/l1_cert.pem.bin     |    13 +
 src/nvidia/nv-kernel.ld                            |    35 +
 src/nvidia/src/kernel/compute/fabric.c             |   960 +
 src/nvidia/src/kernel/compute/fm_session_api.c     |   222 +
 src/nvidia/src/kernel/compute/imex_session_api.c   |   435 +
 src/nvidia/src/kernel/compute/mps_api.c            |    52 +
 src/nvidia/src/kernel/core/bin_data.c              |   451 +
 src/nvidia/src/kernel/core/bin_data_pvt.h          |    90 +
 src/nvidia/src/kernel/core/hal/hal.c               |    70 +
 src/nvidia/src/kernel/core/hal/hals_all.c          |    61 +
 src/nvidia/src/kernel/core/hal/hals_stub.c         |    34 +
 src/nvidia/src/kernel/core/hal/info_block.c        |   171 +
 src/nvidia/src/kernel/core/hal_mgr.c               |   229 +
 src/nvidia/src/kernel/core/locks.c                 |  2478 ++
 src/nvidia/src/kernel/core/locks_common.c          |   289 +
 src/nvidia/src/kernel/core/system.c                |   878 +
 src/nvidia/src/kernel/core/thread_state.c          |  1298 +
 .../src/kernel/diagnostics/code_coverage_mgr.c     |   121 +
 src/nvidia/src/kernel/diagnostics/gpu_acct.c       |  1862 ++
 src/nvidia/src/kernel/diagnostics/journal.c        |  4510 +++
 src/nvidia/src/kernel/diagnostics/nv_debug_dump.c  |   808 +
 src/nvidia/src/kernel/diagnostics/nvlog.c          |   830 +
 src/nvidia/src/kernel/diagnostics/nvlog_printf.c   |  1322 +
 src/nvidia/src/kernel/diagnostics/profiler.c       |   227 +
 .../src/kernel/diagnostics/ucode_coverage_ctrl.c   |   234 +
 src/nvidia/src/kernel/disp/disp_sw.c               |   179 +
 src/nvidia/src/kernel/disp/nvfbc_session.c         |   338 +
 .../src/kernel/gpu/arch/ada/kern_gpu_ad102.c       |    86 +
 .../gpu/arch/ampere/kern_gpu_error_cont_ga100.c    |   541 +
 .../src/kernel/gpu/arch/ampere/kern_gpu_ga100.c    |   355 +
 .../gpu/arch/blackwell/kern_gpu_error_cont_gb100.c |   121 +
 .../src/kernel/gpu/arch/blackwell/kern_gpu_gb100.c |  1143 +
 .../src/kernel/gpu/arch/blackwell/kern_gpu_gb10b.c |   191 +
 .../src/kernel/gpu/arch/blackwell/kern_gpu_gb202.c |   443 +
 .../src/kernel/gpu/arch/blackwell/kern_gpu_gb20b.c |   179 +
 .../src/kernel/gpu/arch/hopper/kern_gpu_gh100.c    |   631 +
 .../src/kernel/gpu/arch/maxwell/kern_gpu_gm107.c   |   977 +
 .../src/kernel/gpu/arch/pascal/kern_gpu_gp100.c    |   347 +
 .../src/kernel/gpu/arch/turing/kern_gpu_tu102.c    |   588 +
 src/nvidia/src/kernel/gpu/audio/hda_codec_api.c    |    34 +
 .../src/kernel/gpu/bif/arch/ada/kernel_bif_ad102.c |    87 +
 .../kernel/gpu/bif/arch/ampere/kernel_bif_ga100.c  |   729 +
 .../kernel/gpu/bif/arch/ampere/kernel_bif_ga102.c  |    85 +
 .../gpu/bif/arch/blackwell/kernel_bif_gb100.c      |  1147 +
 .../gpu/bif/arch/blackwell/kernel_bif_gb10b.c      |    66 +
 .../gpu/bif/arch/blackwell/kernel_bif_gb202.c      |   232 +
 .../kernel/gpu/bif/arch/hopper/kernel_bif_gh100.c  |  1820 ++
 .../kernel/gpu/bif/arch/maxwell/kernel_bif_gm107.c |  1659 ++
 .../kernel/gpu/bif/arch/maxwell/kernel_bif_gm200.c |   154 +
 .../kernel/gpu/bif/arch/pascal/kernel_bif_gp100.c  |    79 +
 .../kernel/gpu/bif/arch/pascal/kernel_bif_gp10X.c  |   190 +
 .../kernel/gpu/bif/arch/turing/kernel_bif_tu102.c  |   773 +
 .../kernel/gpu/bif/arch/volta/kernel_bif_gv100.c   |    59 +
 .../kernel/gpu/bif/arch/volta/kernel_bif_gv11b.c   |    54 +
 src/nvidia/src/kernel/gpu/bif/kernel_bif.c         |  1579 ++
 src/nvidia/src/kernel/gpu/bif/kernel_bif_vgpu.c    |   109 +
 .../kernel/gpu/bus/arch/ampere/kern_bus_ga100.c    |  1529 +
 .../kernel/gpu/bus/arch/blackwell/kern_bus_gb100.c |   222 +
 .../kernel/gpu/bus/arch/blackwell/kern_bus_gb10b.c |   110 +
 .../kernel/gpu/bus/arch/blackwell/kern_bus_gb202.c |   381 +
 .../kernel/gpu/bus/arch/hopper/kern_bus_gh100.c    |  2738 ++
 .../kernel/gpu/bus/arch/maxwell/kern_bus_gm107.c   |  6192 ++++
 .../kernel/gpu/bus/arch/maxwell/kern_bus_gm200.c   |   931 +
 .../kernel/gpu/bus/arch/pascal/kern_bus_gp100.c    |  1199 +
 .../kernel/gpu/bus/arch/turing/kern_bus_tu102.c    |  1087 +
 .../src/kernel/gpu/bus/arch/volta/kern_bus_gv100.c |   458 +
 src/nvidia/src/kernel/gpu/bus/kern_bus.c           |  1281 +
 src/nvidia/src/kernel/gpu/bus/kern_bus_ctrl.c      |   738 +
 src/nvidia/src/kernel/gpu/bus/kern_bus_vbar2.c     |  1297 +
 src/nvidia/src/kernel/gpu/bus/kern_bus_vgpu.c      |   186 +
 src/nvidia/src/kernel/gpu/bus/p2p.c                |  1670 ++
 src/nvidia/src/kernel/gpu/bus/p2p_api.c            |   943 +
 src/nvidia/src/kernel/gpu/bus/third_party_p2p.c    |  1096 +
 .../src/kernel/gpu/bus/third_party_p2p_ctrl.c      |   191 +
 .../gpu/ccu/arch/blackwell/kernel_ccu_gb100.c      |    78 +
 .../kernel/gpu/ccu/arch/hopper/kernel_ccu_gh100.c  |   127 +
 src/nvidia/src/kernel/gpu/ccu/kernel_ccu.c         |   798 +
 src/nvidia/src/kernel/gpu/ccu/kernel_ccu_api.c     |   397 +
 .../kernel/gpu/ce/arch/ampere/kernel_ce_ga100.c    |  1146 +
 .../kernel/gpu/ce/arch/ampere/kernel_ce_ga102.c    |   196 +
 .../kernel/gpu/ce/arch/blackwell/kernel_ce_gb100.c |  1616 ++
 .../kernel/gpu/ce/arch/blackwell/kernel_ce_gb10b.c |   194 +
 .../kernel/gpu/ce/arch/blackwell/kernel_ce_gb202.c |   282 +
 .../kernel/gpu/ce/arch/blackwell/kernel_ce_gb20b.c |   134 +
 .../kernel/gpu/ce/arch/hopper/kernel_ce_gh100.c    |  1272 +
 .../kernel/gpu/ce/arch/pascal/kernel_ce_gp100.c    |   325 +
 .../kernel/gpu/ce/arch/turing/kernel_ce_tu102.c    |   244 +
 .../src/kernel/gpu/ce/arch/volta/kernel_ce_gv100.c |   258 +
 src/nvidia/src/kernel/gpu/ce/kernel_ce.c           |  1081 +
 src/nvidia/src/kernel/gpu/ce/kernel_ce_context.c   |   215 +
 src/nvidia/src/kernel/gpu/ce/kernel_ce_ctrl.c      |   234 +
 src/nvidia/src/kernel/gpu/ce/kernel_ce_shared.c    |   366 +
 .../arch/blackwell/conf_compute_gb100.c            |   184 +
 .../arch/blackwell/conf_compute_keystore_gb100.c   |   274 +
 .../conf_compute/arch/hopper/conf_compute_gh100.c  |   464 +
 .../arch/hopper/conf_compute_key_rotation_gh100.c  |   667 +
 .../arch/hopper/conf_compute_keystore_gh100.c      |   731 +
 src/nvidia/src/kernel/gpu/conf_compute/ccsl.c      |  1283 +
 .../src/kernel/gpu/conf_compute/conf_compute.c     |   828 +
 .../src/kernel/gpu/conf_compute/conf_compute_api.c |   525 +
 .../gpu/conf_compute/conf_compute_key_rotation.c   |   737 +
 src/nvidia/src/kernel/gpu/dbgbuffer.c              |   166 +
 src/nvidia/src/kernel/gpu/deferred_api.c           |   719 +
 src/nvidia/src/kernel/gpu/device.c                 |   692 +
 src/nvidia/src/kernel/gpu/device_ctrl.c            |   694 +
 src/nvidia/src/kernel/gpu/device_share.c           |   400 +
 .../src/kernel/gpu/disp/arch/v02/kern_disp_0204.c  |   345 +
 .../src/kernel/gpu/disp/arch/v02/kern_disp_0207.c  |   132 +
 .../src/kernel/gpu/disp/arch/v03/kern_disp_0300.c  |   748 +
 .../gpu/disp/arch/v03/kern_disp_channel_0300.c     |   828 +
 .../src/kernel/gpu/disp/arch/v04/kern_disp_0400.c  |   268 +
 .../src/kernel/gpu/disp/arch/v04/kern_disp_0401.c  |    91 +
 .../src/kernel/gpu/disp/arch/v04/kern_disp_0404.c  |    55 +
 .../src/kernel/gpu/disp/arch/v05/kern_disp_0501.c  |   714 +
 src/nvidia/src/kernel/gpu/disp/disp_capabilities.c |    77 +
 src/nvidia/src/kernel/gpu/disp/disp_channel.c      |   863 +
 .../src/kernel/gpu/disp/disp_common_ctrl_acpi.c    |  1068 +
 .../gpu/disp/disp_common_kern_ctrl_minimal.c       |   688 +
 .../gpu/disp/disp_object_kern_ctrl_minimal.c       |   128 +
 src/nvidia/src/kernel/gpu/disp/disp_objs.c         |   911 +
 src/nvidia/src/kernel/gpu/disp/disp_sf_user.c      |    80 +
 .../gpu/disp/head/arch/v04/kernel_head_0400.c      |    79 +
 .../gpu/disp/head/arch/v04/kernel_head_0401.c      |    98 +
 .../gpu/disp/head/arch/v05/kernel_head_0502.c      |    59 +
 src/nvidia/src/kernel/gpu/disp/head/kernel_head.c  |   428 +
 .../disp/inst_mem/arch/v03/disp_inst_mem_0300.c    |   360 +
 .../src/kernel/gpu/disp/inst_mem/disp_inst_mem.c   |   959 +
 src/nvidia/src/kernel/gpu/disp/kern_disp.c         |  1627 ++
 .../gpu/disp/rg_line_callback/rg_line_callback.c   |   130 +
 .../src/kernel/gpu/disp/vblank_callback/vblank.c   |   679 +
 .../gpu/disp/vblank_callback/vblank_callback.c     |   163 +
 src/nvidia/src/kernel/gpu/eng_state.c              |   428 +
 .../arch/blackwell/kern_gsync_gb100.c              |    53 +
 .../arch/kepler/kern_external_device_gk104.c       |   105 +
 .../external_device/arch/kepler/kern_gsync_p2060.c |  5607 ++++
 .../external_device/arch/pascal/kern_gsync_p2061.c |   365 +
 src/nvidia/src/kernel/gpu/external_device/gsync.c  |  2761 ++
 .../src/kernel/gpu/external_device/gsync_api.c     |   264 +
 .../gpu/external_device/kern_external_device.c     |   370 +
 .../gpu/falcon/arch/ampere/kernel_falcon_ga100.c   |    79 +
 .../gpu/falcon/arch/ampere/kernel_falcon_ga102.c   |   320 +
 .../falcon/arch/blackwell/kernel_falcon_gb100.c    |    46 +
 .../arch/turing/kernel_crashcat_engine_tu102.c     |    74 +
 .../gpu/falcon/arch/turing/kernel_falcon_tu102.c   |   428 +
 .../src/kernel/gpu/falcon/kernel_crashcat_engine.c |   324 +
 src/nvidia/src/kernel/gpu/falcon/kernel_falcon.c   |   442 +
 .../src/kernel/gpu/falcon/kernel_falcon_ctrl.c     |   243 +
 .../kernel/gpu/fifo/arch/ada/kernel_fifo_ad102.c   |   192 +
 .../gpu/fifo/arch/ampere/kernel_channel_ga100.c    |    47 +
 .../gpu/fifo/arch/ampere/kernel_channel_ga10b.c    |    71 +
 .../gpu/fifo/arch/ampere/kernel_fifo_ga100.c       |   995 +
 .../gpu/fifo/arch/ampere/kernel_fifo_ga102.c       |    41 +
 .../gpu/fifo/arch/blackwell/kernel_channel_gb10b.c |    47 +
 .../gpu/fifo/arch/blackwell/kernel_fifo_gb100.c    |   217 +
 .../gpu/fifo/arch/blackwell/kernel_fifo_gb10b.c    |   131 +
 .../gpu/fifo/arch/blackwell/kernel_fifo_gb202.c    |   362 +
 .../gpu/fifo/arch/hopper/kernel_channel_gh100.c    |    47 +
 .../gpu/fifo/arch/hopper/kernel_fifo_gh100.c       |   579 +
 .../gpu/fifo/arch/maxwell/kernel_channel_gm107.c   |   728 +
 .../gpu/fifo/arch/maxwell/kernel_fifo_gm107.c      |  1583 ++
 .../gpu/fifo/arch/maxwell/kernel_fifo_gm200.c      |    69 +
 .../gpu/fifo/arch/pascal/kernel_fifo_gp102.c       |   261 +
 .../gpu/fifo/arch/turing/kernel_fifo_tu102.c       |   471 +
 .../fifo/arch/volta/kernel_channel_group_gv100.c   |   326 +
 .../gpu/fifo/arch/volta/kernel_channel_gv100.c     |   295 +
 .../kernel/gpu/fifo/arch/volta/kernel_fifo_gv100.c |   443 +
 .../src/kernel/gpu/fifo/channel_descendant.c       |   336 +
 src/nvidia/src/kernel/gpu/fifo/kernel_channel.c    |  4934 ++++
 .../src/kernel/gpu/fifo/kernel_channel_group.c     |   804 +
 .../src/kernel/gpu/fifo/kernel_channel_group_api.c |  1459 +
 src/nvidia/src/kernel/gpu/fifo/kernel_ctxshare.c   |   721 +
 src/nvidia/src/kernel/gpu/fifo/kernel_fifo.c       |  3864 +++
 src/nvidia/src/kernel/gpu/fifo/kernel_fifo_ctrl.c  |  1155 +
 src/nvidia/src/kernel/gpu/fifo/kernel_fifo_init.c  |   301 +
 .../src/kernel/gpu/fifo/kernel_idle_channels.c     |   296 +
 src/nvidia/src/kernel/gpu/fifo/usermode_api.c      |   135 +
 .../src/kernel/gpu/fifo/uvm_channel_retainer.c     |   151 +
 .../kernel/gpu/fsp/arch/blackwell/kern_fsp_gb100.c |   161 +
 .../kernel/gpu/fsp/arch/blackwell/kern_fsp_gb202.c |   135 +
 .../kernel/gpu/fsp/arch/blackwell/kern_fsp_gb20b.c |   483 +
 .../kernel/gpu/fsp/arch/hopper/kern_fsp_gh100.c    |  1705 ++
 src/nvidia/src/kernel/gpu/fsp/kern_fsp.c           |   946 +
 src/nvidia/src/kernel/gpu/gpu.c                    |  6507 +++++
 src/nvidia/src/kernel/gpu/gpu_access.c             |  1901 ++
 src/nvidia/src/kernel/gpu/gpu_device_mapping.c     |   329 +
 src/nvidia/src/kernel/gpu/gpu_engine_type.c        |   370 +
 src/nvidia/src/kernel/gpu/gpu_fabric_probe.c       |  1194 +
 src/nvidia/src/kernel/gpu/gpu_gspclient.c          |   362 +
 src/nvidia/src/kernel/gpu/gpu_protobuf.c           |   188 +
 .../src/kernel/gpu/gpu_register_access_map.c       |   370 +
 src/nvidia/src/kernel/gpu/gpu_registry.c           |   445 +
 src/nvidia/src/kernel/gpu/gpu_resource.c           |   484 +
 src/nvidia/src/kernel/gpu/gpu_resource_desc.c      |   582 +
 src/nvidia/src/kernel/gpu/gpu_rmapi.c              |  1105 +
 src/nvidia/src/kernel/gpu/gpu_suspend.c            |   494 +
 src/nvidia/src/kernel/gpu/gpu_timeout.c            |   553 +
 src/nvidia/src/kernel/gpu/gpu_user_shared_data.c   |   460 +
 src/nvidia/src/kernel/gpu/gpu_uuid.c               |   296 +
 src/nvidia/src/kernel/gpu/gpu_vgpu.c               |   360 +
 .../src/kernel/gpu/gpuvideo/videoeventlist.c       |   744 +
 .../kernel/gpu/gr/arch/ampere/kgraphics_ga100.c    |   118 +
 .../src/kernel/gpu/gr/arch/ampere/kgrmgr_ga100.c   |    48 +
 .../kernel/gpu/gr/arch/blackwell/kgraphics_gb100.c |    98 +
 .../kernel/gpu/gr/arch/blackwell/kgrmgr_gb100.c    |    79 +
 .../kernel/gpu/gr/arch/blackwell/kgrmgr_gb10b.c    |    72 +
 .../kernel/gpu/gr/arch/maxwell/kgraphics_gm200.c   |   319 +
 .../kernel/gpu/gr/arch/pascal/kgraphics_gp100.c    |   369 +
 .../kernel/gpu/gr/arch/turing/kgraphics_tu102.c    |   500 +
 src/nvidia/src/kernel/gpu/gr/fecs_event_list.c     |  1842 ++
 src/nvidia/src/kernel/gpu/gr/kernel_graphics.c     |  4381 +++
 .../src/kernel/gpu/gr/kernel_graphics_context.c    |  3700 +++
 .../src/kernel/gpu/gr/kernel_graphics_manager.c    |  1147 +
 .../src/kernel/gpu/gr/kernel_graphics_object.c     |   719 +
 .../src/kernel/gpu/gr/kernel_sm_debugger_session.c |   474 +
 .../gpu/gr/kernel_sm_debugger_session_ctrl.c       |  1086 +
 .../src/kernel/gpu/gsp/arch/ada/kernel_gsp_ad102.c |    87 +
 .../gpu/gsp/arch/ampere/kernel_gsp_falcon_ga102.c  |   291 +
 .../kernel/gpu/gsp/arch/ampere/kernel_gsp_ga100.c  |    84 +
 .../kernel/gpu/gsp/arch/ampere/kernel_gsp_ga102.c  |   206 +
 .../gpu/gsp/arch/blackwell/kernel_gsp_ecc_gb100.c  |   140 +
 .../gpu/gsp/arch/blackwell/kernel_gsp_gb100.c      |   199 +
 .../gpu/gsp/arch/blackwell/kernel_gsp_gb10b.c      |    89 +
 .../kernel/gpu/gsp/arch/hopper/kernel_gsp_gh100.c  |  1139 +
 .../gpu/gsp/arch/turing/kernel_gsp_booter_tu102.c  |   196 +
 .../gpu/gsp/arch/turing/kernel_gsp_falcon_tu102.c  |   364 +
 .../gpu/gsp/arch/turing/kernel_gsp_frts_tu102.c    |   611 +
 .../kernel/gpu/gsp/arch/turing/kernel_gsp_tu102.c  |  1386 +
 .../gpu/gsp/arch/turing/kernel_gsp_vbios_tu102.c   |   571 +
 src/nvidia/src/kernel/gpu/gsp/kernel_gsp.c         |  5550 ++++
 src/nvidia/src/kernel/gpu/gsp/kernel_gsp_booter.c  |   490 +
 src/nvidia/src/kernel/gpu/gsp/kernel_gsp_fwsec.c   |  1158 +
 .../src/kernel/gpu/gsp/kernel_gsp_trace_rats.c     |   388 +
 src/nvidia/src/kernel/gpu/gsp/message_queue_cpu.c  |   776 +
 src/nvidia/src/kernel/gpu/gsplite/kernel_gsplite.c |   107 +
 src/nvidia/src/kernel/gpu/host_eng/host_eng.c      |    70 +
 .../gpu/hwpm/arch/blackwell/kern_hwpm_gb100.c      |    47 +
 .../gpu/hwpm/arch/blackwell/kern_hwpm_gb10b.c      |    47 +
 .../gpu/hwpm/arch/blackwell/kern_hwpm_gb20b.c      |    47 +
 .../kernel/gpu/hwpm/arch/hopper/kern_hwpm_gh100.c  |    48 +
 .../kernel/gpu/hwpm/arch/maxwell/kern_hwpm_gm107.c |    47 +
 src/nvidia/src/kernel/gpu/hwpm/kern_hwpm.c         |   289 +
 .../src/kernel/gpu/hwpm/kern_hwpm_streamout.c      |   592 +
 .../kernel/gpu/hwpm/profiler_v1/kern_profiler_v1.c |    71 +
 .../kernel/gpu/hwpm/profiler_v2/kern_profiler_v2.c |   671 +
 .../gpu/hwpm/profiler_v2/kern_profiler_v2_ctrl.c   |   795 +
 src/nvidia/src/kernel/gpu/i2c/i2c_api.c            |    43 +
 .../kernel/gpu/intr/arch/ampere/intr_cpu_ga102.c   |    98 +
 .../src/kernel/gpu/intr/arch/ampere/intr_ga100.c   |   129 +
 .../kernel/gpu/intr/arch/blackwell/intr_gb202.c    |   117 +
 .../src/kernel/gpu/intr/arch/hopper/intr_gh100.c   |   195 +
 .../src/kernel/gpu/intr/arch/maxwell/intr_gm107.c  |   160 +
 .../src/kernel/gpu/intr/arch/pascal/intr_gp100.c   |   264 +
 .../kernel/gpu/intr/arch/turing/intr_cpu_tu102.c   |   194 +
 .../gpu/intr/arch/turing/intr_nonstall_tu102.c     |   506 +
 .../kernel/gpu/intr/arch/turing/intr_sriov_tu102.c |    84 +
 .../gpu/intr/arch/turing/intr_swintr_tu102.c       |   136 +
 .../src/kernel/gpu/intr/arch/turing/intr_tu102.c   |  1319 +
 src/nvidia/src/kernel/gpu/intr/intr.c              |  1820 ++
 src/nvidia/src/kernel/gpu/intr/intr_service.c      |    96 +
 src/nvidia/src/kernel/gpu/intr/intr_vgpu.c         |   246 +
 src/nvidia/src/kernel/gpu/intr/swintr.c            |    92 +
 src/nvidia/src/kernel/gpu/kern_gpu_power.c         |   708 +
 .../kernel/gpu/mc/arch/ampere/kernel_mc_ga100.c    |    91 +
 .../kernel/gpu/mc/arch/maxwell/kernel_mc_gm107.c   |   115 +
 src/nvidia/src/kernel/gpu/mc/kernel_mc.c           |   267 +
 .../kernel/gpu/mem_mgr/arch/ada/mem_mgr_ad102.c    |    48 +
 .../kernel/gpu/mem_mgr/arch/ada/mem_mgr_ad104.c    |    62 +
 .../kernel/gpu/mem_mgr/arch/ampere/fbsr_ga100.c    |   109 +
 .../kernel/gpu/mem_mgr/arch/ampere/mem_mgr_ga100.c |   518 +
 .../kernel/gpu/mem_mgr/arch/ampere/mem_mgr_ga102.c |    48 +
 .../gpu/mem_mgr/arch/blackwell/mem_mgr_gb100.c     |    56 +
 .../gpu/mem_mgr/arch/blackwell/mem_mgr_gb202.c     |   135 +
 .../mem_mgr/arch/blackwell/mem_mgr_gb202_base.c    |    73 +
 .../gpu/mem_mgr/arch/blackwell/mem_mgr_gb20b.c     |   187 +
 .../gpu/mem_mgr/arch/hopper/mem_utils_gh100.c      |   120 +
 .../mem_mgr/arch/hopper/virt_mem_allocator_gh100.c |   206 +
 .../kernel/gpu/mem_mgr/arch/maxwell/fbsr_gm107.c   |  1168 +
 .../gpu/mem_mgr/arch/maxwell/mem_mgr_cmn_gm107.c   |   110 +
 .../gpu/mem_mgr/arch/maxwell/mem_mgr_gm107.c       |  2066 ++
 .../gpu/mem_mgr/arch/maxwell/mem_mgr_gm200.c       |   113 +
 .../gpu/mem_mgr/arch/maxwell/mem_utils_gm107.c     |  2232 ++
 .../arch/maxwell/virt_mem_allocator_gm107.c        |  2732 ++
 .../kernel/gpu/mem_mgr/arch/pascal/mem_mgr_gp100.c |   229 +
 .../gpu/mem_mgr/arch/pascal/mem_mgr_scrub_gp100.c  |   107 +
 .../kernel/gpu/mem_mgr/arch/turing/mem_mgr_tu102.c |   688 +
 .../gpu/mem_mgr/arch/turing/mem_mgr_tu102_base.c   |    89 +
 .../kernel/gpu/mem_mgr/arch/volta/mem_mgr_gv100.c  |   146 +
 src/nvidia/src/kernel/gpu/mem_mgr/ce_utils.c       |   922 +
 src/nvidia/src/kernel/gpu/mem_mgr/channel_utils.c  |  1147 +
 src/nvidia/src/kernel/gpu/mem_mgr/context_dma.c    |   857 +
 src/nvidia/src/kernel/gpu/mem_mgr/dma.c            |  1252 +
 src/nvidia/src/kernel/gpu/mem_mgr/fbsr.c           |   104 +
 src/nvidia/src/kernel/gpu/mem_mgr/heap.c           |  4563 +++
 src/nvidia/src/kernel/gpu/mem_mgr/mem_ctrl.c       |   421 +
 src/nvidia/src/kernel/gpu/mem_mgr/mem_desc.c       |  5029 ++++
 src/nvidia/src/kernel/gpu/mem_mgr/mem_mapper.c     |   616 +
 src/nvidia/src/kernel/gpu/mem_mgr/mem_mgr.c        |  4122 +++
 src/nvidia/src/kernel/gpu/mem_mgr/mem_mgr_ctrl.c   |   770 +
 .../src/kernel/gpu/mem_mgr/mem_mgr_gsp_client.c    |   132 +
 .../src/kernel/gpu/mem_mgr/mem_mgr_pwr_mgmt.c      |   651 +
 .../src/kernel/gpu/mem_mgr/mem_mgr_regions.c       |   567 +
 src/nvidia/src/kernel/gpu/mem_mgr/mem_mgr_vgpu.c   |   135 +
 src/nvidia/src/kernel/gpu/mem_mgr/mem_scrub.c      |  1044 +
 src/nvidia/src/kernel/gpu/mem_mgr/mem_utils.c      |  2021 ++
 .../src/kernel/gpu/mem_mgr/method_notification.c   |   685 +
 src/nvidia/src/kernel/gpu/mem_mgr/objheap.c        |   173 +
 .../kernel/gpu/mem_mgr/phys_mem_allocator/numa.c   |   830 +
 .../phys_mem_allocator/phys_mem_allocator.c        |  2253 ++
 .../phys_mem_allocator/phys_mem_allocator_util.c   |  1392 +
 .../kernel/gpu/mem_mgr/phys_mem_allocator/regmap.c |  1697 ++
 src/nvidia/src/kernel/gpu/mem_mgr/sec2_utils.c     |   669 +
 src/nvidia/src/kernel/gpu/mem_mgr/sem_surf.c       |  1902 ++
 src/nvidia/src/kernel/gpu/mem_mgr/vaspace_api.c    |   755 +
 .../src/kernel/gpu/mem_mgr/virt_mem_allocator.c    |    83 +
 .../kernel/gpu/mem_mgr/virt_mem_allocator_vgpu.c   |    57 +
 .../gpu/mem_sys/arch/ampere/kern_mem_sys_ga100.c   |   475 +
 .../gpu/mem_sys/arch/ampere/kern_mem_sys_ga102.c   |   142 +
 .../mem_sys/arch/blackwell/kern_mem_sys_gb100.c    |   219 +
 .../mem_sys/arch/blackwell/kern_mem_sys_gb10b.c    |   101 +
 .../gpu/mem_sys/arch/hopper/kern_mem_sys_gh100.c   |   633 +
 .../gpu/mem_sys/arch/maxwell/kern_mem_sys_gm107.c  |   462 +
 .../gpu/mem_sys/arch/maxwell/kern_mem_sys_gm200.c  |   188 +
 .../gpu/mem_sys/arch/pascal/kern_mem_sys_gp102.c   |    59 +
 .../gpu/mem_sys/arch/turing/kern_mem_sys_tu102.c   |   183 +
 .../gpu/mem_sys/arch/volta/kern_mem_sys_gv100.c    |   422 +
 src/nvidia/src/kernel/gpu/mem_sys/kern_mem_sys.c   |  1140 +
 .../src/kernel/gpu/mem_sys/kern_mem_sys_ctrl.c     |  1606 ++
 src/nvidia/src/kernel/gpu/mem_sys/zbc_api.c        |    44 +
 .../kernel/gpu/mig_mgr/arch/ampere/kmigmgr_ga100.c |   513 +
 .../gpu/mig_mgr/arch/blackwell/kmigmgr_gb100.c     |   127 +
 .../gpu/mig_mgr/arch/blackwell/kmigmgr_gb10b.c     |   309 +
 .../gpu/mig_mgr/arch/blackwell/kmigmgr_gb202.c     |   271 +
 .../kernel/gpu/mig_mgr/arch/hopper/kmigmgr_gh100.c |   174 +
 .../gpu/mig_mgr/compute_instance_subscription.c    |   225 +
 .../kernel/gpu/mig_mgr/gpu_instance_subscription.c |  1200 +
 .../src/kernel/gpu/mig_mgr/kernel_mig_manager.c    |  9774 +++++++
 .../src/kernel/gpu/mig_mgr/mig_config_session.c    |    96 +
 .../src/kernel/gpu/mig_mgr/mig_monitor_session.c   |    96 +
 .../gpu/mmu/arch/ampere/kern_gmmu_fmt_ga10x.c      |    56 +
 .../kernel/gpu/mmu/arch/ampere/kern_gmmu_ga100.c   |   405 +
 .../kernel/gpu/mmu/arch/ampere/kern_gmmu_ga10b.c   |    52 +
 .../gpu/mmu/arch/blackwell/kern_gmmu_fmt_gb10x.c   |    61 +
 .../gpu/mmu/arch/blackwell/kern_gmmu_gb100.c       |   253 +
 .../gpu/mmu/arch/hopper/kern_gmmu_fmt_gh10x.c      |   178 +
 .../kernel/gpu/mmu/arch/hopper/kern_gmmu_gh100.c   |  1176 +
 .../gpu/mmu/arch/maxwell/kern_gmmu_fmt_gm10x.c     |   201 +
 .../gpu/mmu/arch/maxwell/kern_gmmu_fmt_gm20x.c     |    50 +
 .../kernel/gpu/mmu/arch/maxwell/kern_gmmu_gm107.c  |   388 +
 .../kernel/gpu/mmu/arch/maxwell/kern_gmmu_gm200.c  |    75 +
 .../gpu/mmu/arch/pascal/kern_gmmu_fmt_gp10x.c      |   203 +
 .../kernel/gpu/mmu/arch/pascal/kern_gmmu_gp100.c   |   321 +
 .../gpu/mmu/arch/turing/kern_gmmu_fmt_tu10x.c      |    49 +
 .../kernel/gpu/mmu/arch/turing/kern_gmmu_tu102.c   |   668 +
 .../kernel/gpu/mmu/arch/volta/kern_gmmu_gv100.c    |  2629 ++
 src/nvidia/src/kernel/gpu/mmu/bar2_walk.c          |   942 +
 src/nvidia/src/kernel/gpu/mmu/fault_buffer_ctrl.c  |    69 +
 src/nvidia/src/kernel/gpu/mmu/gmmu_trace.c         |   562 +
 src/nvidia/src/kernel/gpu/mmu/gmmu_walk.c          |  1073 +
 src/nvidia/src/kernel/gpu/mmu/kern_gmmu.c          |  3174 +++
 src/nvidia/src/kernel/gpu/mmu/mmu_fault_buffer.c   |   195 +
 .../src/kernel/gpu/mmu/mmu_fault_buffer_ctrl.c     |   217 +
 src/nvidia/src/kernel/gpu/mmu/mmu_trace.c          |   843 +
 src/nvidia/src/kernel/gpu/mmu/uvm_sw.c             |    64 +
 src/nvidia/src/kernel/gpu/nvdec/kernel_nvdec_ctx.c |    94 +
 .../src/kernel/gpu/nvdec/kernel_nvdec_engdesc.c    |   128 +
 src/nvidia/src/kernel/gpu/nvenc/kernel_nvenc_ctx.c |    82 +
 .../src/kernel/gpu/nvenc/kernel_nvenc_engdesc.c    |   120 +
 src/nvidia/src/kernel/gpu/nvenc/nvencsession.c     |   462 +
 src/nvidia/src/kernel/gpu/nvenc/nvencsessionctrl.c |   189 +
 src/nvidia/src/kernel/gpu/nvjpg/kernel_nvjpg_ctx.c |    83 +
 .../src/kernel/gpu/nvjpg/kernel_nvjpg_engdesc.c    |   120 +
 .../gpu/nvlink/arch/ampere/kernel_nvlink_ga100.c   |   286 +
 .../gpu/nvlink/arch/blackwell/kernel_nvle_gb100.c  |   120 +
 .../nvlink/arch/blackwell/kernel_nvlink_gb100.c    |   511 +
 .../gpu/nvlink/arch/hopper/kernel_nvlink_gh100.c   |   925 +
 .../gpu/nvlink/arch/pascal/kernel_nvlink_gp100.c   |   391 +
 .../gpu/nvlink/arch/turing/kernel_nvlink_tu102.c   |   166 +
 .../gpu/nvlink/arch/volta/kernel_minion_gv100.c    |   190 +
 .../gpu/nvlink/arch/volta/kernel_nvlink_gv100.c    |   659 +
 .../src/kernel/gpu/nvlink/common_nvlinkapi.c       |   843 +
 src/nvidia/src/kernel/gpu/nvlink/kernel_ioctrl.c   |    74 +
 src/nvidia/src/kernel/gpu/nvlink/kernel_nvlink.c   |  2636 ++
 .../src/kernel/gpu/nvlink/kernel_nvlinkapi.c       |   414 +
 .../src/kernel/gpu/nvlink/kernel_nvlinkcorelib.c   |   708 +
 .../gpu/nvlink/kernel_nvlinkcorelibcallback.c      |  1600 ++
 .../kernel/gpu/nvlink/kernel_nvlinkcorelibtrain.c  |  2600 ++
 .../src/kernel/gpu/nvlink/kernel_nvlinkoverrides.c |   311 +
 .../src/kernel/gpu/nvlink/kernel_nvlinkstate.c     |  1394 +
 src/nvidia/src/kernel/gpu/ofa/kernel_ofa_ctx.c     |    64 +
 src/nvidia/src/kernel/gpu/ofa/kernel_ofa_engdesc.c |   114 +
 src/nvidia/src/kernel/gpu/perf/kern_cuda_limit.c   |   191 +
 src/nvidia/src/kernel/gpu/perf/kern_perf.c         |   190 +
 src/nvidia/src/kernel/gpu/perf/kern_perf_boost.c   |    88 +
 src/nvidia/src/kernel/gpu/perf/kern_perf_ctrl.c    |   335 +
 .../src/kernel/gpu/perf/kern_perf_gpuboostsync.c   |   421 +
 src/nvidia/src/kernel/gpu/perf/kern_perf_pm.c      |   280 +
 src/nvidia/src/kernel/gpu/perf/kern_perf_pwr.c     |   260 +
 src/nvidia/src/kernel/gpu/perf/kern_perfbuffer.c   |    85 +
 src/nvidia/src/kernel/gpu/pmu/kern_pmu.c           |   262 +
 src/nvidia/src/kernel/gpu/rc/kernel_rc.c           |   636 +
 src/nvidia/src/kernel/gpu/rc/kernel_rc_callback.c  |   441 +
 src/nvidia/src/kernel/gpu/rc/kernel_rc_ctrl.c      |   330 +
 src/nvidia/src/kernel/gpu/rc/kernel_rc_misc.c      |   117 +
 .../src/kernel/gpu/rc/kernel_rc_notification.c     |   468 +
 src/nvidia/src/kernel/gpu/rc/kernel_rc_watchdog.c  |  1485 +
 .../kernel/gpu/rc/kernel_rc_watchdog_callback.c    |   462 +
 .../src/kernel/gpu/rc/kernel_rc_watchdog_ctrl.c    |   122 +
 .../gpu/sec2/arch/ampere/kernel_sec2_ga100.c       |    94 +
 .../gpu/sec2/arch/ampere/kernel_sec2_ga102.c       |    59 +
 .../gpu/sec2/arch/hopper/kernel_sec2_gh100.c       |    46 +
 .../gpu/sec2/arch/turing/kernel_sec2_tu102.c       |   202 +
 src/nvidia/src/kernel/gpu/sec2/kernel_sec2.c       |    95 +
 src/nvidia/src/kernel/gpu/sec2/sec2_context.c      |    56 +
 .../gpu/spdm/arch/blackwell/spdm_certs_gb100.c     |   158 +
 .../kernel/gpu/spdm/arch/hopper/spdm_certs_gh100.c |   385 +
 .../src/kernel/gpu/spdm/arch/hopper/spdm_gh100.c   |  1435 +
 src/nvidia/src/kernel/gpu/spdm/kernel_spdm.c       |   132 +
 src/nvidia/src/kernel/gpu/spdm/spdm.c              |  1315 +
 src/nvidia/src/kernel/gpu/spdm_proxy/spdm_proxy.c  |    63 +
 .../src/kernel/gpu/subdevice/generic_engine.c      |   179 +
 src/nvidia/src/kernel/gpu/subdevice/subdevice.c    |   437 +
 .../gpu/subdevice/subdevice_ctrl_event_kernel.c    |   343 +
 .../src/kernel/gpu/subdevice/subdevice_ctrl_fla.c  |   314 +
 .../gpu/subdevice/subdevice_ctrl_gpu_kernel.c      |  4118 +++
 .../gpu/subdevice/subdevice_ctrl_gpu_regops.c      |   291 +
 .../kernel/gpu/subdevice/subdevice_ctrl_gpu_smc.c  |    36 +
 .../gpu/subdevice/subdevice_ctrl_internal_kernel.c |    60 +
 .../src/kernel/gpu/subdevice/subdevice_ctrl_nvd.c  |   323 +
 .../gpu/subdevice/subdevice_ctrl_timer_kernel.c    |   522 +
 .../src/kernel/gpu/subdevice/subdevice_ctrl_vgpu.c |   291 +
 .../src/kernel/gpu/subdevice/subdevice_diag.c      |   107 +
 src/nvidia/src/kernel/gpu/sw_eng.c                 |    39 +
 src/nvidia/src/kernel/gpu/sw_test.c                |    64 +
 src/nvidia/src/kernel/gpu/timed_semaphore.c        |   687 +
 .../src/kernel/gpu/timer/arch/ampere/timer_ga100.c |   108 +
 .../src/kernel/gpu/timer/arch/hopper/timer_gh100.c |   173 +
 .../kernel/gpu/timer/arch/maxwell/timer_gm107.c    |   366 +
 .../kernel/gpu/timer/arch/maxwell/timer_gm200.c    |   105 +
 .../src/kernel/gpu/timer/arch/turing/timer_tu102.c |   189 +
 .../src/kernel/gpu/timer/arch/volta/timer_gv100.c  |   111 +
 src/nvidia/src/kernel/gpu/timer/timer.c            |  2004 ++
 src/nvidia/src/kernel/gpu/timer/timer_ostimer.c    |   329 +
 src/nvidia/src/kernel/gpu/timer/timer_ptimer.c     |   189 +
 src/nvidia/src/kernel/gpu/uvm/access_cntr_buffer.c |   188 +
 .../src/kernel/gpu/uvm/access_cntr_buffer_ctrl.c   |   270 +
 .../src/kernel/gpu/uvm/arch/blackwell/uvm_gb100.c  |   119 +
 .../src/kernel/gpu/uvm/arch/turing/uvm_tu102.c     |   472 +
 .../src/kernel/gpu/uvm/arch/volta/uvm_gv100.c      |   400 +
 src/nvidia/src/kernel/gpu/uvm/uvm.c                |   360 +
 .../src/kernel/gpu/video/kernel_video_engine.c     |   586 +
 src/nvidia/src/kernel/gpu_mgr/gpu_db.c             |   370 +
 src/nvidia/src/kernel/gpu_mgr/gpu_group.c          |   329 +
 src/nvidia/src/kernel/gpu_mgr/gpu_mgmt_api.c       |    65 +
 src/nvidia/src/kernel/gpu_mgr/gpu_mgr.c            |  4677 +++
 src/nvidia/src/kernel/gpu_mgr/gpu_mgr_sli.c        |   584 +
 src/nvidia/src/kernel/mem_mgr/console_mem.c        |   103 +
 src/nvidia/src/kernel/mem_mgr/ctx_buf_pool.c       |   754 +
 src/nvidia/src/kernel/mem_mgr/egm_mem.c            |   344 +
 src/nvidia/src/kernel/mem_mgr/fabric_vaspace.c     |  1302 +
 src/nvidia/src/kernel/mem_mgr/fla_mem.c            |   437 +
 src/nvidia/src/kernel/mem_mgr/gpu_vaspace.c        |  5387 ++++
 src/nvidia/src/kernel/mem_mgr/hw_resources.c       |   228 +
 src/nvidia/src/kernel/mem_mgr/io_vaspace.c         |   605 +
 src/nvidia/src/kernel/mem_mgr/mem.c                |  1253 +
 src/nvidia/src/kernel/mem_mgr/mem_export.c         |  1260 +
 src/nvidia/src/kernel/mem_mgr/mem_fabric.c         |  1216 +
 .../src/kernel/mem_mgr/mem_fabric_import_ref.c     |   275 +
 .../src/kernel/mem_mgr/mem_fabric_import_v2.c      |   926 +
 src/nvidia/src/kernel/mem_mgr/mem_list.c           |   795 +
 src/nvidia/src/kernel/mem_mgr/mem_mgr_internal.h   |    38 +
 .../src/kernel/mem_mgr/mem_multicast_fabric.c      |  3000 ++
 src/nvidia/src/kernel/mem_mgr/no_device_mem.c      |   134 +
 src/nvidia/src/kernel/mem_mgr/os_desc_mem.c        |   231 +
 src/nvidia/src/kernel/mem_mgr/phys_mem.c           |   221 +
 src/nvidia/src/kernel/mem_mgr/pool_alloc.c         |  1058 +
 src/nvidia/src/kernel/mem_mgr/reg_mem.c            |    73 +
 src/nvidia/src/kernel/mem_mgr/standard_mem.c       |   252 +
 src/nvidia/src/kernel/mem_mgr/syncpoint_mem.c      |   114 +
 src/nvidia/src/kernel/mem_mgr/system_mem.c         |   614 +
 src/nvidia/src/kernel/mem_mgr/vaddr_list.c         |   669 +
 src/nvidia/src/kernel/mem_mgr/vaspace.c            |   261 +
 src/nvidia/src/kernel/mem_mgr/video_mem.c          |  1583 ++
 src/nvidia/src/kernel/mem_mgr/virt_mem_mgr.c       |   218 +
 src/nvidia/src/kernel/mem_mgr/virt_mem_range.c     |   143 +
 src/nvidia/src/kernel/mem_mgr/virtual_mem.c        |  1842 ++
 src/nvidia/src/kernel/os/os_init.c                 |   568 +
 src/nvidia/src/kernel/os/os_sanity.c               |   310 +
 src/nvidia/src/kernel/os/os_stubs.c                |   819 +
 src/nvidia/src/kernel/os/os_timer.c                |   454 +
 src/nvidia/src/kernel/platform/acpi_common.c       |  1304 +
 src/nvidia/src/kernel/platform/chipset/chipset.c   |   823 +
 .../src/kernel/platform/chipset/chipset_info.c     |  1466 +
 .../src/kernel/platform/chipset/chipset_pcie.c     |  5401 ++++
 src/nvidia/src/kernel/platform/chipset/pci_pbi.c   |   377 +
 src/nvidia/src/kernel/platform/cpu.c               |  1536 +
 src/nvidia/src/kernel/platform/cpu_arm_def.h       |   133 +
 src/nvidia/src/kernel/platform/guids.c             |    96 +
 src/nvidia/src/kernel/platform/hwbc.c              |  2289 ++
 src/nvidia/src/kernel/platform/nbsi/nbsi_getv.c    |   452 +
 src/nvidia/src/kernel/platform/nbsi/nbsi_init.c    |  3400 +++
 src/nvidia/src/kernel/platform/nbsi/nbsi_osrg.c    |   244 +
 src/nvidia/src/kernel/platform/p2p/p2p_caps.c      |  1035 +
 src/nvidia/src/kernel/platform/platform.c          |   192 +
 .../src/kernel/platform/platform_request_handler.c |  1058 +
 .../platform/platform_request_handler_ctrl.c       |  2929 ++
 src/nvidia/src/kernel/platform/sli/sli.c           |   310 +
 src/nvidia/src/kernel/power/gpu_boost_mgr.c        |   825 +
 src/nvidia/src/kernel/rmapi/alloc_free.c           |  1735 ++
 src/nvidia/src/kernel/rmapi/binary_api.c           |   161 +
 src/nvidia/src/kernel/rmapi/client.c               |   995 +
 src/nvidia/src/kernel/rmapi/client_resource.c      |  5661 ++++
 src/nvidia/src/kernel/rmapi/client_resource_sli.c  |    53 +
 src/nvidia/src/kernel/rmapi/control.c              |  1138 +
 src/nvidia/src/kernel/rmapi/deprecated_context.c   |   205 +
 src/nvidia/src/kernel/rmapi/deprecated_context.h   |    42 +
 src/nvidia/src/kernel/rmapi/embedded_param_copy.c  |  1131 +
 src/nvidia/src/kernel/rmapi/entry_points.c         |   607 +
 src/nvidia/src/kernel/rmapi/entry_points.h         |   432 +
 src/nvidia/src/kernel/rmapi/event.c                |   782 +
 src/nvidia/src/kernel/rmapi/event_buffer.c         |   752 +
 src/nvidia/src/kernel/rmapi/event_notification.c   |  1222 +
 src/nvidia/src/kernel/rmapi/lock_stress.c          |   598 +
 src/nvidia/src/kernel/rmapi/lock_test.c            |   103 +
 src/nvidia/src/kernel/rmapi/mapping.c              |   609 +
 src/nvidia/src/kernel/rmapi/mapping_cpu.c          |  1406 +
 src/nvidia/src/kernel/rmapi/mapping_list.c         |   502 +
 src/nvidia/src/kernel/rmapi/nv_gpu_ops.c           | 11347 ++++++++
 src/nvidia/src/kernel/rmapi/param_copy.c           |   321 +
 src/nvidia/src/kernel/rmapi/resource.c             |   311 +
 src/nvidia/src/kernel/rmapi/resource_desc.c        |   218 +
 src/nvidia/src/kernel/rmapi/resource_desc.h        |    63 +
 src/nvidia/src/kernel/rmapi/resource_desc_flags.h  |    94 +
 src/nvidia/src/kernel/rmapi/resource_list.h        |  2018 ++
 .../kernel/rmapi/resource_list_required_includes.h |    54 +
 src/nvidia/src/kernel/rmapi/rmapi.c                |  1045 +
 src/nvidia/src/kernel/rmapi/rmapi_cache.c          |  1778 ++
 src/nvidia/src/kernel/rmapi/rmapi_cache_handlers.c |   135 +
 src/nvidia/src/kernel/rmapi/rmapi_finn.c           |   609 +
 src/nvidia/src/kernel/rmapi/rmapi_specific.c       |   200 +
 src/nvidia/src/kernel/rmapi/rmapi_stubs.c          |   183 +
 src/nvidia/src/kernel/rmapi/rmapi_utils.c          |   246 +
 src/nvidia/src/kernel/rmapi/rpc_common.c           |   175 +
 src/nvidia/src/kernel/rmapi/rs_utils.c             |   382 +
 src/nvidia/src/kernel/rmapi/sharing.c              |   430 +
 src/nvidia/src/kernel/vgpu/arch/ampere/rpcga102.c  |    51 +
 src/nvidia/src/kernel/vgpu/arch/maxwell/rpcgm204.c |    55 +
 src/nvidia/src/kernel/vgpu/objvgpu.c               |   502 +
 src/nvidia/src/kernel/vgpu/rpc.c                   | 11122 ++++++++
 src/nvidia/src/kernel/vgpu/rpcstructurecopy.c      |  2945 ++
 src/nvidia/src/kernel/vgpu/vgpu_events.c           |   527 +
 src/nvidia/src/kernel/vgpu/vgpu_util.c             |   499 +
 src/nvidia/src/kernel/vgpu/vgpuapi.c               |    80 +
 src/nvidia/src/kernel/vgpu/vgpuctrl.c              |   132 +
 .../src/kernel/virtualization/common_vgpu_mgr.c    |   349 +
 .../virtualization/hypervisor/hyperv/hyperv.c      |    82 +
 .../kernel/virtualization/hypervisor/hypervisor.c  |   355 +
 .../virtualization/hypervisor/hypervisor_access.c  |    40 +
 .../src/kernel/virtualization/hypervisor/kvm/kvm.c |    55 +
 .../virtualization/hypervisor/vmware/vmware.c      |    54 +
 .../src/kernel/virtualization/hypervisor/xen/xen.c |    56 +
 .../virtualization/kernel_hostvgpudeviceapi.c      |  1163 +
 .../src/kernel/virtualization/kernel_vgpu_mgr.c    |  5398 ++++
 .../src/kernel/virtualization/vgpuconfigapi.c      |  1560 +
 src/nvidia/src/lib/base_utils.c                    |   385 +
 src/nvidia/src/lib/protobuf/prbenc.c               |  1068 +
 src/nvidia/src/lib/protobuf/prbutil.c              |   805 +
 src/nvidia/src/lib/ref_count.c                     |   583 +
 src/nvidia/src/lib/zlib/inflate.c                  |  1157 +
 src/nvidia/src/libraries/containers/btree/btree.c  |   841 +
 .../src/libraries/containers/eheap/eheap_old.c     |  1367 +
 src/nvidia/src/libraries/containers/list.c         |   438 +
 src/nvidia/src/libraries/containers/map.c          |   913 +
 src/nvidia/src/libraries/containers/multimap.c     |   394 +
 src/nvidia/src/libraries/containers/queue.c        |   303 +
 src/nvidia/src/libraries/containers/ringbuf.c      |   233 +
 src/nvidia/src/libraries/containers/vector.c       |   478 +
 .../src/libraries/crashcat/crashcat_engine.c       |   365 +
 src/nvidia/src/libraries/crashcat/crashcat_queue.c |    42 +
 .../src/libraries/crashcat/crashcat_report.c       |   163 +
 .../src/libraries/crashcat/crashcat_wayfinder.c    |    39 +
 .../src/libraries/crashcat/v1/crashcat_queue_v1.c  |   146 +
 .../src/libraries/crashcat/v1/crashcat_report_v1.c |   734 +
 .../libraries/crashcat/v1/crashcat_wayfinder_v1.c  |   125 +
 .../crashcat/v1/impl/crashcat_report_v1_generic.c  |    90 +
 .../crashcat/v1/impl/crashcat_report_v1_libos2.c   |   148 +
 .../crashcat/v1/impl/crashcat_report_v1_libos3.c   |   187 +
 .../libraries/eventbuffer/eventbufferproducer.c    |   304 +
 src/nvidia/src/libraries/fnv_hash/fnv_hash.c       |   423 +
 src/nvidia/src/libraries/ioaccess/ioaccess.c       |    93 +
 .../src/libraries/libspdm/3.1.1/include/hal/base.h |    87 +
 .../libspdm/3.1.1/include/hal/library/cryptlib.h   |   109 +
 .../include/hal/library/cryptlib/cryptlib_aead.h   |   211 +
 .../include/hal/library/cryptlib/cryptlib_cert.h   |   383 +
 .../include/hal/library/cryptlib/cryptlib_dh.h     |    98 +
 .../include/hal/library/cryptlib/cryptlib_ec.h     |   246 +
 .../include/hal/library/cryptlib/cryptlib_ecd.h    |   173 +
 .../include/hal/library/cryptlib/cryptlib_hash.h   |   772 +
 .../include/hal/library/cryptlib/cryptlib_hkdf.h   |   266 +
 .../include/hal/library/cryptlib/cryptlib_mac.h    |   833 +
 .../include/hal/library/cryptlib/cryptlib_rng.h    |    30 +
 .../include/hal/library/cryptlib/cryptlib_rsa.h    |   274 +
 .../include/hal/library/cryptlib/cryptlib_sm2.h    |   217 +
 .../libspdm/3.1.1/include/hal/library/debuglib.h   |   117 +
 .../libspdm/3.1.1/include/hal/library/memlib.h     |    69 +
 .../3.1.1/include/hal/library/requester/psklib.h   |    58 +
 .../include/hal/library/requester/reqasymsignlib.h |    71 +
 .../3.1.1/include/hal/library/requester/timelib.h  |    19 +
 .../include/hal/library/responder/asymsignlib.h    |    68 +
 .../3.1.1/include/hal/library/responder/csrlib.h   |    53 +
 .../3.1.1/include/hal/library/responder/measlib.h  |   141 +
 .../3.1.1/include/hal/library/responder/psklib.h   |    60 +
 .../include/hal/library/responder/setcertlib.h     |    43 +
 .../libspdm/3.1.1/include/industry_standard/spdm.h |  1080 +
 .../industry_standard/spdm_secured_message.h       |   132 +
 .../3.1.1/include/internal/libspdm_common_lib.h    |  1607 ++
 .../3.1.1/include/internal/libspdm_crypt_lib.h     |    10 +
 .../3.1.1/include/internal/libspdm_fips_lib.h      |   106 +
 .../3.1.1/include/internal/libspdm_lib_config.h    |    99 +
 .../3.1.1/include/internal/libspdm_macro_check.h   |   117 +
 .../3.1.1/include/internal/libspdm_requester_lib.h |   658 +
 .../3.1.1/include/internal/libspdm_responder_lib.h |   873 +
 .../include/internal/libspdm_secured_message_lib.h |   470 +
 .../3.1.1/include/library/spdm_common_lib.h        |   945 +
 .../libspdm/3.1.1/include/library/spdm_crypt_lib.h |  1054 +
 .../3.1.1/include/library/spdm_lib_config.h        |   386 +
 .../3.1.1/include/library/spdm_requester_lib.h     |   684 +
 .../3.1.1/include/library/spdm_responder_lib.h     |   265 +
 .../3.1.1/include/library/spdm_return_status.h     |   206 +
 .../include/library/spdm_secured_message_lib.h     |   298 +
 .../spdm_common_lib/libspdm_com_context_data.c     |  2988 ++
 .../libspdm_com_context_data_session.c             |   289 +
 .../spdm_common_lib/libspdm_com_crypto_service.c   |  1139 +
 .../libspdm_com_crypto_service_session.c           |   702 +
 .../library/spdm_common_lib/libspdm_com_msg_log.c  |    98 +
 .../spdm_common_lib/libspdm_com_opaque_data.c      |   333 +
 .../library/spdm_common_lib/libspdm_com_support.c  |   329 +
 .../library/spdm_crypt_lib/libspdm_crypt_aead.c    |   203 +
 .../library/spdm_crypt_lib/libspdm_crypt_asym.c    |  1845 ++
 .../library/spdm_crypt_lib/libspdm_crypt_cert.c    |  1674 ++
 .../library/spdm_crypt_lib/libspdm_crypt_dhe.c     |   351 +
 .../library/spdm_crypt_lib/libspdm_crypt_hash.c    |   511 +
 .../library/spdm_crypt_lib/libspdm_crypt_hkdf.c    |   127 +
 .../library/spdm_crypt_lib/libspdm_crypt_hmac.c    |   422 +
 .../library/spdm_crypt_lib/libspdm_crypt_rng.c     |    15 +
 .../spdm_requester_lib/libspdm_req_common.c        |   182 +
 .../spdm_requester_lib/libspdm_req_communication.c |   406 +
 .../libspdm_req_encap_certificate.c                |   139 +
 .../spdm_requester_lib/libspdm_req_encap_digests.c |   116 +
 .../spdm_requester_lib/libspdm_req_encap_error.c   |    52 +
 .../libspdm_req_encap_key_update.c                 |   153 +
 .../spdm_requester_lib/libspdm_req_encap_request.c |   471 +
 .../spdm_requester_lib/libspdm_req_end_session.c   |   182 +
 .../spdm_requester_lib/libspdm_req_finish.c        |   632 +
 .../libspdm_req_get_capabilities.c                 |   367 +
 .../libspdm_req_get_certificate.c                  |   463 +
 .../spdm_requester_lib/libspdm_req_get_digests.c   |   249 +
 .../libspdm_req_get_measurements.c                 |   696 +
 .../spdm_requester_lib/libspdm_req_get_version.c   |   234 +
 .../libspdm_req_handle_error_response.c            |   429 +
 .../spdm_requester_lib/libspdm_req_heartbeat.c     |   170 +
 .../spdm_requester_lib/libspdm_req_key_exchange.c  |   831 +
 .../spdm_requester_lib/libspdm_req_key_update.c    |   351 +
 .../libspdm_req_negotiate_algorithms.c             |   581 +
 .../spdm_requester_lib/libspdm_req_send_receive.c  |   758 +
 .../libspdm_secmes_context_data.c                  |   420 +
 .../libspdm_secmes_encode_decode.c                 |   689 +
 .../libspdm_secmes_key_exchange.c                  |   108 +
 .../libspdm_secmes_session.c                       |  1108 +
 .../3.1.1/os_stub/include/library/malloclib.h      |    64 +
 .../libspdm/3.1.1/os_stub/include/library/rnglib.h |    27 +
 .../libspdm/3.1.1/os_stub/memlib/compare_mem.c     |    24 +
 .../3.1.1/os_stub/platform_lib_null/time_linux.c   |    17 +
 .../os_stub/spdm_crypt_ext_lib/cryptlib_ext.h      |   753 +
 .../os_stub/spdm_device_secret_lib_null/lib.c      |   157 +
 .../libraries/libspdm/nvidia/nvspdm_crypt_null.c   |    77 +
 .../libspdm/nvidia/nvspdm_cryptlib_extensions.h    |    41 +
 .../src/libraries/libspdm/nvidia/nvspdm_debuglib.c |    69 +
 .../libraries/libspdm/nvidia/nvspdm_malloclib.c    |    49 +
 .../src/libraries/libspdm/nvidia/nvspdm_memlib.c   |   141 +
 .../src/libraries/libspdm/nvidia/nvspdm_rmconfig.h |   132 +
 .../src/libraries/libspdm/nvidia/nvspdm_rng.c      |    48 +
 .../src/libraries/libspdm/nvidia/nvspdm_rsa.c      |   129 +
 .../src/libraries/libspdm/nvidia/openspdm.mk       |   112 +
 .../src/libraries/mapping_reuse/mapping_reuse.c    |   317 +
 src/nvidia/src/libraries/mmu/gmmu_fmt.c            |   278 +
 src/nvidia/src/libraries/mmu/mmu_fmt.c             |   162 +
 src/nvidia/src/libraries/mmu/mmu_walk.c            |  1592 ++
 src/nvidia/src/libraries/mmu/mmu_walk_commit.c     |   136 +
 src/nvidia/src/libraries/mmu/mmu_walk_fill.c       |   382 +
 src/nvidia/src/libraries/mmu/mmu_walk_info.c       |    61 +
 src/nvidia/src/libraries/mmu/mmu_walk_map.c        |   221 +
 src/nvidia/src/libraries/mmu/mmu_walk_migrate.c    |   189 +
 src/nvidia/src/libraries/mmu/mmu_walk_private.h    |   376 +
 src/nvidia/src/libraries/mmu/mmu_walk_reserve.c    |   245 +
 src/nvidia/src/libraries/mmu/mmu_walk_sparse.c     |   121 +
 src/nvidia/src/libraries/mmu/mmu_walk_unmap.c      |    90 +
 src/nvidia/src/libraries/nvbitvector/nvbitvector.c |   988 +
 src/nvidia/src/libraries/nvoc/src/runtime.c        |   370 +
 src/nvidia/src/libraries/nvport/core/core.c        |    98 +
 src/nvidia/src/libraries/nvport/cpu/cpu_common.c   |    61 +
 src/nvidia/src/libraries/nvport/cpu/cpu_common.h   |    54 +
 .../src/libraries/nvport/cpu/cpu_x86_amd64.c       |   574 +
 .../src/libraries/nvport/cpu/cpu_x86_amd64.h       |   266 +
 .../nvport/crypto/crypto_random_xorshift.c         |   190 +
 .../src/libraries/nvport/memory/memory_generic.h   |   195 +
 .../src/libraries/nvport/memory/memory_tracking.c  |  1924 ++
 .../nvport/memory/memory_unix_kernel_os.c          |   206 +
 .../src/libraries/nvport/string/string_generic.c   |   360 +
 .../nvport/sync/inc/sync_unix_kernel_os_def.h      |    60 +
 src/nvidia/src/libraries/nvport/sync/sync_common.h |   158 +
 .../libraries/nvport/sync/sync_unix_kernel_os.c    |   339 +
 .../nvport/thread/thread_unix_kernel_os.c          |    60 +
 .../src/libraries/nvport/util/util_gcc_clang.c     |    80 +
 .../libraries/nvport/util/util_unix_kernel_os.c    |    44 +
 src/nvidia/src/libraries/poolalloc/poolalloc.c     |   581 +
 .../src/libraries/prereq_tracker/prereq_tracker.c  |   349 +
 .../src/libraries/resserv/src/rs_access_map.c      |   717 +
 .../src/libraries/resserv/src/rs_access_rights.c   |   124 +
 src/nvidia/src/libraries/resserv/src/rs_client.c   |  1841 ++
 src/nvidia/src/libraries/resserv/src/rs_domain.c   |    52 +
 src/nvidia/src/libraries/resserv/src/rs_resource.c |   750 +
 src/nvidia/src/libraries/resserv/src/rs_server.c   |  5004 ++++
 src/nvidia/src/libraries/tls/tls.c                 |   673 +
 src/nvidia/src/libraries/utils/nvassert.c          |   354 +
 src/nvidia/srcs.mk                                 |   990 +
 utils.mk                                           |   618 +
 version.mk                                         |    11 +
 3717 files changed, 2016042 insertions(+)
section=gpu_ext_files
nvidia/nv-gpu-sched-hooks.c
nvidia/nv-gpu-sched-hooks.h
nvidia-uvm/uvm_bpf_struct_ops.c
nvidia-uvm/uvm_bpf_struct_ops.h
section=gpu_ext_hooks
/home/harsh4786/gpu_ext-v0.0.21/kernel-module/nvidia-module/kernel-open/nvidia-uvm/uvm_pmm_gpu.c:177:#include "uvm_bpf_struct_ops.h"
/home/harsh4786/gpu_ext-v0.0.21/kernel-module/nvidia-module/kernel-open/nvidia-uvm/uvm_pmm_gpu.c:647:            uvm_bpf_call_gpu_block_activate(pmm, &root_chunk->chunk, &pmm->root_chunks.va_block_used);
/home/harsh4786/gpu_ext-v0.0.21/kernel-module/nvidia-module/kernel-open/nvidia-uvm/uvm_pmm_gpu.c:1436:                                            enum uvm_bpf_action (*bpf_hook)(uvm_pmm_gpu_t *, uvm_gpu_chunk_t *, struct list_head *))
/home/harsh4786/gpu_ext-v0.0.21/kernel-module/nvidia-module/kernel-open/nvidia-uvm/uvm_pmm_gpu.c:1438:    enum uvm_bpf_action action = UVM_BPF_ACTION_DEFAULT;
/home/harsh4786/gpu_ext-v0.0.21/kernel-module/nvidia-module/kernel-open/nvidia-uvm/uvm_pmm_gpu.c:1468:                                    uvm_bpf_call_gpu_block_access);
/home/harsh4786/gpu_ext-v0.0.21/kernel-module/nvidia-module/kernel-open/nvidia-uvm/uvm_pmm_gpu.c:1503:        uvm_bpf_call_gpu_evict_prepare(pmm,
/home/harsh4786/gpu_ext-v0.0.21/kernel-module/nvidia-module/kernel-open/nvidia-uvm/uvm_bpf_struct_ops.c:10:#include "uvm_bpf_struct_ops.h"
/home/harsh4786/gpu_ext-v0.0.21/kernel-module/nvidia-module/kernel-open/nvidia-uvm/uvm_bpf_struct_ops.c:27:/* Shared struct_ops definition between kernel module and BPF program */
/home/harsh4786/gpu_ext-v0.0.21/kernel-module/nvidia-module/kernel-open/nvidia-uvm/uvm_bpf_struct_ops.c:63:/* Define our custom struct_ops operations */
/home/harsh4786/gpu_ext-v0.0.21/kernel-module/nvidia-module/kernel-open/nvidia-uvm/uvm_bpf_struct_ops.c:67:/* Proc file to trigger the struct_ops */
/home/harsh4786/gpu_ext-v0.0.21/kernel-module/nvidia-module/kernel-open/nvidia-uvm/uvm_bpf_struct_ops.c:70:/* CFI stub functions - required for struct_ops */
/home/harsh4786/gpu_ext-v0.0.21/kernel-module/nvidia-module/kernel-open/nvidia-uvm/uvm_bpf_struct_ops.c:130:__bpf_kfunc_start_defs();
/home/harsh4786/gpu_ext-v0.0.21/kernel-module/nvidia-module/kernel-open/nvidia-uvm/uvm_bpf_struct_ops.c:133:__bpf_kfunc int bpf_gpu_strstr(const char *str, u32 str__sz, const char *substr, u32 substr__sz)
/home/harsh4786/gpu_ext-v0.0.21/kernel-module/nvidia-module/kernel-open/nvidia-uvm/uvm_bpf_struct_ops.c:140:__bpf_kfunc void bpf_gpu_set_prefetch_region(uvm_va_block_region_t *region,
/home/harsh4786/gpu_ext-v0.0.21/kernel-module/nvidia-module/kernel-open/nvidia-uvm/uvm_bpf_struct_ops.c:151:__bpf_kfunc void bpf_gpu_block_move_head(uvm_gpu_chunk_t *chunk,
/home/harsh4786/gpu_ext-v0.0.21/kernel-module/nvidia-module/kernel-open/nvidia-uvm/uvm_bpf_struct_ops.c:165:__bpf_kfunc void bpf_gpu_block_move_tail(uvm_gpu_chunk_t *chunk,
/home/harsh4786/gpu_ext-v0.0.21/kernel-module/nvidia-module/kernel-open/nvidia-uvm/uvm_bpf_struct_ops.c:185:__bpf_kfunc int bpf_gpu_migrate_range(u64 va_space_handle, u64 addr, u64 length)
/home/harsh4786/gpu_ext-v0.0.21/kernel-module/nvidia-module/kernel-open/nvidia-uvm/uvm_bpf_struct_ops.c:194:__bpf_kfunc_end_defs();
/home/harsh4786/gpu_ext-v0.0.21/kernel-module/nvidia-module/kernel-open/nvidia-uvm/uvm_bpf_struct_ops.c:197:BTF_KFUNCS_START(uvm_bpf_kfunc_ids_set)
/home/harsh4786/gpu_ext-v0.0.21/kernel-module/nvidia-module/kernel-open/nvidia-uvm/uvm_bpf_struct_ops.c:203:BTF_KFUNCS_END(uvm_bpf_kfunc_ids_set)
/home/harsh4786/gpu_ext-v0.0.21/kernel-module/nvidia-module/kernel-open/nvidia-uvm/uvm_bpf_struct_ops.c:206:static const struct btf_kfunc_id_set uvm_bpf_kfunc_set = {
/home/harsh4786/gpu_ext-v0.0.21/kernel-module/nvidia-module/kernel-open/nvidia-uvm/uvm_bpf_struct_ops.c:208:	.set = &uvm_bpf_kfunc_ids_set,
/home/harsh4786/gpu_ext-v0.0.21/kernel-module/nvidia-module/kernel-open/nvidia-uvm/uvm_bpf_struct_ops.c:227:/* Allow specific BPF helpers to be used in struct_ops programs */
/home/harsh4786/gpu_ext-v0.0.21/kernel-module/nvidia-module/kernel-open/nvidia-uvm/uvm_bpf_struct_ops.c:276:static struct bpf_struct_ops gpu_mem_ops_struct_ops = {
/home/harsh4786/gpu_ext-v0.0.21/kernel-module/nvidia-module/kernel-open/nvidia-uvm/uvm_bpf_struct_ops.c:287:/* Proc file write handler to trigger struct_ops */
/home/harsh4786/gpu_ext-v0.0.21/kernel-module/nvidia-module/kernel-open/nvidia-uvm/uvm_bpf_struct_ops.c:306:		pr_info("UVM: Calling struct_ops callbacks:\n");
/home/harsh4786/gpu_ext-v0.0.21/kernel-module/nvidia-module/kernel-open/nvidia-uvm/uvm_bpf_struct_ops.c:313:		pr_info("UVM: No struct_ops registered\n");
/home/harsh4786/gpu_ext-v0.0.21/kernel-module/nvidia-module/kernel-open/nvidia-uvm/uvm_bpf_struct_ops.c:324:int uvm_bpf_struct_ops_init(void)
/home/harsh4786/gpu_ext-v0.0.21/kernel-module/nvidia-module/kernel-open/nvidia-uvm/uvm_bpf_struct_ops.c:328:	/* Register the kfunc ID set for struct_ops programs */
/home/harsh4786/gpu_ext-v0.0.21/kernel-module/nvidia-module/kernel-open/nvidia-uvm/uvm_bpf_struct_ops.c:329:	ret = register_btf_kfunc_id_set(BPF_PROG_TYPE_STRUCT_OPS, &uvm_bpf_kfunc_set);
/home/harsh4786/gpu_ext-v0.0.21/kernel-module/nvidia-module/kernel-open/nvidia-uvm/uvm_bpf_struct_ops.c:337:	ret = register_btf_kfunc_id_set(BPF_PROG_TYPE_KPROBE, &uvm_bpf_kfunc_set);
/home/harsh4786/gpu_ext-v0.0.21/kernel-module/nvidia-module/kernel-open/nvidia-uvm/uvm_bpf_struct_ops.c:340:		/* Non-fatal: struct_ops still works */
/home/harsh4786/gpu_ext-v0.0.21/kernel-module/nvidia-module/kernel-open/nvidia-uvm/uvm_bpf_struct_ops.c:343:	/* Register the struct_ops */
/home/harsh4786/gpu_ext-v0.0.21/kernel-module/nvidia-module/kernel-open/nvidia-uvm/uvm_bpf_struct_ops.c:344:	ret = register_bpf_struct_ops(&gpu_mem_ops_struct_ops, gpu_mem_ops);
/home/harsh4786/gpu_ext-v0.0.21/kernel-module/nvidia-module/kernel-open/nvidia-uvm/uvm_bpf_struct_ops.c:346:		pr_err("UVM: Failed to register struct_ops: %d\n", ret);
/home/harsh4786/gpu_ext-v0.0.21/kernel-module/nvidia-module/kernel-open/nvidia-uvm/uvm_bpf_struct_ops.c:355:	pr_info("UVM: bpf_struct_ops initialized\n");
/home/harsh4786/gpu_ext-v0.0.21/kernel-module/nvidia-module/kernel-open/nvidia-uvm/uvm_bpf_struct_ops.c:359:void uvm_bpf_struct_ops_exit(void)
/home/harsh4786/gpu_ext-v0.0.21/kernel-module/nvidia-module/kernel-open/nvidia-uvm/uvm_bpf_struct_ops.c:363:	/* Note: struct_ops unregister happens automatically on module unload */
/home/harsh4786/gpu_ext-v0.0.21/kernel-module/nvidia-module/kernel-open/nvidia-uvm/uvm_bpf_struct_ops.c:364:	pr_info("UVM: bpf_struct_ops cleaned up\n");
/home/harsh4786/gpu_ext-v0.0.21/kernel-module/nvidia-module/kernel-open/nvidia-uvm/uvm_bpf_struct_ops.c:368:enum uvm_bpf_action uvm_bpf_call_gpu_page_prefetch(
/home/harsh4786/gpu_ext-v0.0.21/kernel-module/nvidia-module/kernel-open/nvidia-uvm/uvm_bpf_struct_ops.c:386:	return (enum uvm_bpf_action)ret;
/home/harsh4786/gpu_ext-v0.0.21/kernel-module/nvidia-module/kernel-open/nvidia-uvm/uvm_bpf_struct_ops.c:389:enum uvm_bpf_action uvm_bpf_call_gpu_page_prefetch_iter(
/home/harsh4786/gpu_ext-v0.0.21/kernel-module/nvidia-module/kernel-open/nvidia-uvm/uvm_bpf_struct_ops.c:408:	return (enum uvm_bpf_action)ret;
/home/harsh4786/gpu_ext-v0.0.21/kernel-module/nvidia-module/kernel-open/nvidia-uvm/uvm_bpf_struct_ops.c:412:void uvm_bpf_call_gpu_block_activate(
/home/harsh4786/gpu_ext-v0.0.21/kernel-module/nvidia-module/kernel-open/nvidia-uvm/uvm_bpf_struct_ops.c:427:enum uvm_bpf_action uvm_bpf_call_gpu_block_access(
/home/harsh4786/gpu_ext-v0.0.21/kernel-module/nvidia-module/kernel-open/nvidia-uvm/uvm_bpf_struct_ops.c:442:	return (enum uvm_bpf_action)ret;
/home/harsh4786/gpu_ext-v0.0.21/kernel-module/nvidia-module/kernel-open/nvidia-uvm/uvm_bpf_struct_ops.c:445:void uvm_bpf_call_gpu_evict_prepare(
/home/harsh4786/gpu_ext-v0.0.21/kernel-module/nvidia-module/kernel-open/nvidia-uvm/uvm_perf_prefetch.c:33:#include "uvm_bpf_struct_ops.h"
/home/harsh4786/gpu_ext-v0.0.21/kernel-module/nvidia-module/kernel-open/nvidia-uvm/uvm_perf_prefetch.c:110:    enum uvm_bpf_action action;
/home/harsh4786/gpu_ext-v0.0.21/kernel-module/nvidia-module/kernel-open/nvidia-uvm/uvm_perf_prefetch.c:113:    action = uvm_bpf_call_gpu_page_prefetch(page_index, bitmap_tree,
/home/harsh4786/gpu_ext-v0.0.21/kernel-module/nvidia-module/kernel-open/nvidia-uvm/uvm_perf_prefetch.c:128:            (void)uvm_bpf_call_gpu_page_prefetch_iter(bitmap_tree,
/home/harsh4786/gpu_ext-v0.0.21/kernel-module/nvidia-module/kernel-open/nvidia-uvm/nvidia-uvm-sources.Kbuild:11:NVIDIA_UVM_SOURCES += nvidia-uvm/uvm_bpf_struct_ops.c
/home/harsh4786/gpu_ext-v0.0.21/kernel-module/nvidia-module/kernel-open/nvidia-uvm/uvm_bpf_struct_ops.h:9:enum uvm_bpf_action {
/home/harsh4786/gpu_ext-v0.0.21/kernel-module/nvidia-module/kernel-open/nvidia-uvm/uvm_bpf_struct_ops.h:15:/* Function declarations for BPF struct_ops initialization */
/home/harsh4786/gpu_ext-v0.0.21/kernel-module/nvidia-module/kernel-open/nvidia-uvm/uvm_bpf_struct_ops.h:16:int uvm_bpf_struct_ops_init(void);
/home/harsh4786/gpu_ext-v0.0.21/kernel-module/nvidia-module/kernel-open/nvidia-uvm/uvm_bpf_struct_ops.h:17:void uvm_bpf_struct_ops_exit(void);
/home/harsh4786/gpu_ext-v0.0.21/kernel-module/nvidia-module/kernel-open/nvidia-uvm/uvm_bpf_struct_ops.h:20:enum uvm_bpf_action uvm_bpf_call_gpu_page_prefetch(
/home/harsh4786/gpu_ext-v0.0.21/kernel-module/nvidia-module/kernel-open/nvidia-uvm/uvm_bpf_struct_ops.h:26:enum uvm_bpf_action uvm_bpf_call_gpu_page_prefetch_iter(
/home/harsh4786/gpu_ext-v0.0.21/kernel-module/nvidia-module/kernel-open/nvidia-uvm/uvm_bpf_struct_ops.h:34:void uvm_bpf_call_gpu_block_activate(
/home/harsh4786/gpu_ext-v0.0.21/kernel-module/nvidia-module/kernel-open/nvidia-uvm/uvm_bpf_struct_ops.h:39:enum uvm_bpf_action uvm_bpf_call_gpu_block_access(
/home/harsh4786/gpu_ext-v0.0.21/kernel-module/nvidia-module/kernel-open/nvidia-uvm/uvm_bpf_struct_ops.h:44:void uvm_bpf_call_gpu_evict_prepare(
/home/harsh4786/gpu_ext-v0.0.21/kernel-module/nvidia-module/kernel-open/nvidia/nv-gpu-sched-hooks.h:10: * This file also provides BPF struct_ops interface for GPU scheduling policy
/home/harsh4786/gpu_ext-v0.0.21/kernel-module/nvidia-module/kernel-open/nvidia/nv-gpu-sched-hooks.h:71: *   sudo bpftrace -e 'kprobe:nv_gpu_sched_task_init {
/home/harsh4786/gpu_ext-v0.0.21/kernel-module/nvidia-module/kernel-open/nvidia/nv-gpu-sched-hooks.h:79:void nv_gpu_sched_task_init(struct nv_gpu_task_init_ctx *ctx);
/home/harsh4786/gpu_ext-v0.0.21/kernel-module/nvidia-module/kernel-open/nvidia/nv-gpu-sched-hooks.h:82:void nv_gpu_sched_bind(struct nv_gpu_bind_ctx *ctx);
/home/harsh4786/gpu_ext-v0.0.21/kernel-module/nvidia-module/kernel-open/nvidia/nv-gpu-sched-hooks.h:85:void nv_gpu_sched_token_request(struct nv_gpu_token_request_ctx *ctx);
/home/harsh4786/gpu_ext-v0.0.21/kernel-module/nvidia-module/kernel-open/nvidia/nv-gpu-sched-hooks.h:88:void nv_gpu_sched_task_destroy(struct nv_gpu_task_destroy_ctx *ctx);
/home/harsh4786/gpu_ext-v0.0.21/kernel-module/nvidia-module/kernel-open/nvidia/nv-gpu-sched-hooks.h:92: * BPF struct_ops Interface
/home/harsh4786/gpu_ext-v0.0.21/kernel-module/nvidia-module/kernel-open/nvidia/nv-gpu-sched-hooks.h:97: * GPU Scheduler struct_ops definition
/home/harsh4786/gpu_ext-v0.0.21/kernel-module/nvidia-module/kernel-open/nvidia/nv-gpu-sched-hooks.h:102:struct nv_gpu_sched_ops {
/home/harsh4786/gpu_ext-v0.0.21/kernel-module/nvidia-module/kernel-open/nvidia/nv-gpu-sched-hooks.h:140: * struct_ops initialization/cleanup functions
/home/harsh4786/gpu_ext-v0.0.21/kernel-module/nvidia-module/kernel-open/nvidia/nv-gpu-sched-hooks.h:142:int nv_gpu_sched_struct_ops_init(void);
/home/harsh4786/gpu_ext-v0.0.21/kernel-module/nvidia-module/kernel-open/nvidia/nv-gpu-sched-hooks.h:143:void nv_gpu_sched_struct_ops_exit(void);
/home/harsh4786/gpu_ext-v0.0.21/kernel-module/nvidia-module/kernel-open/nvidia-uvm/uvm.c:42:#include "uvm_bpf_struct_ops.h"
/home/harsh4786/gpu_ext-v0.0.21/kernel-module/nvidia-module/kernel-open/nvidia-uvm/uvm.c:1192:    bool initialized_bpf_struct_ops = false;
/home/harsh4786/gpu_ext-v0.0.21/kernel-module/nvidia-module/kernel-open/nvidia-uvm/uvm.c:1216:    /* Initialize BPF struct_ops support */
/home/harsh4786/gpu_ext-v0.0.21/kernel-module/nvidia-module/kernel-open/nvidia-uvm/uvm.c:1217:    ret = uvm_bpf_struct_ops_init();
/home/harsh4786/gpu_ext-v0.0.21/kernel-module/nvidia-module/kernel-open/nvidia-uvm/uvm.c:1219:        UVM_ERR_PRINT("uvm_bpf_struct_ops_init() failed: %d\n", ret);
/home/harsh4786/gpu_ext-v0.0.21/kernel-module/nvidia-module/kernel-open/nvidia-uvm/uvm.c:1222:    initialized_bpf_struct_ops = true;
/home/harsh4786/gpu_ext-v0.0.21/kernel-module/nvidia-module/kernel-open/nvidia-uvm/uvm.c:1230:    if (initialized_bpf_struct_ops)
/home/harsh4786/gpu_ext-v0.0.21/kernel-module/nvidia-module/kernel-open/nvidia-uvm/uvm.c:1231:        uvm_bpf_struct_ops_exit();
/home/harsh4786/gpu_ext-v0.0.21/kernel-module/nvidia-module/kernel-open/nvidia-uvm/uvm.c:1252:    /* Clean up BPF struct_ops support */
/home/harsh4786/gpu_ext-v0.0.21/kernel-module/nvidia-module/kernel-open/nvidia-uvm/uvm.c:1253:    uvm_bpf_struct_ops_exit();
/home/harsh4786/gpu_ext-v0.0.21/kernel-module/nvidia-module/kernel-open/nvidia/nv-gpu-sched-hooks.c:14: * Additionally, struct_ops callbacks are invoked for BPF programs that
/home/harsh4786/gpu_ext-v0.0.21/kernel-module/nvidia-module/kernel-open/nvidia/nv-gpu-sched-hooks.c:15: * implement the nv_gpu_sched_ops interface.
/home/harsh4786/gpu_ext-v0.0.21/kernel-module/nvidia-module/kernel-open/nvidia/nv-gpu-sched-hooks.c:27:extern NvU32 nv_gpu_sched_do_preempt(nvidia_stack_t *sp, NvU32 hClient, NvU32 hTsg);
/home/harsh4786/gpu_ext-v0.0.21/kernel-module/nvidia-module/kernel-open/nvidia/nv-gpu-sched-hooks.c:44: * BPF struct_ops Implementation
/home/harsh4786/gpu_ext-v0.0.21/kernel-module/nvidia-module/kernel-open/nvidia/nv-gpu-sched-hooks.c:52:static struct nv_gpu_sched_ops __rcu *nv_gpu_sched_bpf_ops;
/home/harsh4786/gpu_ext-v0.0.21/kernel-module/nvidia-module/kernel-open/nvidia/nv-gpu-sched-hooks.c:55: * CFI stub functions - required for struct_ops
/home/harsh4786/gpu_ext-v0.0.21/kernel-module/nvidia-module/kernel-open/nvidia/nv-gpu-sched-hooks.c:57:static int nv_gpu_sched_ops__on_task_init(struct nv_gpu_task_init_ctx *ctx)
/home/harsh4786/gpu_ext-v0.0.21/kernel-module/nvidia-module/kernel-open/nvidia/nv-gpu-sched-hooks.c:62:static int nv_gpu_sched_ops__on_bind(struct nv_gpu_bind_ctx *ctx)
/home/harsh4786/gpu_ext-v0.0.21/kernel-module/nvidia-module/kernel-open/nvidia/nv-gpu-sched-hooks.c:67:static int nv_gpu_sched_ops__on_task_destroy(struct nv_gpu_task_destroy_ctx *ctx)
/home/harsh4786/gpu_ext-v0.0.21/kernel-module/nvidia-module/kernel-open/nvidia/nv-gpu-sched-hooks.c:73:static struct nv_gpu_sched_ops __bpf_ops_nv_gpu_sched_ops = {
/home/harsh4786/gpu_ext-v0.0.21/kernel-module/nvidia-module/kernel-open/nvidia/nv-gpu-sched-hooks.c:74:    .on_task_init = nv_gpu_sched_ops__on_task_init,
/home/harsh4786/gpu_ext-v0.0.21/kernel-module/nvidia-module/kernel-open/nvidia/nv-gpu-sched-hooks.c:75:    .on_bind = nv_gpu_sched_ops__on_bind,
/home/harsh4786/gpu_ext-v0.0.21/kernel-module/nvidia-module/kernel-open/nvidia/nv-gpu-sched-hooks.c:76:    .on_task_destroy = nv_gpu_sched_ops__on_task_destroy,
/home/harsh4786/gpu_ext-v0.0.21/kernel-module/nvidia-module/kernel-open/nvidia/nv-gpu-sched-hooks.c:82:__bpf_kfunc_start_defs();
/home/harsh4786/gpu_ext-v0.0.21/kernel-module/nvidia-module/kernel-open/nvidia/nv-gpu-sched-hooks.c:87:__bpf_kfunc void bpf_nv_gpu_set_timeslice(struct nv_gpu_task_init_ctx *ctx,
/home/harsh4786/gpu_ext-v0.0.21/kernel-module/nvidia-module/kernel-open/nvidia/nv-gpu-sched-hooks.c:97:__bpf_kfunc void bpf_nv_gpu_set_interleave(struct nv_gpu_task_init_ctx *ctx,
/home/harsh4786/gpu_ext-v0.0.21/kernel-module/nvidia-module/kernel-open/nvidia/nv-gpu-sched-hooks.c:107:__bpf_kfunc void bpf_nv_gpu_reject_bind(struct nv_gpu_bind_ctx *ctx)
/home/harsh4786/gpu_ext-v0.0.21/kernel-module/nvidia-module/kernel-open/nvidia/nv-gpu-sched-hooks.c:120:__bpf_kfunc int bpf_nv_gpu_preempt_tsg(u32 hClient, u32 hTsg)
/home/harsh4786/gpu_ext-v0.0.21/kernel-module/nvidia-module/kernel-open/nvidia/nv-gpu-sched-hooks.c:131:    status = nv_gpu_sched_do_preempt(sp, hClient, hTsg);
/home/harsh4786/gpu_ext-v0.0.21/kernel-module/nvidia-module/kernel-open/nvidia/nv-gpu-sched-hooks.c:138:__bpf_kfunc_end_defs();
/home/harsh4786/gpu_ext-v0.0.21/kernel-module/nvidia-module/kernel-open/nvidia/nv-gpu-sched-hooks.c:141:BTF_KFUNCS_START(nv_gpu_sched_kfunc_ids_set)
/home/harsh4786/gpu_ext-v0.0.21/kernel-module/nvidia-module/kernel-open/nvidia/nv-gpu-sched-hooks.c:146:BTF_KFUNCS_END(nv_gpu_sched_kfunc_ids_set)
/home/harsh4786/gpu_ext-v0.0.21/kernel-module/nvidia-module/kernel-open/nvidia/nv-gpu-sched-hooks.c:148:/* Register the kfunc ID set for struct_ops */
/home/harsh4786/gpu_ext-v0.0.21/kernel-module/nvidia-module/kernel-open/nvidia/nv-gpu-sched-hooks.c:149:static const struct btf_kfunc_id_set nv_gpu_sched_kfunc_set = {
/home/harsh4786/gpu_ext-v0.0.21/kernel-module/nvidia-module/kernel-open/nvidia/nv-gpu-sched-hooks.c:151:    .set = &nv_gpu_sched_kfunc_ids_set,
/home/harsh4786/gpu_ext-v0.0.21/kernel-module/nvidia-module/kernel-open/nvidia/nv-gpu-sched-hooks.c:170:static int nv_gpu_sched_ops_init_btf(struct btf *btf)
/home/harsh4786/gpu_ext-v0.0.21/kernel-module/nvidia-module/kernel-open/nvidia/nv-gpu-sched-hooks.c:175:static bool nv_gpu_sched_ops_is_valid_access(int off, int size,
/home/harsh4786/gpu_ext-v0.0.21/kernel-module/nvidia-module/kernel-open/nvidia/nv-gpu-sched-hooks.c:210:nv_gpu_sched_ops_get_func_proto(enum bpf_func_id func_id,
/home/harsh4786/gpu_ext-v0.0.21/kernel-module/nvidia-module/kernel-open/nvidia/nv-gpu-sched-hooks.c:229:static const struct bpf_verifier_ops nv_gpu_sched_ops_verifier_ops = {
/home/harsh4786/gpu_ext-v0.0.21/kernel-module/nvidia-module/kernel-open/nvidia/nv-gpu-sched-hooks.c:230:    .is_valid_access = nv_gpu_sched_ops_is_valid_access,
/home/harsh4786/gpu_ext-v0.0.21/kernel-module/nvidia-module/kernel-open/nvidia/nv-gpu-sched-hooks.c:231:    .get_func_proto = nv_gpu_sched_ops_get_func_proto,
/home/harsh4786/gpu_ext-v0.0.21/kernel-module/nvidia-module/kernel-open/nvidia/nv-gpu-sched-hooks.c:234:static int nv_gpu_sched_ops_init_member(const struct btf_type *t,
/home/harsh4786/gpu_ext-v0.0.21/kernel-module/nvidia-module/kernel-open/nvidia/nv-gpu-sched-hooks.c:244:static int nv_gpu_sched_ops_reg(void *kdata, struct bpf_link *link)
/home/harsh4786/gpu_ext-v0.0.21/kernel-module/nvidia-module/kernel-open/nvidia/nv-gpu-sched-hooks.c:246:    struct nv_gpu_sched_ops *ops = kdata;
/home/harsh4786/gpu_ext-v0.0.21/kernel-module/nvidia-module/kernel-open/nvidia/nv-gpu-sched-hooks.c:248:    if (cmpxchg(&nv_gpu_sched_bpf_ops, NULL, ops) != NULL)
/home/harsh4786/gpu_ext-v0.0.21/kernel-module/nvidia-module/kernel-open/nvidia/nv-gpu-sched-hooks.c:251:    pr_info("nvidia: GPU sched struct_ops registered\n");
/home/harsh4786/gpu_ext-v0.0.21/kernel-module/nvidia-module/kernel-open/nvidia/nv-gpu-sched-hooks.c:258:static void nv_gpu_sched_ops_unreg(void *kdata, struct bpf_link *link)
/home/harsh4786/gpu_ext-v0.0.21/kernel-module/nvidia-module/kernel-open/nvidia/nv-gpu-sched-hooks.c:260:    struct nv_gpu_sched_ops *ops = kdata;
/home/harsh4786/gpu_ext-v0.0.21/kernel-module/nvidia-module/kernel-open/nvidia/nv-gpu-sched-hooks.c:262:    if (cmpxchg(&nv_gpu_sched_bpf_ops, ops, NULL) != ops)
/home/harsh4786/gpu_ext-v0.0.21/kernel-module/nvidia-module/kernel-open/nvidia/nv-gpu-sched-hooks.c:263:        pr_warn("nvidia: GPU sched struct_ops unexpected unreg\n");
/home/harsh4786/gpu_ext-v0.0.21/kernel-module/nvidia-module/kernel-open/nvidia/nv-gpu-sched-hooks.c:265:        pr_info("nvidia: GPU sched struct_ops unregistered\n");
/home/harsh4786/gpu_ext-v0.0.21/kernel-module/nvidia-module/kernel-open/nvidia/nv-gpu-sched-hooks.c:269:static struct bpf_struct_ops nv_gpu_sched_struct_ops = {
/home/harsh4786/gpu_ext-v0.0.21/kernel-module/nvidia-module/kernel-open/nvidia/nv-gpu-sched-hooks.c:270:    .verifier_ops = &nv_gpu_sched_ops_verifier_ops,
/home/harsh4786/gpu_ext-v0.0.21/kernel-module/nvidia-module/kernel-open/nvidia/nv-gpu-sched-hooks.c:271:    .init = nv_gpu_sched_ops_init_btf,
/home/harsh4786/gpu_ext-v0.0.21/kernel-module/nvidia-module/kernel-open/nvidia/nv-gpu-sched-hooks.c:272:    .init_member = nv_gpu_sched_ops_init_member,
/home/harsh4786/gpu_ext-v0.0.21/kernel-module/nvidia-module/kernel-open/nvidia/nv-gpu-sched-hooks.c:273:    .reg = nv_gpu_sched_ops_reg,
/home/harsh4786/gpu_ext-v0.0.21/kernel-module/nvidia-module/kernel-open/nvidia/nv-gpu-sched-hooks.c:274:    .unreg = nv_gpu_sched_ops_unreg,
/home/harsh4786/gpu_ext-v0.0.21/kernel-module/nvidia-module/kernel-open/nvidia/nv-gpu-sched-hooks.c:275:    .cfi_stubs = &__bpf_ops_nv_gpu_sched_ops,
/home/harsh4786/gpu_ext-v0.0.21/kernel-module/nvidia-module/kernel-open/nvidia/nv-gpu-sched-hooks.c:276:    .name = "nv_gpu_sched_ops",
/home/harsh4786/gpu_ext-v0.0.21/kernel-module/nvidia-module/kernel-open/nvidia/nv-gpu-sched-hooks.c:283:static void nv_gpu_sched_bpf_on_task_init(struct nv_gpu_task_init_ctx *ctx)
/home/harsh4786/gpu_ext-v0.0.21/kernel-module/nvidia-module/kernel-open/nvidia/nv-gpu-sched-hooks.c:285:    struct nv_gpu_sched_ops *ops;
/home/harsh4786/gpu_ext-v0.0.21/kernel-module/nvidia-module/kernel-open/nvidia/nv-gpu-sched-hooks.c:288:    ops = rcu_dereference(nv_gpu_sched_bpf_ops);
/home/harsh4786/gpu_ext-v0.0.21/kernel-module/nvidia-module/kernel-open/nvidia/nv-gpu-sched-hooks.c:294:static void nv_gpu_sched_bpf_on_bind(struct nv_gpu_bind_ctx *ctx)
/home/harsh4786/gpu_ext-v0.0.21/kernel-module/nvidia-module/kernel-open/nvidia/nv-gpu-sched-hooks.c:296:    struct nv_gpu_sched_ops *ops;
/home/harsh4786/gpu_ext-v0.0.21/kernel-module/nvidia-module/kernel-open/nvidia/nv-gpu-sched-hooks.c:299:    ops = rcu_dereference(nv_gpu_sched_bpf_ops);
/home/harsh4786/gpu_ext-v0.0.21/kernel-module/nvidia-module/kernel-open/nvidia/nv-gpu-sched-hooks.c:305:static void nv_gpu_sched_bpf_on_task_destroy(struct nv_gpu_task_destroy_ctx *ctx)
/home/harsh4786/gpu_ext-v0.0.21/kernel-module/nvidia-module/kernel-open/nvidia/nv-gpu-sched-hooks.c:307:    struct nv_gpu_sched_ops *ops;
/home/harsh4786/gpu_ext-v0.0.21/kernel-module/nvidia-module/kernel-open/nvidia/nv-gpu-sched-hooks.c:310:    ops = rcu_dereference(nv_gpu_sched_bpf_ops);
/home/harsh4786/gpu_ext-v0.0.21/kernel-module/nvidia-module/kernel-open/nvidia/nv-gpu-sched-hooks.c:317: * struct_ops initialization
/home/harsh4786/gpu_ext-v0.0.21/kernel-module/nvidia-module/kernel-open/nvidia/nv-gpu-sched-hooks.c:319:int nv_gpu_sched_struct_ops_init(void)
/home/harsh4786/gpu_ext-v0.0.21/kernel-module/nvidia-module/kernel-open/nvidia/nv-gpu-sched-hooks.c:323:    ret = register_btf_kfunc_id_set(BPF_PROG_TYPE_STRUCT_OPS, &nv_gpu_sched_kfunc_set);
/home/harsh4786/gpu_ext-v0.0.21/kernel-module/nvidia-module/kernel-open/nvidia/nv-gpu-sched-hooks.c:335:    ret = register_bpf_struct_ops(&nv_gpu_sched_struct_ops, nv_gpu_sched_ops);
/home/harsh4786/gpu_ext-v0.0.21/kernel-module/nvidia-module/kernel-open/nvidia/nv-gpu-sched-hooks.c:337:        pr_err("nvidia: Failed to register GPU sched struct_ops: %d\n", ret);
/home/harsh4786/gpu_ext-v0.0.21/kernel-module/nvidia-module/kernel-open/nvidia/nv-gpu-sched-hooks.c:341:    pr_info("nvidia: GPU sched struct_ops initialized\n");
/home/harsh4786/gpu_ext-v0.0.21/kernel-module/nvidia-module/kernel-open/nvidia/nv-gpu-sched-hooks.c:344:EXPORT_SYMBOL(nv_gpu_sched_struct_ops_init);
/home/harsh4786/gpu_ext-v0.0.21/kernel-module/nvidia-module/kernel-open/nvidia/nv-gpu-sched-hooks.c:346:void nv_gpu_sched_struct_ops_exit(void)
/home/harsh4786/gpu_ext-v0.0.21/kernel-module/nvidia-module/kernel-open/nvidia/nv-gpu-sched-hooks.c:348:    pr_info("nvidia: GPU sched struct_ops cleaned up\n");
/home/harsh4786/gpu_ext-v0.0.21/kernel-module/nvidia-module/kernel-open/nvidia/nv-gpu-sched-hooks.c:350:EXPORT_SYMBOL(nv_gpu_sched_struct_ops_exit);
/home/harsh4786/gpu_ext-v0.0.21/kernel-module/nvidia-module/kernel-open/nvidia/nv-gpu-sched-hooks.c:359: * Hook 1: nv_gpu_sched_task_init
/home/harsh4786/gpu_ext-v0.0.21/kernel-module/nvidia-module/kernel-open/nvidia/nv-gpu-sched-hooks.c:370: *   kprobe:nv_gpu_sched_task_init {
/home/harsh4786/gpu_ext-v0.0.21/kernel-module/nvidia-module/kernel-open/nvidia/nv-gpu-sched-hooks.c:377:noinline void nv_gpu_sched_task_init(struct nv_gpu_task_init_ctx *ctx)
/home/harsh4786/gpu_ext-v0.0.21/kernel-module/nvidia-module/kernel-open/nvidia/nv-gpu-sched-hooks.c:382:     * or struct_ops.
/home/harsh4786/gpu_ext-v0.0.21/kernel-module/nvidia-module/kernel-open/nvidia/nv-gpu-sched-hooks.c:389:        /* Call struct_ops hook if registered */
/home/harsh4786/gpu_ext-v0.0.21/kernel-module/nvidia-module/kernel-open/nvidia/nv-gpu-sched-hooks.c:390:        nv_gpu_sched_bpf_on_task_init(ctx);
/home/harsh4786/gpu_ext-v0.0.21/kernel-module/nvidia-module/kernel-open/nvidia/nv-gpu-sched-hooks.c:396: * Hook 2: nv_gpu_sched_bind
/home/harsh4786/gpu_ext-v0.0.21/kernel-module/nvidia-module/kernel-open/nvidia/nv-gpu-sched-hooks.c:407: *   kprobe:nv_gpu_sched_bind {
/home/harsh4786/gpu_ext-v0.0.21/kernel-module/nvidia-module/kernel-open/nvidia/nv-gpu-sched-hooks.c:413:noinline void nv_gpu_sched_bind(struct nv_gpu_bind_ctx *ctx)
/home/harsh4786/gpu_ext-v0.0.21/kernel-module/nvidia-module/kernel-open/nvidia/nv-gpu-sched-hooks.c:418:        /* Call struct_ops hook if registered - may modify allow */
/home/harsh4786/gpu_ext-v0.0.21/kernel-module/nvidia-module/kernel-open/nvidia/nv-gpu-sched-hooks.c:419:        nv_gpu_sched_bpf_on_bind(ctx);
/home/harsh4786/gpu_ext-v0.0.21/kernel-module/nvidia-module/kernel-open/nvidia/nv-gpu-sched-hooks.c:425: * Hook 3: nv_gpu_sched_token_request
/home/harsh4786/gpu_ext-v0.0.21/kernel-module/nvidia-module/kernel-open/nvidia/nv-gpu-sched-hooks.c:440: *   kprobe:nv_gpu_sched_token_request {
/home/harsh4786/gpu_ext-v0.0.21/kernel-module/nvidia-module/kernel-open/nvidia/nv-gpu-sched-hooks.c:446:noinline void nv_gpu_sched_token_request(struct nv_gpu_token_request_ctx *ctx)
/home/harsh4786/gpu_ext-v0.0.21/kernel-module/nvidia-module/kernel-open/nvidia/nv-gpu-sched-hooks.c:454: * Hook 4: nv_gpu_sched_task_destroy
/home/harsh4786/gpu_ext-v0.0.21/kernel-module/nvidia-module/kernel-open/nvidia/nv-gpu-sched-hooks.c:465: *   kprobe:nv_gpu_sched_task_destroy {
/home/harsh4786/gpu_ext-v0.0.21/kernel-module/nvidia-module/kernel-open/nvidia/nv-gpu-sched-hooks.c:471:noinline void nv_gpu_sched_task_destroy(struct nv_gpu_task_destroy_ctx *ctx)
/home/harsh4786/gpu_ext-v0.0.21/kernel-module/nvidia-module/kernel-open/nvidia/nv-gpu-sched-hooks.c:474:        /* Call struct_ops hook if registered */
/home/harsh4786/gpu_ext-v0.0.21/kernel-module/nvidia-module/kernel-open/nvidia/nv-gpu-sched-hooks.c:475:        nv_gpu_sched_bpf_on_task_destroy(ctx);
/home/harsh4786/gpu_ext-v0.0.21/kernel-module/nvidia-module/kernel-open/nvidia/nv-gpu-sched-hooks.c:483:EXPORT_SYMBOL(nv_gpu_sched_task_init);
/home/harsh4786/gpu_ext-v0.0.21/kernel-module/nvidia-module/kernel-open/nvidia/nv-gpu-sched-hooks.c:484:EXPORT_SYMBOL(nv_gpu_sched_bind);
/home/harsh4786/gpu_ext-v0.0.21/kernel-module/nvidia-module/kernel-open/nvidia/nv-gpu-sched-hooks.c:485:EXPORT_SYMBOL(nv_gpu_sched_token_request);
/home/harsh4786/gpu_ext-v0.0.21/kernel-module/nvidia-module/kernel-open/nvidia/nv-gpu-sched-hooks.c:486:EXPORT_SYMBOL(nv_gpu_sched_task_destroy);
/home/harsh4786/gpu_ext-v0.0.21/kernel-module/nvidia-module/kernel-open/nvidia/nv.c:991:    /* Initialize GPU scheduler struct_ops for BPF */
/home/harsh4786/gpu_ext-v0.0.21/kernel-module/nvidia-module/kernel-open/nvidia/nv.c:992:    rc = nv_gpu_sched_struct_ops_init();
/home/harsh4786/gpu_ext-v0.0.21/kernel-module/nvidia-module/kernel-open/nvidia/nv.c:995:        nv_printf(NV_DBG_ERRORS, "NVRM: GPU sched struct_ops init failed: %d\n", rc);
/home/harsh4786/gpu_ext-v0.0.21/kernel-module/nvidia-module/kernel-open/nvidia/nv.c:996:        /* Non-fatal, continue without struct_ops support */
/home/harsh4786/gpu_ext-v0.0.21/kernel-module/nvidia-module/kernel-open/nvidia/nv.c:1073:    /* Cleanup GPU scheduler struct_ops */
/home/harsh4786/gpu_ext-v0.0.21/kernel-module/nvidia-module/kernel-open/nvidia/nv.c:1074:    nv_gpu_sched_struct_ops_exit();
section=official_refs
cb01b3cc2525aee29bb502dd27f925e8c5ded540	refs/tags/575.57.08
6a96469ad3c952050f7e20e62e4d48f194e1f89d	refs/tags/580.173.02
finished_utc=2026-08-10T11:50:54Z
audit_status=complete
