/* SPDX-License-Identifier: (LGPL-2.1 OR BSD-2-Clause) */

/* THIS FILE IS AUTOGENERATED BY BPFTOOL! */
#ifndef __CHUNK_TRACE_BPF_SKEL_H__
#define __CHUNK_TRACE_BPF_SKEL_H__

#include <errno.h>
#include <stdlib.h>
#include <bpf/libbpf.h>

#define BPF_SKEL_SUPPORTS_MAP_AUTO_ATTACH 1

struct chunk_trace_bpf {
	struct bpf_object_skeleton *skeleton;
	struct bpf_object *obj;
	struct {
		struct bpf_map *events;
		struct bpf_map *stats;
	} maps;
	struct {
		struct bpf_program *trace_activate;
		struct bpf_program *trace_used;
		struct bpf_program *trace_eviction_prepare;
	} progs;
	struct {
		struct bpf_link *trace_activate;
		struct bpf_link *trace_used;
		struct bpf_link *trace_eviction_prepare;
	} links;

#ifdef __cplusplus
	static inline struct chunk_trace_bpf *open(const struct bpf_object_open_opts *opts = nullptr);
	static inline struct chunk_trace_bpf *open_and_load();
	static inline int load(struct chunk_trace_bpf *skel);
	static inline int attach(struct chunk_trace_bpf *skel);
	static inline void detach(struct chunk_trace_bpf *skel);
	static inline void destroy(struct chunk_trace_bpf *skel);
	static inline const void *elf_bytes(size_t *sz);
#endif /* __cplusplus */
};

static void
chunk_trace_bpf__destroy(struct chunk_trace_bpf *obj)
{
	if (!obj)
		return;
	if (obj->skeleton)
		bpf_object__destroy_skeleton(obj->skeleton);
	free(obj);
}

static inline int
chunk_trace_bpf__create_skeleton(struct chunk_trace_bpf *obj);

static inline struct chunk_trace_bpf *
chunk_trace_bpf__open_opts(const struct bpf_object_open_opts *opts)
{
	struct chunk_trace_bpf *obj;
	int err;

	obj = (struct chunk_trace_bpf *)calloc(1, sizeof(*obj));
	if (!obj) {
		errno = ENOMEM;
		return NULL;
	}

	err = chunk_trace_bpf__create_skeleton(obj);
	if (err)
		goto err_out;

	err = bpf_object__open_skeleton(obj->skeleton, opts);
	if (err)
		goto err_out;

	return obj;
err_out:
	chunk_trace_bpf__destroy(obj);
	errno = -err;
	return NULL;
}

static inline struct chunk_trace_bpf *
chunk_trace_bpf__open(void)
{
	return chunk_trace_bpf__open_opts(NULL);
}

static inline int
chunk_trace_bpf__load(struct chunk_trace_bpf *obj)
{
	return bpf_object__load_skeleton(obj->skeleton);
}

static inline struct chunk_trace_bpf *
chunk_trace_bpf__open_and_load(void)
{
	struct chunk_trace_bpf *obj;
	int err;

	obj = chunk_trace_bpf__open();
	if (!obj)
		return NULL;
	err = chunk_trace_bpf__load(obj);
	if (err) {
		chunk_trace_bpf__destroy(obj);
		errno = -err;
		return NULL;
	}
	return obj;
}

static inline int
chunk_trace_bpf__attach(struct chunk_trace_bpf *obj)
{
	return bpf_object__attach_skeleton(obj->skeleton);
}

static inline void
chunk_trace_bpf__detach(struct chunk_trace_bpf *obj)
{
	bpf_object__detach_skeleton(obj->skeleton);
}

static inline const void *chunk_trace_bpf__elf_bytes(size_t *sz);

static inline int
chunk_trace_bpf__create_skeleton(struct chunk_trace_bpf *obj)
{
	struct bpf_object_skeleton *s;
	struct bpf_map_skeleton *map __attribute__((unused));
	int err;

	s = (struct bpf_object_skeleton *)calloc(1, sizeof(*s));
	if (!s)	{
		err = -ENOMEM;
		goto err;
	}

	s->sz = sizeof(*s);
	s->name = "chunk_trace_bpf";
	s->obj = &obj->obj;

	/* maps */
	s->map_cnt = 2;
	s->map_skel_sz = 24;
	s->maps = (struct bpf_map_skeleton *)calloc(s->map_cnt,
			sizeof(*s->maps) > 24 ? sizeof(*s->maps) : 24);
	if (!s->maps) {
		err = -ENOMEM;
		goto err;
	}

	map = (struct bpf_map_skeleton *)((char *)s->maps + 0 * s->map_skel_sz);
	map->name = "events";
	map->map = &obj->maps.events;

	map = (struct bpf_map_skeleton *)((char *)s->maps + 1 * s->map_skel_sz);
	map->name = "stats";
	map->map = &obj->maps.stats;

	/* programs */
	s->prog_cnt = 3;
	s->prog_skel_sz = sizeof(*s->progs);
	s->progs = (struct bpf_prog_skeleton *)calloc(s->prog_cnt, s->prog_skel_sz);
	if (!s->progs) {
		err = -ENOMEM;
		goto err;
	}

	s->progs[0].name = "trace_activate";
	s->progs[0].prog = &obj->progs.trace_activate;
	s->progs[0].link = &obj->links.trace_activate;

	s->progs[1].name = "trace_used";
	s->progs[1].prog = &obj->progs.trace_used;
	s->progs[1].link = &obj->links.trace_used;

	s->progs[2].name = "trace_eviction_prepare";
	s->progs[2].prog = &obj->progs.trace_eviction_prepare;
	s->progs[2].link = &obj->links.trace_eviction_prepare;

	s->data = chunk_trace_bpf__elf_bytes(&s->data_sz);

	obj->skeleton = s;
	return 0;
err:
	bpf_object__destroy_skeleton(s);
	return err;
}

static inline const void *chunk_trace_bpf__elf_bytes(size_t *sz)
{
	static const char data[] __attribute__((__aligned__(8))) = "\
\x7f\x45\x4c\x46\x02\x01\x01\0\0\0\0\0\0\0\0\0\x01\0\xf7\0\x01\0\0\0\0\0\0\0\0\
\0\0\0\0\0\0\0\0\0\0\0\0\xa7\0\0\0\0\0\0\0\0\0\0\x40\0\0\0\0\0\x40\0\x0d\0\x01\
\0\0\x2e\x73\x74\x72\x74\x61\x62\0\x2e\x73\x79\x6d\x74\x61\x62\0\x6b\x70\x72\
\x6f\x62\x65\x2f\x75\x76\x6d\x5f\x62\x70\x66\x5f\x63\x61\x6c\x6c\x5f\x70\x6d\
\x6d\x5f\x63\x68\x75\x6e\x6b\x5f\x61\x63\x74\x69\x76\x61\x74\x65\0\x6b\x70\x72\
\x6f\x62\x65\x2f\x75\x76\x6d\x5f\x62\x70\x66\x5f\x63\x61\x6c\x6c\x5f\x70\x6d\
\x6d\x5f\x63\x68\x75\x6e\x6b\x5f\x75\x73\x65\x64\0\x6b\x70\x72\x6f\x62\x65\x2f\
\x75\x76\x6d\x5f\x62\x70\x66\x5f\x63\x61\x6c\x6c\x5f\x70\x6d\x6d\x5f\x65\x76\
\x69\x63\x74\x69\x6f\x6e\x5f\x70\x72\x65\x70\x61\x72\x65\0\x6c\x69\x63\x65\x6e\
\x73\x65\0\x2e\x6d\x61\x70\x73\0\x63\x68\x75\x6e\x6b\x5f\x74\x72\x61\x63\x65\
\x2e\x62\x70\x66\x2e\x63\0\x4c\x42\x42\x30\x5f\x32\0\x4c\x42\x42\x30\x5f\x35\0\
\x4c\x42\x42\x30\x5f\x31\x34\0\x4c\x42\x42\x30\x5f\x31\x33\0\x4c\x42\x42\x30\
\x5f\x31\x32\0\x4c\x42\x42\x31\x5f\x32\0\x4c\x42\x42\x31\x5f\x35\0\x4c\x42\x42\
\x31\x5f\x31\x34\0\x4c\x42\x42\x31\x5f\x31\x33\0\x4c\x42\x42\x31\x5f\x31\x32\0\
\x4c\x42\x42\x32\x5f\x32\0\x4c\x42\x42\x32\x5f\x35\0\x4c\x42\x42\x32\x5f\x36\0\
\x74\x72\x61\x63\x65\x5f\x61\x63\x74\x69\x76\x61\x74\x65\0\x73\x74\x61\x74\x73\
\0\x65\x76\x65\x6e\x74\x73\0\x74\x72\x61\x63\x65\x5f\x75\x73\x65\x64\0\x74\x72\
\x61\x63\x65\x5f\x65\x76\x69\x63\x74\x69\x6f\x6e\x5f\x70\x72\x65\x70\x61\x72\
\x65\0\x4c\x49\x43\x45\x4e\x53\x45\0\x2e\x72\x65\x6c\x6b\x70\x72\x6f\x62\x65\
\x2f\x75\x76\x6d\x5f\x62\x70\x66\x5f\x63\x61\x6c\x6c\x5f\x70\x6d\x6d\x5f\x63\
\x68\x75\x6e\x6b\x5f\x61\x63\x74\x69\x76\x61\x74\x65\0\x2e\x72\x65\x6c\x6b\x70\
\x72\x6f\x62\x65\x2f\x75\x76\x6d\x5f\x62\x70\x66\x5f\x63\x61\x6c\x6c\x5f\x70\
\x6d\x6d\x5f\x63\x68\x75\x6e\x6b\x5f\x75\x73\x65\x64\0\x2e\x72\x65\x6c\x6b\x70\
\x72\x6f\x62\x65\x2f\x75\x76\x6d\x5f\x62\x70\x66\x5f\x63\x61\x6c\x6c\x5f\x70\
\x6d\x6d\x5f\x65\x76\x69\x63\x74\x69\x6f\x6e\x5f\x70\x72\x65\x70\x61\x72\x65\0\
\x2e\x42\x54\x46\0\x2e\x42\x54\x46\x2e\x65\x78\x74\0\0\0\0\0\0\0\0\0\0\0\0\0\0\
\0\0\0\0\0\0\0\0\0\0\0\x92\0\0\0\x04\0\xf1\xff\0\0\0\0\0\0\0\0\0\0\0\0\0\0\0\0\
\0\0\0\0\x03\0\x03\0\0\0\0\0\0\0\0\0\0\0\0\0\0\0\0\0\xa4\0\0\0\0\0\x03\0\x60\0\
\0\0\0\0\0\0\0\0\0\0\0\0\0\0\xab\0\0\0\0\0\x03\0\xf0\0\0\0\0\0\0\0\0\0\0\0\0\0\
\0\0\xb2\0\0\0\0\0\x03\0\xe8\x04\0\0\0\0\0\0\0\0\0\0\0\0\0\0\xba\0\0\0\0\0\x03\
\0\0\x04\0\0\0\0\0\0\0\0\0\0\0\0\0\0\xc2\0\0\0\0\0\x03\0\xa0\x03\0\0\0\0\0\0\0\
\0\0\0\0\0\0\0\0\0\0\0\x03\0\x04\0\0\0\0\0\0\0\0\0\0\0\0\0\0\0\0\0\xca\0\0\0\0\
\0\x04\0\x58\0\0\0\0\0\0\0\0\0\0\0\0\0\0\0\xd1\0\0\0\0\0\x04\0\xe8\0\0\0\0\0\0\
\0\0\0\0\0\0\0\0\0\xd8\0\0\0\0\0\x04\0\xe8\x04\0\0\0\0\0\0\0\0\0\0\0\0\0\0\xe0\
\0\0\0\0\0\x04\0\0\x04\0\0\0\0\0\0\0\0\0\0\0\0\0\0\xe8\0\0\0\0\0\x04\0\xa0\x03\
\0\0\0\0\0\0\0\0\0\0\0\0\0\0\0\0\0\0\x03\0\x05\0\0\0\0\0\0\0\0\0\0\0\0\0\0\0\0\
\0\xf0\0\0\0\0\0\x05\0\x60\0\0\0\0\0\0\0\0\0\0\0\0\0\0\0\xf7\0\0\0\0\0\x05\0\
\xf8\0\0\0\0\0\0\0\0\0\0\0\0\0\0\0\xfe\0\0\0\0\0\x05\0\x98\x01\0\0\0\0\0\0\0\0\
\0\0\0\0\0\0\x05\x01\0\0\x12\0\x03\0\0\0\0\0\0\0\0\0\xf8\x04\0\0\0\0\0\0\x14\
\x01\0\0\x11\0\x07\0\x10\0\0\0\0\0\0\0\x20\0\0\0\0\0\0\0\x1a\x01\0\0\x11\0\x07\
\0\0\0\0\0\0\0\0\0\x10\0\0\0\0\0\0\0\x21\x01\0\0\x12\0\x04\0\0\0\0\0\0\0\0\0\
\xf8\x04\0\0\0\0\0\0\x2c\x01\0\0\x12\0\x05\0\0\0\0\0\0\0\0\0\xa8\x01\0\0\0\0\0\
\0\x43\x01\0\0\x11\0\x06\0\0\0\0\0\0\0\0\0\x04\0\0\0\0\0\0\0\x79\x18\x10\0\0\0\
\0\0\x79\x16\x08\0\0\0\0\0\xb7\x01\0\0\0\0\0\0\x63\x1a\xc8\xff\0\0\0\0\xbf\xa2\
\0\0\0\0\0\0\x07\x02\0\0\xc8\xff\xff\xff\x18\x01\0\0\0\0\0\0\0\0\0\0\0\0\0\0\
\x85\0\0\0\x01\0\0\0\x15\0\x02\0\0\0\0\0\xb7\x01\0\0\x01\0\0\0\xdb\x10\0\0\0\0\
\0\0\x18\x01\0\0\0\0\0\0\0\0\0\0\0\0\0\0\xb7\x02\0\0\x50\0\0\0\xb7\x03\0\0\0\0\
\0\0\x85\0\0\0\x83\0\0\0\xbf\x07\0\0\0\0\0\0\x55\x07\x0b\0\0\0\0\0\xb7\x01\0\0\
\x03\0\0\0\x63\x1a\xc8\xff\0\0\0\0\xbf\xa2\0\0\0\0\0\0\x07\x02\0\0\xc8\xff\xff\
\xff\x18\x01\0\0\0\0\0\0\0\0\0\0\0\0\0\0\x85\0\0\0\x01\0\0\0\x15\0\x82\0\0\0\0\
\0\xb7\x01\0\0\x01\0\0\0\xdb\x10\0\0\0\0\0\0\x05\0\x7f\0\0\0\0\0\xb7\x01\0\0\0\
\0\0\0\x7b\x1a\xc0\xff\0\0\0\0\x7b\x8a\xa8\xff\0\0\0\0\xb7\x03\0\0\0\0\0\0\xb7\
\x08\0\0\0\0\0\0\xb7\x09\0\0\0\0\0\0\xb7\x02\0\0\0\0\0\0\x15\x06\x5a\0\0\0\0\0\
\xb7\x01\0\0\x20\0\0\0\xbf\x63\0\0\0\0\0\0\x0f\x13\0\0\0\0\0\0\xbf\xa1\0\0\0\0\
\0\0\x07\x01\0\0\xc8\xff\xff\xff\xb7\x02\0\0\x08\0\0\0\x85\0\0\0\x71\0\0\0\xb7\
\x01\0\0\0\0\0\0\x7b\x1a\xc0\xff\0\0\0\0\x79\xa2\xc8\xff\0\0\0\0\xb7\x03\0\0\0\
\0\0\0\x15\x02\x4e\0\0\0\0\0\x7b\x6a\x98\xff\0\0\0\0\xb7\x01\0\0\x30\0\0\0\xbf\
\x26\0\0\0\0\0\0\xbf\x63\0\0\0\0\0\0\x0f\x13\0\0\0\0\0\0\xbf\xa1\0\0\0\0\0\0\
\x07\x01\0\0\xc8\xff\xff\xff\xb7\x02\0\0\x08\0\0\0\x85\0\0\0\x71\0\0\0\xb7\x01\
\0\0\x38\0\0\0\xbf\x63\0\0\0\0\0\0\x0f\x13\0\0\0\0\0\0\x79\xa1\xc8\xff\0\0\0\0\
\x7b\x1a\xb0\xff\0\0\0\0\xbf\xa1\0\0\0\0\0\0\x07\x01\0\0\xc8\xff\xff\xff\xb7\
\x02\0\0\x08\0\0\0\x85\0\0\0\x71\0\0\0\xb7\x01\0\0\x28\0\0\0\x7b\x6a\xb8\xff\0\
\0\0\0\xbf\x63\0\0\0\0\0\0\x0f\x13\0\0\0\0\0\0\x79\xa9\xc8\xff\0\0\0\0\xbf\xa1\
\0\0\0\0\0\0\x07\x01\0\0\xc8\xff\xff\xff\xb7\x02\0\0\x08\0\0\0\x85\0\0\0\x71\0\
\0\0\xb7\x01\0\0\0\0\0\0\x7b\x1a\xa0\xff\0\0\0\0\x79\xa3\xc8\xff\0\0\0\0\x7b\
\x1a\xc0\xff\0\0\0\0\x15\x03\x22\0\0\0\0\0\xb7\x01\0\0\0\0\0\0\x0f\x13\0\0\0\0\
\0\0\xbf\xa1\0\0\0\0\0\0\x07\x01\0\0\xc8\xff\xff\xff\xb7\x02\0\0\x08\0\0\0\x85\
\0\0\0\x71\0\0\0\x79\xa1\xc8\xff\0\0\0\0\x7b\x1a\xc0\xff\0\0\0\0\x15\x01\x19\0\
\0\0\0\0\xb7\x01\0\0\x40\x68\0\0\x79\xa3\xc0\xff\0\0\0\0\x0f\x13\0\0\0\0\0\0\
\xbf\xa1\0\0\0\0\0\0\x07\x01\0\0\xc8\xff\xff\xff\xb7\x02\0\0\x08\0\0\0\x85\0\0\
\0\x71\0\0\0\x79\xa3\xc8\xff\0\0\0\0\x15\x03\x10\0\0\0\0\0\xb7\x01\0\0\x70\x04\
\0\0\x0f\x13\0\0\0\0\0\0\xbf\xa1\0\0\0\0\0\0\x07\x01\0\0\xc8\xff\xff\xff\xb7\
\x02\0\0\x08\0\0\0\x85\0\0\0\x71\0\0\0\x79\xa3\xc8\xff\0\0\0\0\x15\x03\x08\0\0\
\0\0\0\xb7\x01\0\0\x14\x07\0\0\x0f\x13\0\0\0\0\0\0\xbf\xa1\0\0\0\0\0\0\x07\x01\
\0\0\xc8\xff\xff\xff\xb7\x02\0\0\x04\0\0\0\x85\0\0\0\x71\0\0\0\x61\xa1\xc8\xff\
\0\0\0\0\x7b\x1a\xa0\xff\0\0\0\0\xbf\xa8\0\0\0\0\0\0\x07\x08\0\0\xc8\xff\xff\
\xff\xbf\x81\0\0\0\0\0\0\xb7\x02\0\0\x38\0\0\0\x79\xa6\x98\xff\0\0\0\0\xbf\x63\
\0\0\0\0\0\0\x85\0\0\0\x71\0\0\0\x69\x88\x0a\0\0\0\0\0\x57\x08\0\0\xff\x03\0\0\
\x79\xa2\xb8\xff\0\0\0\0\x79\xa1\xb0\xff\0\0\0\0\x79\xa3\xa0\xff\0\0\0\0\x7b\
\x9a\xa0\xff\0\0\0\0\x7b\x1a\xb0\xff\0\0\0\0\x7b\x2a\xb8\xff\0\0\0\0\xbf\x39\0\
\0\0\0\0\0\x85\0\0\0\x05\0\0\0\x7b\x07\0\0\0\0\0\0\x85\0\0\0\x08\0\0\0\x63\x07\
\x0c\0\0\0\0\0\x85\0\0\0\x0e\0\0\0\x79\xa1\xc0\xff\0\0\0\0\x7b\x17\x18\0\0\0\0\
\0\x63\x97\x14\0\0\0\0\0\x63\x87\x48\0\0\0\0\0\x79\xa1\xa0\xff\0\0\0\0\x7b\x17\
\x40\0\0\0\0\0\x79\xa1\xb0\xff\0\0\0\0\x7b\x17\x38\0\0\0\0\0\x79\xa1\xb8\xff\0\
\0\0\0\x7b\x17\x30\0\0\0\0\0\x79\xa1\xa8\xff\0\0\0\0\x7b\x17\x28\0\0\0\0\0\x7b\
\x67\x20\0\0\0\0\0\xb7\x01\0\0\x01\0\0\0\x63\x17\x08\0\0\0\0\0\x77\0\0\0\x20\0\
\0\0\x63\x07\x10\0\0\0\0\0\xbf\x71\0\0\0\0\0\0\xb7\x02\0\0\0\0\0\0\x85\0\0\0\
\x84\0\0\0\xb7\0\0\0\0\0\0\0\x95\0\0\0\0\0\0\0\x79\x18\x10\0\0\0\0\0\x79\x19\
\x08\0\0\0\0\0\xb7\x06\0\0\x01\0\0\0\x63\x6a\xc8\xff\0\0\0\0\xbf\xa2\0\0\0\0\0\
\0\x07\x02\0\0\xc8\xff\xff\xff\x18\x01\0\0\0\0\0\0\0\0\0\0\0\0\0\0\x85\0\0\0\
\x01\0\0\0\x15\0\x01\0\0\0\0\0\xdb\x60\0\0\0\0\0\0\x18\x01\0\0\0\0\0\0\0\0\0\0\
\0\0\0\0\xb7\x02\0\0\x50\0\0\0\xb7\x03\0\0\0\0\0\0\x85\0\0\0\x83\0\0\0\xbf\x07\
\0\0\0\0\0\0\x55\x07\x0b\0\0\0\0\0\xb7\x01\0\0\x03\0\0\0\x63\x1a\xc8\xff\0\0\0\
\0\xbf\xa2\0\0\0\0\0\0\x07\x02\0\0\xc8\xff\xff\xff\x18\x01\0\0\0\0\0\0\0\0\0\0\
\0\0\0\0\x85\0\0\0\x01\0\0\0\x15\0\x83\0\0\0\0\0\xb7\x01\0\0\x01\0\0\0\xdb\x10\
\0\0\0\0\0\0\x05\0\x80\0\0\0\0\0\xb7\x01\0\0\0\0\0\0\x7b\x1a\xc0\xff\0\0\0\0\
\x7b\x8a\xa8\xff\0\0\0\0\xb7\x03\0\0\0\0\0\0\xbf\x96\0\0\0\0\0\0\xb7\x08\0\0\0\
\0\0\0\xb7\x09\0\0\0\0\0\0\xb7\x02\0\0\0\0\0\0\x15\x06\x5a\0\0\0\0\0\xb7\x01\0\
\0\x20\0\0\0\xbf\x63\0\0\0\0\0\0\x0f\x13\0\0\0\0\0\0\xbf\xa1\0\0\0\0\0\0\x07\
\x01\0\0\xc8\xff\xff\xff\xb7\x02\0\0\x08\0\0\0\x85\0\0\0\x71\0\0\0\xb7\x01\0\0\
\0\0\0\0\x7b\x1a\xc0\xff\0\0\0\0\x79\xa2\xc8\xff\0\0\0\0\xb7\x03\0\0\0\0\0\0\
\x15\x02\x4e\0\0\0\0\0\x7b\x6a\x98\xff\0\0\0\0\xb7\x01\0\0\x30\0\0\0\xbf\x26\0\
\0\0\0\0\0\xbf\x63\0\0\0\0\0\0\x0f\x13\0\0\0\0\0\0\xbf\xa1\0\0\0\0\0\0\x07\x01\
\0\0\xc8\xff\xff\xff\xb7\x02\0\0\x08\0\0\0\x85\0\0\0\x71\0\0\0\xb7\x01\0\0\x38\
\0\0\0\xbf\x63\0\0\0\0\0\0\x0f\x13\0\0\0\0\0\0\x79\xa1\xc8\xff\0\0\0\0\x7b\x1a\
\xb0\xff\0\0\0\0\xbf\xa1\0\0\0\0\0\0\x07\x01\0\0\xc8\xff\xff\xff\xb7\x02\0\0\
\x08\0\0\0\x85\0\0\0\x71\0\0\0\xb7\x01\0\0\x28\0\0\0\x7b\x6a\xb8\xff\0\0\0\0\
\xbf\x63\0\0\0\0\0\0\x0f\x13\0\0\0\0\0\0\x79\xa9\xc8\xff\0\0\0\0\xbf\xa1\0\0\0\
\0\0\0\x07\x01\0\0\xc8\xff\xff\xff\xb7\x02\0\0\x08\0\0\0\x85\0\0\0\x71\0\0\0\
\xb7\x01\0\0\0\0\0\0\x7b\x1a\xa0\xff\0\0\0\0\x79\xa3\xc8\xff\0\0\0\0\x7b\x1a\
\xc0\xff\0\0\0\0\x15\x03\x22\0\0\0\0\0\xb7\x01\0\0\0\0\0\0\x0f\x13\0\0\0\0\0\0\
\xbf\xa1\0\0\0\0\0\0\x07\x01\0\0\xc8\xff\xff\xff\xb7\x02\0\0\x08\0\0\0\x85\0\0\
\0\x71\0\0\0\x79\xa1\xc8\xff\0\0\0\0\x7b\x1a\xc0\xff\0\0\0\0\x15\x01\x19\0\0\0\
\0\0\xb7\x01\0\0\x40\x68\0\0\x79\xa3\xc0\xff\0\0\0\0\x0f\x13\0\0\0\0\0\0\xbf\
\xa1\0\0\0\0\0\0\x07\x01\0\0\xc8\xff\xff\xff\xb7\x02\0\0\x08\0\0\0\x85\0\0\0\
\x71\0\0\0\x79\xa3\xc8\xff\0\0\0\0\x15\x03\x10\0\0\0\0\0\xb7\x01\0\0\x70\x04\0\
\0\x0f\x13\0\0\0\0\0\0\xbf\xa1\0\0\0\0\0\0\x07\x01\0\0\xc8\xff\xff\xff\xb7\x02\
\0\0\x08\0\0\0\x85\0\0\0\x71\0\0\0\x79\xa3\xc8\xff\0\0\0\0\x15\x03\x08\0\0\0\0\
\0\xb7\x01\0\0\x14\x07\0\0\x0f\x13\0\0\0\0\0\0\xbf\xa1\0\0\0\0\0\0\x07\x01\0\0\
\xc8\xff\xff\xff\xb7\x02\0\0\x04\0\0\0\x85\0\0\0\x71\0\0\0\x61\xa1\xc8\xff\0\0\
\0\0\x7b\x1a\xa0\xff\0\0\0\0\xbf\xa8\0\0\0\0\0\0\x07\x08\0\0\xc8\xff\xff\xff\
\xbf\x81\0\0\0\0\0\0\xb7\x02\0\0\x38\0\0\0\x79\xa6\x98\xff\0\0\0\0\xbf\x63\0\0\
\0\0\0\0\x85\0\0\0\x71\0\0\0\x69\x88\x0a\0\0\0\0\0\x57\x08\0\0\xff\x03\0\0\x79\
\xa2\xb8\xff\0\0\0\0\x79\xa1\xb0\xff\0\0\0\0\x79\xa3\xa0\xff\0\0\0\0\x7b\x9a\
\xa0\xff\0\0\0\0\x7b\x1a\xb0\xff\0\0\0\0\x7b\x2a\xb8\xff\0\0\0\0\xbf\x39\0\0\0\
\0\0\0\x85\0\0\0\x05\0\0\0\x7b\x07\0\0\0\0\0\0\x85\0\0\0\x08\0\0\0\x63\x07\x0c\
\0\0\0\0\0\x85\0\0\0\x0e\0\0\0\x79\xa1\xc0\xff\0\0\0\0\x7b\x17\x18\0\0\0\0\0\
\x63\x97\x14\0\0\0\0\0\x63\x87\x48\0\0\0\0\0\x79\xa1\xa0\xff\0\0\0\0\x7b\x17\
\x40\0\0\0\0\0\x79\xa1\xb0\xff\0\0\0\0\x7b\x17\x38\0\0\0\0\0\x79\xa1\xb8\xff\0\
\0\0\0\x7b\x17\x30\0\0\0\0\0\x79\xa1\xa8\xff\0\0\0\0\x7b\x17\x28\0\0\0\0\0\x7b\
\x67\x20\0\0\0\0\0\xb7\x01\0\0\x02\0\0\0\x63\x17\x08\0\0\0\0\0\x77\0\0\0\x20\0\
\0\0\x63\x07\x10\0\0\0\0\0\xbf\x71\0\0\0\0\0\0\xb7\x02\0\0\0\0\0\0\x85\0\0\0\
\x84\0\0\0\xb7\0\0\0\0\0\0\0\x95\0\0\0\0\0\0\0\x79\x18\x10\0\0\0\0\0\x79\x17\
\x08\0\0\0\0\0\xb7\x01\0\0\x02\0\0\0\x63\x1a\xf8\xff\0\0\0\0\xbf\xa2\0\0\0\0\0\
\0\x07\x02\0\0\xf8\xff\xff\xff\x18\x01\0\0\0\0\0\0\0\0\0\0\0\0\0\0\x85\0\0\0\
\x01\0\0\0\x15\0\x02\0\0\0\0\0\xb7\x01\0\0\x01\0\0\0\xdb\x10\0\0\0\0\0\0\xb7\
\x09\0\0\0\0\0\0\x18\x01\0\0\0\0\0\0\0\0\0\0\0\0\0\0\xb7\x02\0\0\x50\0\0\0\xb7\
\x03\0\0\0\0\0\0\x85\0\0\0\x83\0\0\0\xbf\x06\0\0\0\0\0\0\x55\x06\x0b\0\0\0\0\0\
\xb7\x01\0\0\x03\0\0\0\x63\x1a\xfc\xff\0\0\0\0\xbf\xa2\0\0\0\0\0\0\x07\x02\0\0\
\xfc\xff\xff\xff\x18\x01\0\0\0\0\0\0\0\0\0\0\0\0\0\0\x85\0\0\0\x01\0\0\0\x15\0\
\x17\0\0\0\0\0\xb7\x01\0\0\x01\0\0\0\xdb\x10\0\0\0\0\0\0\x05\0\x14\0\0\0\0\0\
\x85\0\0\0\x05\0\0\0\x7b\x06\0\0\0\0\0\0\x85\0\0\0\x08\0\0\0\x63\x06\x0c\0\0\0\
\0\0\x85\0\0\0\x0e\0\0\0\x7b\x86\x28\0\0\0\0\0\x7b\x76\x20\0\0\0\0\0\xb7\x01\0\
\0\x03\0\0\0\x63\x16\x08\0\0\0\0\0\x77\0\0\0\x20\0\0\0\x63\x06\x10\0\0\0\0\0\
\x7b\x96\x18\0\0\0\0\0\x63\x96\x14\0\0\0\0\0\x7b\x96\x30\0\0\0\0\0\x7b\x96\x38\
\0\0\0\0\0\x7b\x96\x40\0\0\0\0\0\x63\x96\x48\0\0\0\0\0\xbf\x61\0\0\0\0\0\0\xb7\
\x02\0\0\0\0\0\0\x85\0\0\0\x84\0\0\0\xb7\0\0\0\0\0\0\0\x95\0\0\0\0\0\0\0\x47\
\x50\x4c\0\0\0\0\0\0\0\0\0\0\0\0\0\0\0\0\0\0\0\0\0\0\0\0\0\0\0\0\0\0\0\0\0\0\0\
\0\0\0\0\0\0\0\0\0\0\0\0\0\0\0\0\0\0\x30\0\0\0\0\0\0\0\x01\0\0\0\x13\0\0\0\x60\
\0\0\0\0\0\0\0\x01\0\0\0\x14\0\0\0\xb8\0\0\0\0\0\0\0\x01\0\0\0\x13\0\0\0\x30\0\
\0\0\0\0\0\0\x01\0\0\0\x13\0\0\0\x58\0\0\0\0\0\0\0\x01\0\0\0\x14\0\0\0\xb0\0\0\
\0\0\0\0\0\x01\0\0\0\x13\0\0\0\x30\0\0\0\0\0\0\0\x01\0\0\0\x13\0\0\0\x68\0\0\0\
\0\0\0\0\x01\0\0\0\x14\0\0\0\xc0\0\0\0\0\0\0\0\x01\0\0\0\x13\0\0\0\x9f\xeb\x01\
\0\x18\0\0\0\0\0\0\0\x5c\x4e\0\0\x5c\x4e\0\0\xbe\x3c\0\0\0\0\0\0\0\0\0\x02\x03\
\0\0\0\x01\0\0\0\0\0\0\x01\x04\0\0\0\x20\0\0\x01\0\0\0\0\0\0\0\x03\0\0\0\0\x02\
\0\0\0\x04\0\0\0\x1b\0\0\0\x05\0\0\0\0\0\0\x01\x04\0\0\0\x20\0\0\0\0\0\0\0\0\0\
\0\x02\x06\0\0\0\0\0\0\0\0\0\0\x03\0\0\0\0\x02\0\0\0\x04\0\0\0\0\0\x04\0\0\0\0\
\0\x02\0\0\x04\x10\0\0\0\x19\0\0\0\x01\0\0\0\0\0\0\0\x1e\0\0\0\x05\0\0\0\x40\0\
\0\0\x2a\0\0\0\0\0\0\x0e\x07\0\0\0\x01\0\0\0\0\0\0\0\0\0\0\x02\x0a\0\0\0\0\0\0\
\0\0\0\0\x03\0\0\0\0\x02\0\0\0\x04\0\0\0\x02\0\0\0\0\0\0\0\0\0\0\x02\x0c\0\0\0\
\0\0\0\0\0\0\0\x03\0\0\0\0\x02\0\0\0\x04\0\0\0\x04\0\0\0\0\0\0\0\0\0\0\x02\x0e\
\0\0\0\x31\0\0\0\0\0\0\x08\x0f\0\0\0\x35\0\0\0\0\0\0\x08\x10\0\0\0\x3b\0\0\0\0\
\0\0\x01\x04\0\0\0\x20\0\0\0\0\0\0\0\0\0\0\x02\x12\0\0\0\x48\0\0\0\0\0\0\x08\
\x13\0\0\0\x4c\0\0\0\0\0\0\x08\x14\0\0\0\x52\0\0\0\0\0\0\x01\x08\0\0\0\x40\0\0\
\0\0\0\0\0\x04\0\0\x04\x20\0\0\0\x19\0\0\0\x09\0\0\0\0\0\0\0\x1e\0\0\0\x0b\0\0\
\0\x40\0\0\0\x65\0\0\0\x0d\0\0\0\x80\0\0\0\x69\0\0\0\x11\0\0\0\xc0\0\0\0\x6f\0\
\0\0\0\0\0\x0e\x15\0\0\0\x01\0\0\0\0\0\0\0\0\0\0\x02\x18\0\0\0\x75\0\0\0\x08\0\
\0\x04\x50\x01\0\0\0\0\0\0\x19\0\0\0\0\0\0\0\x7d\0\0\0\x12\0\0\0\x80\x08\0\0\
\x85\0\0\0\x1e\0\0\0\xc0\x08\0\0\x8f\0\0\0\x0e\0\0\0\xe0\x08\0\0\x93\0\0\0\x12\
\0\0\0\0\x09\0\0\x9e\0\0\0\x20\0\0\0\x40\x09\0\0\xa9\0\0\0\x12\0\0\0\0\x0a\0\0\
\xba\0\0\0\x12\0\0\0\x40\x0a\0\0\0\0\0\0\x02\0\0\x05\x10\x01\0\0\xc3\0\0\0\x1a\
\0\0\0\0\0\0\0\0\0\0\0\x1c\0\0\0\0\0\0\0\xcd\0\0\0\x04\0\0\x04\x10\x01\0\0\xda\
\0\0\0\x1b\0\0\0\0\0\0\0\xdf\0\0\0\x13\0\0\0\xc0\x07\0\0\xe2\0\0\0\x13\0\0\0\0\
\x08\0\0\xe5\0\0\0\x13\0\0\0\x40\x08\0\0\0\0\0\0\0\0\0\x03\0\0\0\0\x13\0\0\0\
\x04\0\0\0\x1f\0\0\0\0\0\0\0\x04\0\0\x04\x10\x01\0\0\xda\0\0\0\x1d\0\0\0\0\0\0\
\0\xdf\0\0\0\x12\0\0\0\xc0\x07\0\0\xe2\0\0\0\x12\0\0\0\0\x08\0\0\xe5\0\0\0\x12\
\0\0\0\x40\x08\0\0\0\0\0\0\0\0\0\x03\0\0\0\0\x12\0\0\0\x04\0\0\0\x1f\0\0\0\xec\
\0\0\0\0\0\0\x08\x1f\0\0\0\xf0\0\0\0\0\0\0\x08\x02\0\0\0\xf6\0\0\0\x02\0\0\x04\
\x18\0\0\0\x08\x01\0\0\x21\0\0\0\0\0\0\0\x19\0\0\0\x12\0\0\0\x80\0\0\0\x0f\x01\
\0\0\x02\0\0\x04\x10\0\0\0\x1c\x01\0\0\x12\0\0\0\0\0\0\0\x1f\x01\0\0\x12\0\0\0\
\x40\0\0\0\0\0\0\0\x01\0\0\x0d\x02\0\0\0\x22\x01\0\0\x17\0\0\0\x26\x01\0\0\x01\
\0\0\x0c\x22\0\0\0\x35\x01\0\0\x06\0\0\x04\x38\0\0\0\x4a\x01\0\0\x14\0\0\0\0\0\
\0\0\0\0\0\0\x25\0\0\0\x40\0\0\0\x52\x01\0\0\x27\0\0\0\x80\0\0\0\x57\x01\0\0\
\x29\0\0\0\0\x01\0\0\x60\x01\0\0\x2b\0\0\0\x40\x01\0\0\x67\x01\0\0\x2b\0\0\0\
\x80\x01\0\0\0\0\0\0\x09\0\0\x84\x08\0\0\0\x19\0\0\0\x10\0\0\0\0\0\0\x02\x70\
\x01\0\0\x10\0\0\0\x02\0\0\x01\x7c\x01\0\0\x10\0\0\0\x03\0\0\x01\x8f\x01\0\0\
\x10\0\0\0\x04\0\0\x01\x97\x01\0\0\x10\0\0\0\x05\0\0\x01\xa5\x01\0\0\x10\0\0\0\
\x06\0\0\x03\xab\x01\0\0\x10\0\0\0\x09\0\0\x06\xb5\x01\0\0\x26\0\0\0\x10\0\0\
\x0a\xc9\x01\0\0\x10\0\0\0\x20\0\0\x07\xd3\x01\0\0\0\0\0\x01\x02\0\0\0\x10\0\0\
\0\xe2\x01\0\0\x02\0\0\x04\x10\0\0\0\xec\x01\0\0\x28\0\0\0\0\0\0\0\xf1\x01\0\0\
\x28\0\0\0\x40\0\0\0\0\0\0\0\0\0\0\x02\x27\0\0\0\0\0\0\0\0\0\0\x02\x2a\0\0\0\
\xf6\x01\0\0\0\0\0\x08\x2c\0\0\0\0\0\0\0\0\0\0\x02\0\0\0\0\x05\x02\0\0\x07\0\0\
\x04\x20\x02\0\0\x19\x02\0\0\x2e\0\0\0\0\0\0\0\x1f\x02\0\0\x2f\0\0\0\x80\0\0\0\
\x25\x02\0\0\x30\0\0\0\x40\x01\0\0\x33\x02\0\0\x14\0\0\0\x80\x01\0\0\x39\x02\0\
\0\x14\0\0\0\xc0\x01\0\0\x3d\x02\0\0\x32\0\0\0\0\x02\0\0\x44\x02\0\0\x33\0\0\0\
\0\x08\0\0\x48\x02\0\0\0\0\0\x01\x01\0\0\0\x08\0\0\x01\0\0\0\0\0\0\0\x03\0\0\0\
\0\x2d\0\0\0\x04\0\0\0\x10\0\0\0\0\0\0\0\0\0\0\x03\0\0\0\0\x2d\0\0\0\x04\0\0\0\
\x18\0\0\0\0\0\0\0\0\0\0\x02\x31\0\0\0\x4d\x02\0\0\0\0\0\x08\x39\0\0\0\0\0\0\0\
\0\0\0\x03\0\0\0\0\x2d\0\0\0\x04\0\0\0\xc0\0\0\0\x64\x02\0\0\x06\0\0\x04\x20\
\x01\0\0\x7b\x02\0\0\x2b\0\0\0\0\0\0\0\x86\x02\0\0\x35\0\0\0\x40\0\0\0\x97\x02\
\0\0\x35\0\0\0\x40\x02\0\0\xa7\x02\0\0\x36\0\0\0\x40\x04\0\0\xb0\x02\0\0\x37\0\
\0\0\x40\x08\0\0\xbc\x02\0\0\x38\0\0\0\x80\x08\0\0\xcd\x02\0\0\0\0\0\x01\x08\0\
\0\0\x40\0\0\0\0\0\0\0\0\0\0\x03\0\0\0\0\x34\0\0\0\x04\0\0\0\x08\0\0\0\0\0\0\0\
\0\0\0\x03\0\0\0\0\x35\0\0\0\x04\0\0\0\x02\0\0\0\xdb\x02\0\0\0\0\0\x01\x01\0\0\
\0\x08\0\0\0\xe9\x02\0\0\x03\0\0\x04\x10\0\0\0\x07\x03\0\0\x14\0\0\0\0\0\0\0\
\x19\x03\0\0\x02\0\0\0\x40\0\0\0\x23\x03\0\0\x26\0\0\0\x60\0\0\0\x2e\x03\0\0\
\x01\0\0\x04\x08\0\0\0\x4a\x03\0\0\x3a\0\0\0\0\0\0\0\x53\x03\0\0\x01\0\0\x04\
\x08\0\0\0\x67\x03\0\0\x3b\0\0\0\0\0\0\0\0\0\0\0\0\0\0\x02\x3c\0\0\0\x70\x03\0\
\0\0\0\0\x08\x3d\0\0\0\x7f\x03\0\0\x02\0\0\x04\x48\x68\0\0\x93\x03\0\0\x3e\0\0\
\0\0\0\0\0\x9c\x03\0\0\x3f\0\0\0\0\x42\x03\0\0\0\0\0\0\0\0\x03\0\0\0\0\x2d\0\0\
\0\x04\0\0\0\x40\x68\0\0\xa8\x03\0\0\0\0\0\x08\x40\0\0\0\xba\x03\0\0\x01\0\0\
\x04\x08\0\0\0\xd1\x03\0\0\x41\0\0\0\0\0\0\0\0\0\0\0\0\0\0\x02\x42\0\0\0\xd4\
\x03\0\0\x02\0\0\x04\x40\x05\0\0\0\0\0\0\x43\0\0\0\0\0\0\0\xde\x03\0\0\x8b\0\0\
\0\0\x2a\0\0\0\0\0\0\x4a\0\0\x04\x40\x05\0\0\0\0\0\0\x44\0\0\0\0\0\0\0\xe9\x03\
\0\0\x47\0\0\0\0\x02\0\0\xef\x03\0\0\x34\0\0\0\x80\x02\0\0\xf9\x03\0\0\x34\0\0\
\0\xc0\x02\0\0\x0a\x04\0\0\x34\0\0\0\0\x03\0\0\x14\x04\0\0\x58\0\0\0\x40\x03\0\
\0\x18\x04\0\0\x45\0\0\0\x80\x03\0\0\x29\x04\0\0\x45\0\0\0\xa0\x03\0\0\x32\x04\
\0\0\x5d\0\0\0\xc0\x03\0\0\x3b\x04\0\0\x34\0\0\0\0\x04\0\0\x4c\x04\0\0\x10\0\0\
\0\x40\x04\0\0\x5c\x04\0\0\x45\0\0\0\x60\x04\0\0\x67\x04\0\0\x5e\0\0\0\x80\x04\
\0\0\x79\x04\0\0\x5f\0\0\0\xc0\x04\0\0\x88\x04\0\0\x02\0\0\0\0\x05\0\0\x92\x04\
\0\0\x49\0\0\0\x20\x05\0\0\xa2\x04\0\0\x65\0\0\0\x40\x05\0\0\xac\x04\0\0\x27\0\
\0\0\x80\x06\0\0\xb3\x04\0\0\x67\0\0\0\0\x07\0\0\xc3\x04\0\0\x69\0\0\0\x40\x07\
\0\0\xcf\x04\0\0\x6b\0\0\0\x80\x07\0\0\xdf\x04\0\0\x6c\0\0\0\x80\x08\0\0\xeb\
\x04\0\0\x6c\0\0\0\xc0\x08\0\0\xfb\x04\0\0\x34\0\0\0\0\x09\0\0\x09\x05\0\0\x6d\
\0\0\0\x40\x09\0\0\x13\x05\0\0\x5f\0\0\0\xc0\x09\0\0\x20\x05\0\0\x71\0\0\0\0\
\x0a\0\0\x2a\x05\0\0\x34\0\0\0\x40\x0a\0\0\x36\x05\0\0\x34\0\0\0\x80\x0a\0\0\
\x41\x05\0\0\x34\0\0\0\xc0\x0a\0\0\x4a\x05\0\0\x34\0\0\0\0\x0b\0\0\x54\x05\0\0\
\x60\0\0\0\x40\x0b\0\0\x5e\x05\0\0\x34\0\0\0\x80\x0b\0\0\x66\x05\0\0\x34\0\0\0\
\xc0\x0b\0\0\x6e\x05\0\0\x34\0\0\0\0\x0c\0\0\x77\x05\0\0\x72\0\0\0\x40\x0c\0\0\
\x81\x05\0\0\x69\0\0\0\x80\x0c\0\0\x93\x05\0\0\x49\0\0\0\xa0\x0c\0\0\x9c\x05\0\
\0\x34\0\0\0\xc0\x0c\0\0\xa7\x05\0\0\x34\0\0\0\0\x0d\0\0\xb0\x05\0\0\x34\0\0\0\
\x40\x0d\0\0\xbb\x05\0\0\x34\0\0\0\x80\x0d\0\0\xc4\x05\0\0\x34\0\0\0\xc0\x0d\0\
\0\xce\x05\0\0\x34\0\0\0\0\x0e\0\0\xd2\x05\0\0\x34\0\0\0\x40\x0e\0\0\xde\x05\0\
\0\x34\0\0\0\x80\x0e\0\0\xe8\x05\0\0\x34\0\0\0\xc0\x0e\0\0\xf0\x05\0\0\x34\0\0\
\0\0\x0f\0\0\xfa\x05\0\0\x34\0\0\0\x40\x0f\0\0\x02\x06\0\0\x73\0\0\0\x80\x0f\0\
\0\x0d\x06\0\0\x76\0\0\0\0\x1c\0\0\x16\x06\0\0\x77\0\0\0\0\x21\0\0\x1d\x06\0\0\
\x78\0\0\0\x40\x21\0\0\x25\x06\0\0\x34\0\0\0\xc0\x22\0\0\x2b\x06\0\0\x49\0\0\0\
\0\x23\0\0\x36\x06\0\0\x7c\0\0\0\x40\x23\0\0\x42\x06\0\0\x68\0\0\0\x80\x23\0\0\
\x48\x06\0\0\x7d\0\0\0\xc0\x23\0\0\x50\x06\0\0\x7e\0\0\0\0\x24\0\0\x59\x06\0\0\
\x7f\0\0\0\x40\x24\0\0\x70\x06\0\0\x34\0\0\0\x80\x24\0\0\x7f\x06\0\0\x34\0\0\0\
\xc0\x24\0\0\x90\x06\0\0\x02\0\0\0\0\x25\0\0\x9e\x06\0\0\x45\0\0\0\x20\x25\0\0\
\xb0\x06\0\0\x45\0\0\0\x40\x25\0\0\xc2\x06\0\0\x80\0\0\0\x80\x25\0\0\xd0\x06\0\
\0\x5f\0\0\0\xc0\x25\0\0\xde\x06\0\0\x82\0\0\0\0\x26\0\0\xed\x06\0\0\x87\0\0\0\
\0\x27\0\0\xf6\x06\0\0\x34\0\0\0\x40\x27\0\0\x08\x07\0\0\x34\0\0\0\x80\x27\0\0\
\x17\x07\0\0\x5f\0\0\0\xc0\x27\0\0\x26\x07\0\0\x88\0\0\0\0\x28\0\0\x2e\x07\0\0\
\x8a\0\0\0\0\x29\0\0\0\0\0\0\x01\0\0\x04\x40\0\0\0\x34\x07\0\0\x45\0\0\0\0\0\0\
\0\x3d\x07\0\0\0\0\0\x08\x46\0\0\0\0\0\0\0\x01\0\0\x04\x04\0\0\0\x46\x07\0\0\
\x02\0\0\0\0\0\0\0\x4e\x07\0\0\x03\0\0\x04\x10\0\0\0\0\0\0\0\x48\0\0\0\0\0\0\0\
\x59\x07\0\0\x10\0\0\0\x20\0\0\0\x62\x07\0\0\x2b\0\0\0\x40\0\0\0\0\0\0\0\x02\0\
\0\x05\x04\0\0\0\x6a\x07\0\0\x49\0\0\0\0\0\0\0\x72\x07\0\0\x56\0\0\0\0\0\0\0\
\x83\x07\0\0\0\0\0\x08\x4a\0\0\0\x8e\x07\0\0\x01\0\0\x04\x04\0\0\0\0\0\0\0\x4b\
\0\0\0\0\0\0\0\0\0\0\0\x01\0\0\x05\x04\0\0\0\x97\x07\0\0\x4c\0\0\0\0\0\0\0\x9d\
\x07\0\0\x01\0\0\x04\x04\0\0\0\xaa\x07\0\0\x4d\0\0\0\0\0\0\0\xb3\x07\0\0\0\0\0\
\x08\x4e\0\0\0\xc3\x07\0\0\x01\0\0\x04\x04\0\0\0\0\0\0\0\x4f\0\0\0\0\0\0\0\0\0\
\0\0\x03\0\0\x05\x04\0\0\0\xcd\x07\0\0\x45\0\0\0\0\0\0\0\0\0\0\0\x50\0\0\0\0\0\
\0\0\0\0\0\0\x53\0\0\0\0\0\0\0\0\0\0\0\x02\0\0\x04\x02\0\0\0\xd1\x07\0\0\x51\0\
\0\0\0\0\0\0\xd8\x07\0\0\x51\0\0\0\x08\0\0\0\xe0\x07\0\0\0\0\0\x08\x52\0\0\0\
\xe3\x07\0\0\0\0\0\x08\x37\0\0\0\0\0\0\0\x02\0\0\x04\x04\0\0\0\xe8\x07\0\0\x54\
\0\0\0\0\0\0\0\xf7\x07\0\0\x54\0\0\0\x10\0\0\0\xfc\x07\0\0\0\0\0\x08\x55\0\0\0\
\0\x08\0\0\0\0\0\x08\x26\0\0\0\x06\x08\0\0\0\0\0\x08\x57\0\0\0\0\0\0\0\0\0\0\
\x04\0\0\0\0\0\0\0\0\0\0\0\x02\x59\0\0\0\x14\x08\0\0\0\0\0\x08\x5a\0\0\0\0\0\0\
\0\x01\0\0\x04\x08\0\0\0\x14\x04\0\0\x5b\0\0\0\0\0\0\0\x1a\x08\0\0\0\0\0\x08\
\x5c\0\0\0\x23\x08\0\0\0\0\0\x08\x12\0\0\0\0\0\0\0\0\0\0\x02\xaf\x01\0\0\x2c\
\x08\0\0\0\0\0\x08\x4c\0\0\0\x3b\x08\0\0\0\0\0\x08\x60\0\0\0\x49\x08\0\0\0\0\0\
\x08\x61\0\0\0\0\0\0\0\x01\0\0\x04\x08\0\0\0\x46\x07\0\0\x62\0\0\0\0\0\0\0\x54\
\x08\0\0\0\0\0\x08\x63\0\0\0\x58\x08\0\0\0\0\0\x08\x64\0\0\0\x5e\x08\0\0\0\0\0\
\x01\x08\0\0\0\x40\0\0\x01\x68\x08\0\0\x05\0\0\x04\x28\0\0\0\x75\x08\0\0\x5f\0\
\0\0\0\0\0\0\x42\x06\0\0\x5f\0\0\0\x40\0\0\0\x7b\x08\0\0\x66\0\0\0\x80\0\0\0\
\x7f\x08\0\0\x5e\0\0\0\xa0\0\0\0\x89\x08\0\0\x27\0\0\0\xc0\0\0\0\x93\x08\0\0\
\x01\0\0\x04\x04\0\0\0\xf7\x07\0\0\x45\0\0\0\0\0\0\0\xa9\x08\0\0\x01\0\0\x04\
\x08\0\0\0\xb1\x08\0\0\x68\0\0\0\0\0\0\0\0\0\0\0\0\0\0\x02\x8c\0\0\0\xb6\x08\0\
\0\0\0\0\x08\x6a\0\0\0\xc1\x08\0\0\x01\0\0\x04\x04\0\0\0\xca\x08\0\0\x10\0\0\0\
\0\0\0\0\xd3\x08\0\0\x04\0\0\x04\x20\0\0\0\x42\x06\0\0\x5f\0\0\0\0\0\0\0\x7f\
\x08\0\0\x5e\0\0\0\x40\0\0\0\x7b\x08\0\0\x66\0\0\0\x60\0\0\0\x89\x08\0\0\x27\0\
\0\0\x80\0\0\0\0\0\0\0\0\0\0\x02\xe3\x01\0\0\xd9\x08\0\0\x02\0\0\x04\x10\0\0\0\
\xec\x01\0\0\x6e\0\0\0\0\0\0\0\xe7\x08\0\0\x6f\0\0\0\x40\0\0\0\0\0\0\0\0\0\0\
\x02\x6d\0\0\0\0\0\0\0\0\0\0\x02\x70\0\0\0\0\0\0\0\x01\0\0\x0d\0\0\0\0\0\0\0\0\
\x6e\0\0\0\0\0\0\0\0\0\0\x02\x10\0\0\0\xec\x08\0\0\0\0\0\x08\x34\0\0\0\0\0\0\0\
\0\0\0\x03\0\0\0\0\x34\0\0\0\x04\0\0\0\x32\0\0\0\xf7\x08\0\0\x04\0\0\x04\x28\0\
\0\0\x06\x09\0\0\x5e\0\0\0\0\0\0\0\x75\x08\0\0\x62\0\0\0\x40\0\0\0\x52\x01\0\0\
\x27\0\0\0\x80\0\0\0\x0b\x09\0\0\x75\0\0\0\0\x01\0\0\0\0\0\0\0\0\0\x02\x1e\0\0\
\0\0\0\0\0\0\0\0\x03\0\0\0\0\x74\0\0\0\x04\0\0\0\x04\0\0\0\0\0\0\0\0\0\0\x02\
\xf7\x01\0\0\x14\x09\0\0\0\0\0\x08\x79\0\0\0\0\0\0\0\x06\0\0\x04\x30\0\0\0\x21\
\x09\0\0\x60\0\0\0\0\0\0\0\x24\x09\0\0\x2b\0\0\0\x40\0\0\0\x2c\x09\0\0\x7a\0\0\
\0\x80\0\0\0\x33\x09\0\0\x2b\0\0\0\xc0\0\0\0\x25\x06\0\0\x34\0\0\0\0\x01\0\0\
\x38\x09\0\0\x51\0\0\0\x40\x01\0\0\x4c\x09\0\0\0\0\0\x08\x7b\0\0\0\x57\x09\0\0\
\x01\0\0\x04\x04\0\0\0\x67\x09\0\0\x45\0\0\0\0\0\0\0\0\0\0\0\0\0\0\x02\xf8\x01\
\0\0\0\0\0\0\0\0\0\x02\xb2\x01\0\0\0\0\0\0\0\0\0\x02\xb6\x01\0\0\0\0\0\0\0\0\0\
\x02\xf9\x01\0\0\xc2\x06\0\0\x01\0\0\x04\x08\0\0\0\x6c\x09\0\0\x81\0\0\0\0\0\0\
\0\0\0\0\0\0\0\0\x02\xfa\x01\0\0\x75\x09\0\0\x03\0\0\x04\x20\0\0\0\x81\x09\0\0\
\x5f\0\0\0\0\0\0\0\x86\x09\0\0\x27\0\0\0\x40\0\0\0\xe7\x08\0\0\x83\0\0\0\xc0\0\
\0\0\x8c\x09\0\0\0\0\0\x08\x84\0\0\0\0\0\0\0\0\0\0\x02\x85\0\0\0\0\0\0\0\x01\0\
\0\x0d\0\0\0\0\0\0\0\0\x86\0\0\0\0\0\0\0\0\0\0\x02\x82\0\0\0\0\0\0\0\0\0\0\x02\
\xf6\x01\0\0\0\0\0\0\x03\0\0\x04\x20\0\0\0\x52\x01\0\0\x27\0\0\0\0\0\0\0\x98\
\x09\0\0\x34\0\0\0\x80\0\0\0\x9f\x09\0\0\x89\0\0\0\xc0\0\0\0\0\0\0\0\0\0\0\x02\
\xbe\x01\0\0\xa5\x09\0\0\0\0\0\x08\x10\0\0\0\0\0\0\0\0\0\0\x03\0\0\0\0\x34\0\0\
\0\x04\0\0\0\0\0\0\0\xad\x09\0\0\x06\x01\0\x84\x80\x23\0\0\xb9\x09\0\0\x8d\0\0\
\0\0\0\0\0\xc5\x09\0\0\x10\0\0\0\xc0\x01\0\0\xcd\x09\0\0\x10\0\0\0\xe0\x01\0\0\
\xd9\x09\0\0\x2b\0\0\0\0\x02\0\0\xdf\x09\0\0\x7a\0\0\0\x40\x02\0\0\x25\x06\0\0\
\x10\0\0\0\x60\x02\0\0\xe5\x09\0\0\x10\0\0\0\x80\x02\0\0\xec\x09\0\0\x02\0\0\0\
\xa0\x02\0\0\xf3\x09\0\0\x90\0\0\0\xc0\x02\0\0\xfe\x09\0\0\x10\0\0\0\x40\x03\0\
\0\x0a\x0a\0\0\x34\0\0\0\x80\x03\0\0\x1e\x0a\0\0\x68\0\0\0\xc0\x03\0\0\x29\x0a\
\0\0\x02\0\0\0\0\x04\0\0\x39\x0a\0\0\x02\0\0\0\x20\x04\0\0\x42\x0a\0\0\x02\0\0\
\0\x40\x04\0\0\x48\x0a\0\0\x02\0\0\0\x60\x04\0\0\x4d\x0a\0\0\x02\0\0\0\x80\x04\
\0\0\x59\x0a\0\0\x02\0\0\0\xa0\x04\0\0\x65\x0a\0\0\x10\0\0\0\xc0\x04\0\0\x71\
\x0a\0\0\x94\0\0\0\0\x06\0\0\x74\x0a\0\0\x9c\0\0\0\0\x0e\0\0\x77\x0a\0\0\x9e\0\
\0\0\x80\x0f\0\0\x7a\x0a\0\0\xab\0\0\0\0\x17\0\0\x84\x0a\0\0\xac\0\0\0\x40\x17\
\0\0\x88\x0a\0\0\xb3\0\0\0\xc0\x1d\0\0\x94\x0a\0\0\x96\0\0\0\0\x1e\0\0\x9e\x0a\
\0\0\x34\0\0\0\xc0\x1e\0\0\xaa\x0a\0\0\x10\0\0\0\0\x1f\0\0\xba\x0a\0\0\xb5\0\0\
\0\x40\x1f\0\0\xcb\x0a\0\0\xb7\0\0\0\x80\x1f\0\0\xd6\x0a\0\0\xb7\0\0\0\xc0\x1f\
\0\0\x6f\0\0\0\xb8\0\0\0\0\x20\0\0\xdd\x0a\0\0\xb9\0\0\0\0\x28\0\0\xef\x0a\0\0\
\x10\0\0\0\x40\x28\0\0\xfa\x0a\0\0\x10\0\0\0\x60\x28\0\0\x01\x0b\0\0\x34\0\0\0\
\x80\x28\0\0\x4c\x04\0\0\x02\0\0\0\xc0\x28\0\0\x16\x0b\0\0\xbb\0\0\0\0\x29\0\0\
\x1f\x0b\0\0\xbe\0\0\0\x40\x29\0\0\x2d\x0b\0\0\xbd\0\0\0\x80\x29\0\0\x37\x0b\0\
\0\x2b\0\0\0\x80\x2b\0\0\x49\x0b\0\0\x26\0\0\0\xc0\x2b\0\0\x5c\x0b\0\0\x26\0\0\
\0\xd0\x2b\0\0\x6c\x0b\0\0\x02\0\0\0\xe0\x2b\0\0\x82\x0b\0\0\xc0\0\0\0\0\x2c\0\
\0\x9a\x0b\0\0\x27\0\0\0\x40\x2c\0\0\xa9\x0b\0\0\xc2\0\0\0\xc0\x2c\0\0\xba\x0b\
\0\0\x34\0\0\0\0\x2d\0\0\xca\x0b\0\0\x51\0\0\0\x40\x2d\0\0\xdc\x0b\0\0\x51\0\0\
\0\x48\x2d\0\0\xea\x0b\0\0\x02\0\0\0\x60\x2d\0\0\xfd\x0b\0\0\x27\0\0\0\x80\x2d\
\0\0\x14\x0c\0\0\x02\0\0\0\0\x2e\0\0\x27\x0c\0\0\x27\0\0\0\x40\x2e\0\0\x3b\x0c\
\0\0\x02\0\0\0\xc0\x2e\0\0\x4e\x0c\0\0\x02\0\0\0\xe0\x2e\0\0\x5d\x0c\0\0\xc0\0\
\0\0\0\x2f\0\0\x70\x0c\0\0\x27\0\0\0\x40\x2f\0\0\x81\x0c\0\0\x27\0\0\0\xc0\x2f\
\0\0\x8f\x0c\0\0\x02\0\0\0\x40\x30\0\0\x9c\x0c\0\0\xc3\0\0\0\x80\x30\0\0\xa7\
\x0c\0\0\x27\0\0\0\0\x32\0\0\xad\x0c\0\0\xc4\0\0\0\x80\x32\0\0\xbc\x0c\0\0\x96\
\0\0\0\xc0\x33\0\0\xd1\x03\0\0\x41\0\0\0\x80\x34\0\0\xce\x0c\0\0\x41\0\0\0\xc0\
\x34\0\0\xd8\x0c\0\0\xc5\0\0\0\0\x35\0\0\xf0\x0c\0\0\x02\0\0\0\x40\x35\0\0\xfb\
\x0c\0\0\x02\0\0\0\x60\x35\0\0\x05\x0d\0\0\x02\0\0\0\x80\x35\0\0\x11\x0d\0\0\
\x02\0\0\0\xa0\x35\0\0\x1f\x0d\0\0\x34\0\0\0\xc0\x35\0\0\x26\x0d\0\0\x10\0\0\0\
\0\x36\0\0\x32\x0d\0\0\x10\0\0\0\x20\x36\0\x01\x46\x0d\0\0\x10\0\0\0\x21\x36\0\
\x01\x60\x0d\0\0\x10\0\0\0\x22\x36\0\x01\x6f\x0d\0\0\x10\0\0\0\x23\x36\0\x01\
\x7e\x0d\0\0\x10\0\0\0\x40\x36\0\x01\x92\x0d\0\0\x10\0\0\0\x41\x36\0\x01\xa1\
\x0d\0\0\x10\0\0\0\x42\x36\0\x01\xaf\x0d\0\0\x10\0\0\0\x43\x36\0\x01\xb9\x0d\0\
\0\x10\0\0\0\x44\x36\0\x01\xc3\x0d\0\0\x10\0\0\0\x45\x36\0\x01\xd0\x0d\0\0\x10\
\0\0\0\x46\x36\0\x01\xe4\x0d\0\0\x10\0\0\0\x47\x36\0\x01\xeb\x0d\0\0\x10\0\0\0\
\x48\x36\0\x01\xf8\x0d\0\0\x10\0\0\0\x49\x36\0\x01\x04\x0e\0\0\x10\0\0\0\x4a\
\x36\0\x01\x0f\x0e\0\0\x10\0\0\0\x4b\x36\0\x01\x1c\x0e\0\0\x10\0\0\0\x4c\x36\0\
\x01\x2c\x0e\0\0\x34\0\0\0\x80\x36\0\0\x39\x0e\0\0\xc6\0\0\0\xc0\x36\0\0\x47\
\x0e\0\0\xd6\0\0\0\x80\x38\0\0\x4b\x0e\0\0\xd6\0\0\0\xa0\x38\0\0\x50\x0e\0\0\
\x34\0\0\0\xc0\x38\0\0\x5d\x0e\0\0\x68\0\0\0\0\x39\0\0\x60\x01\0\0\x68\0\0\0\
\x40\x39\0\0\x69\x0e\0\0\x27\0\0\0\x80\x39\0\0\x72\x0e\0\0\x27\0\0\0\0\x3a\0\0\
\x7a\x0e\0\0\x68\0\0\0\x80\x3a\0\0\x87\x0e\0\0\x27\0\0\0\xc0\x3a\0\0\x8f\x0e\0\
\0\x27\0\0\0\x40\x3b\0\0\x9c\x0e\0\0\xd8\0\0\0\xc0\x3b\0\0\xa7\x0e\0\0\xdb\0\0\
\0\0\x3c\0\0\xb1\x0e\0\0\x27\0\0\0\0\x3e\0\0\xbd\x0e\0\0\xdc\0\0\0\x80\x3e\0\0\
\xc8\x0e\0\0\xdd\0\0\0\xc0\x3e\0\0\xd6\x0e\0\0\xdd\0\0\0\0\x3f\0\0\xe6\x0e\0\0\
\x2b\0\0\0\x40\x3f\0\0\xf5\x0e\0\0\x12\0\0\0\x80\x3f\0\0\xfb\x0e\0\0\x12\0\0\0\
\xc0\x3f\0\0\x01\x0f\0\0\x12\0\0\0\0\x40\0\0\x07\x0f\0\0\xde\0\0\0\x40\x40\0\0\
\x14\x0f\0\0\xdf\0\0\0\0\x41\0\0\x1a\x0f\0\0\x45\0\0\0\x80\x42\0\0\x28\x0f\0\0\
\x34\0\0\0\xc0\x42\0\0\x2e\x0f\0\0\x34\0\0\0\0\x43\0\0\x35\x0f\0\0\x12\0\0\0\
\x40\x43\0\0\x40\x0f\0\0\x12\0\0\0\x80\x43\0\0\x4f\x0f\0\0\x34\0\0\0\xc0\x43\0\
\0\x57\x0f\0\0\x34\0\0\0\0\x44\0\0\x5f\x0f\0\0\xe1\0\0\0\x40\x44\0\0\x6f\x0f\0\
\0\xe7\0\0\0\xc0\x46\0\0\x84\x0f\0\0\xe8\0\0\0\x80\x48\0\0\x91\x0f\0\0\xe8\0\0\
\0\xc0\x48\0\0\x9b\x0f\0\0\xe8\0\0\0\0\x49\0\0\xa0\x0f\0\0\xf5\0\0\0\x40\x49\0\
\0\xb5\x0f\0\0\x2e\0\0\0\x80\x49\0\0\xba\x0f\0\0\xfa\0\0\0\0\x4a\0\0\xc4\x0f\0\
\0\xfb\0\0\0\x40\x4a\0\0\xcc\x0f\0\0\xfd\0\0\0\x80\x4a\0\0\xd4\x0f\0\0\x34\0\0\
\0\0\x4b\0\0\xe6\x0f\0\0\x34\0\0\0\x40\x4b\0\0\xf7\x0f\0\0\xfe\0\0\0\x80\x4b\0\
\0\xfa\x0f\0\0\xff\0\0\0\xc0\x4b\0\0\0\x10\0\0\0\x01\0\0\0\x4c\0\0\x09\x10\0\0\
\x01\x01\0\0\x40\x4c\0\0\x11\x10\0\0\x02\x01\0\0\x80\x4c\0\0\x18\x10\0\0\x03\
\x01\0\0\xc0\x4c\0\0\x20\x10\0\0\x04\x01\0\0\0\x4d\0\0\x28\x10\0\0\x04\x01\0\0\
\x40\x4d\0\0\x35\x10\0\0\x04\x01\0\0\x80\x4d\0\0\xd8\x07\0\0\x07\x01\0\0\xc0\
\x4d\0\0\x43\x10\0\0\x34\0\0\0\x80\x4e\0\0\x4d\x10\0\0\x08\x01\0\0\xc0\x4e\0\0\
\x59\x10\0\0\x10\0\0\0\0\x4f\0\0\x66\x10\0\0\x6e\0\0\0\x40\x4f\0\0\x71\x10\0\0\
\x0b\x01\0\0\x80\x4f\0\0\x7f\x10\0\0\xeb\0\0\0\xc0\x4f\0\0\x88\x10\0\0\x10\0\0\
\0\xe0\x4f\0\0\x92\x10\0\0\x0c\x01\0\0\0\x50\0\0\x9a\x10\0\0\x0e\x01\0\0\x80\
\x50\0\0\xab\x10\0\0\x12\0\0\0\x80\x50\0\0\xba\x10\0\0\x12\0\0\0\xc0\x50\0\0\
\xc7\x10\0\0\x49\0\0\0\0\x51\0\0\xd2\x10\0\0\x5e\0\0\0\x20\x51\0\0\xda\x10\0\0\
\x0f\x01\0\0\x40\x51\0\0\xe1\x10\0\0\xe4\0\0\0\x80\x51\0\0\xec\x10\0\0\x68\0\0\
\0\0\x52\0\0\xf8\x10\0\0\x11\x01\0\0\x40\x52\0\0\x06\x11\0\0\x12\x01\0\0\x80\
\x52\0\0\x11\x11\0\0\x34\0\0\0\xc0\x52\0\0\x19\x11\0\0\x10\0\0\0\0\x53\0\0\x22\
\x11\0\0\x2b\0\0\0\x40\x53\0\0\x2f\x11\0\0\x13\x01\0\0\x80\x53\0\0\x38\x11\0\0\
\x14\x01\0\0\xc0\x53\0\0\x3d\x11\0\0\x15\x01\0\0\0\x54\0\0\x4b\x11\0\0\x16\x01\
\0\0\x40\x54\0\0\x56\x11\0\0\x17\x01\0\0\x80\x54\0\0\x66\x11\0\0\x34\0\0\0\xc0\
\x54\0\0\x75\x11\0\0\x18\x01\0\0\0\x55\0\0\x82\x11\0\0\x1a\x01\0\0\x40\x55\0\0\
\x87\x11\0\0\x10\0\0\0\0\x57\0\0\x91\x11\0\0\x12\0\0\0\x40\x57\0\0\x9f\x11\0\0\
\x12\0\0\0\x80\x57\0\0\xac\x11\0\0\x12\0\0\0\xc0\x57\0\0\xb9\x11\0\0\x1b\x01\0\
\0\0\x58\0\0\xc6\x11\0\0\x1d\x01\0\0\x40\x58\0\0\xd7\x11\0\0\x02\0\0\0\x60\x58\
\0\0\xef\x11\0\0\x1f\x01\0\0\x80\x58\0\0\xf7\x11\0\0\x27\0\0\0\xc0\x58\0\0\xff\
\x11\0\0\x20\x01\0\0\x40\x59\0\0\x0b\x12\0\0\x21\x01\0\0\x80\x59\0\0\x1e\x12\0\
\0\x27\0\0\0\xc0\x59\0\0\x2c\x12\0\0\x22\x01\0\0\x40\x5a\0\0\x3b\x12\0\0\x6b\0\
\0\0\x80\x5a\0\0\x4c\x12\0\0\x10\0\0\0\x80\x5b\0\0\x58\x12\0\0\x23\x01\0\0\xa0\
\x5b\0\0\x67\x12\0\0\x24\x01\0\0\xc0\x5b\0\0\x77\x12\0\0\x6b\0\0\0\0\x5c\0\0\
\x88\x12\0\0\x27\0\0\0\0\x5d\0\0\x98\x12\0\0\x25\x01\0\0\x80\x5d\0\0\xa6\x12\0\
\0\x26\x01\0\0\xc0\x5d\0\0\xb0\x12\0\0\x27\x01\0\0\0\x5e\0\0\xb8\x12\0\0\x51\0\
\0\0\x10\x5e\0\0\xc2\x12\0\0\x27\x01\0\0\x20\x5e\0\0\x90\x06\0\0\x02\0\0\0\x40\
\x5e\0\0\xd1\x12\0\0\x10\0\0\0\x60\x5e\0\0\xe2\x12\0\0\x10\0\0\0\x80\x5e\0\0\
\xf7\x12\0\0\x02\0\0\0\xa0\x5e\0\0\x0a\x13\0\0\x34\0\0\0\xc0\x5e\0\0\x1d\x13\0\
\0\x12\0\0\0\0\x5f\0\0\x28\x13\0\0\x12\0\0\0\x40\x5f\0\0\x41\x13\0\0\x12\0\0\0\
\x80\x5f\0\0\x57\x13\0\0\x6d\0\0\0\xc0\x5f\0\0\x61\x13\0\0\x28\x01\0\0\x40\x60\
\0\0\x6c\x13\0\0\x29\x01\0\0\x80\x60\0\0\x78\x13\0\0\x34\0\0\0\xc0\x60\0\0\x8a\
\x13\0\0\x2a\x01\0\0\0\x61\0\0\x9f\x13\0\0\x34\0\0\0\xc0\x61\0\0\xb3\x13\0\0\
\x2b\x01\0\0\0\x62\0\0\xb8\x13\0\0\x0e\0\0\0\x40\x62\0\0\xc1\x13\0\0\x0e\0\0\0\
\x60\x62\0\0\xca\x13\0\0\x34\0\0\0\x80\x62\0\0\xda\x13\0\0\x02\0\0\0\xc0\x62\0\
\0\xe1\x13\0\0\x02\0\0\0\xe0\x62\0\0\xed\x13\0\0\x02\0\0\0\0\x63\0\0\xfe\x13\0\
\0\x02\0\0\0\x20\x63\0\0\x0c\x14\0\0\x6d\0\0\0\x40\x63\0\0\x15\x14\0\0\x2c\x01\
\0\0\xc0\x63\0\0\x1d\x14\0\0\x2e\x01\0\0\0\x64\0\0\x29\x14\0\0\x2f\x01\0\0\x40\
\x64\0\0\x33\x14\0\0\x31\x01\0\0\xc0\x64\0\0\x3a\x14\0\0\x02\0\0\0\0\x65\0\0\
\x45\x14\0\0\x02\0\0\0\x20\x65\0\0\x56\x14\0\0\x34\0\0\0\x40\x65\0\0\x68\x14\0\
\0\x02\0\0\0\x80\x65\0\0\x7d\x14\0\0\x34\x01\0\0\xc0\x65\0\0\x8c\x14\0\0\x12\0\
\0\0\xc0\xdd\0\0\x9b\x14\0\0\x12\0\0\0\0\xde\0\0\xb2\x14\0\0\x02\0\0\0\x40\xde\
\0\0\xc1\x14\0\0\x02\0\0\0\x60\xde\0\0\xd0\x14\0\0\x29\x01\0\0\x80\xde\0\0\xda\
\x14\0\0\x14\0\0\0\xc0\xde\0\0\xeb\x14\0\0\x14\0\0\0\0\xdf\0\0\xfc\x14\0\0\x45\
\0\0\0\x40\xdf\0\0\x0a\x15\0\0\x45\0\0\0\x60\xdf\0\0\x1e\x15\0\0\x34\0\0\0\x80\
\xdf\0\0\x2e\x15\0\0\x10\0\0\0\xc0\xdf\0\0\x47\x15\0\0\x89\0\0\0\0\xe0\0\0\x54\
\x15\0\0\x35\x01\0\0\x40\xe0\0\0\x5a\x15\0\0\x36\x01\0\0\x80\xe0\0\0\x68\x15\0\
\0\x37\x01\0\0\xc0\xe0\0\0\x6e\x15\0\0\x10\0\0\0\0\xe1\0\0\x7c\x15\0\0\x10\0\0\
\0\x20\xe1\0\0\x8e\x15\0\0\x38\x01\0\0\x40\xe1\0\0\x98\x15\0\0\x6d\0\0\0\x40\
\xe1\0\0\x9c\x15\0\0\x7a\0\0\0\xc0\xe1\0\0\xa6\x15\0\0\x02\0\0\0\xe0\xe1\0\0\
\xb9\x15\0\0\x68\0\0\0\0\xe2\0\0\xc9\x15\0\0\x39\x01\0\0\x40\xe2\0\0\xda\x15\0\
\0\x3d\x01\0\0\x80\xe3\0\0\xe8\x15\0\0\x7a\0\0\0\xc0\xe3\0\0\xf7\x15\0\0\x02\0\
\0\0\xe0\xe3\0\0\x03\x16\0\0\x2b\0\0\0\0\xe4\0\0\x0c\x16\0\0\x3e\x01\0\0\x40\
\xe4\0\0\x18\x16\0\0\x3f\x01\0\0\x80\xe4\0\0\x20\x16\0\0\x40\x01\0\0\xc0\xe4\0\
\0\x30\x16\0\0\x41\x01\0\0\0\xe5\0\0\x44\x16\0\0\x45\x01\0\0\x40\xe5\0\0\x47\
\x16\0\0\x46\x01\0\0\xc0\xe5\0\0\x55\x16\0\0\x47\x01\0\0\0\xe6\0\0\xb9\x09\0\0\
\x07\0\0\x04\x38\0\0\0\x25\x06\0\0\x34\0\0\0\0\0\0\0\x5c\x16\0\0\x12\0\0\0\x40\
\0\0\0\0\0\0\0\x8e\0\0\0\x80\0\0\0\x62\x16\0\0\x2b\0\0\0\xc0\0\0\0\x6b\x16\0\0\
\x2b\0\0\0\0\x01\0\0\x72\x16\0\0\x12\0\0\0\x40\x01\0\0\x44\x02\0\0\x0e\0\0\0\
\x80\x01\0\0\0\0\0\0\x02\0\0\x05\x08\0\0\0\x82\x16\0\0\x12\0\0\0\0\0\0\0\x90\
\x16\0\0\x8f\0\0\0\0\0\0\0\0\0\0\0\x02\0\0\x04\x08\0\0\0\x75\x08\0\0\x0e\0\0\0\
\0\0\0\0\x98\x16\0\0\x0e\0\0\0\x20\0\0\0\xa5\x16\0\0\x04\0\0\x04\x10\0\0\0\xb8\
\x16\0\0\x91\0\0\0\0\0\0\0\0\0\0\0\x93\0\0\0\x40\0\0\0\xbe\x16\0\0\x54\0\0\0\
\x60\0\0\0\xc2\x16\0\0\x54\0\0\0\x70\0\0\0\xc6\x16\0\0\x01\0\0\x04\x08\0\0\0\
\xec\x01\0\0\x92\0\0\0\0\0\0\0\0\0\0\0\0\0\0\x02\x91\0\0\0\0\0\0\0\x02\0\0\x05\
\x04\0\0\0\xd1\x16\0\0\x10\0\0\0\0\0\0\0\xd9\x16\0\0\x45\0\0\0\0\0\0\0\xe1\x16\
\0\0\x17\0\0\x04\0\x01\0\0\xee\x16\0\0\x95\0\0\0\0\0\0\0\xf3\x16\0\0\x96\0\0\0\
\x80\0\0\0\xfc\x16\0\0\x12\0\0\0\x40\x01\0\0\x05\x17\0\0\x12\0\0\0\x80\x01\0\0\
\x12\x17\0\0\x12\0\0\0\xc0\x01\0\0\x1c\x17\0\0\x27\0\0\0\0\x02\0\0\x42\x0a\0\0\
\x37\0\0\0\x80\x02\0\0\x27\x17\0\0\x37\0\0\0\x88\x02\0\0\x35\x17\0\0\x37\0\0\0\
\x90\x02\0\0\x42\x17\0\0\x37\0\0\0\x98\x02\0\0\x4f\x17\0\0\x12\0\0\0\xc0\x02\0\
\0\x5a\x17\0\0\x12\0\0\0\0\x03\0\0\x6b\x17\0\0\x12\0\0\0\x40\x03\0\0\x81\x17\0\
\0\x12\0\0\0\x80\x03\0\0\0\0\0\0\x98\0\0\0\xc0\x03\0\0\x8a\x17\0\0\x12\0\0\0\0\
\x04\0\0\x90\x17\0\0\x12\0\0\0\x40\x04\0\0\x9e\x17\0\0\x02\0\0\0\x80\x04\0\0\
\x60\x01\0\0\x99\0\0\0\xc0\x04\0\0\xa4\x17\0\0\x9a\0\0\0\0\x05\0\0\xab\x17\0\0\
\x9a\0\0\0\x40\x05\0\0\xb0\x17\0\0\x34\0\0\0\x80\x05\0\0\xc0\x17\0\0\x9b\0\0\0\
\0\x06\0\0\xc4\x17\0\0\x02\0\0\x04\x10\0\0\0\xd0\x17\0\0\x34\0\0\0\0\0\0\0\xd7\
\x17\0\0\x0e\0\0\0\x40\0\0\0\xe2\x17\0\0\x03\0\0\x04\x18\0\0\0\xea\x17\0\0\x34\
\0\0\0\0\0\0\0\xfc\x17\0\0\x97\0\0\0\x40\0\0\0\x05\x18\0\0\x97\0\0\0\x80\0\0\0\
\0\0\0\0\0\0\0\x02\x96\0\0\0\0\0\0\0\x02\0\0\x05\x08\0\0\0\x0d\x18\0\0\x62\0\0\
\0\0\0\0\0\x12\x18\0\0\x12\0\0\0\0\0\0\0\0\0\0\0\0\0\0\x02\x94\0\0\0\0\0\0\0\0\
\0\0\x02\xae\x01\0\0\x18\x18\0\0\x09\0\0\x04\x40\0\0\0\x22\x18\0\0\x12\0\0\0\0\
\0\0\0\x33\x18\0\0\x12\0\0\0\x40\0\0\0\x3c\x18\0\0\x12\0\0\0\x80\0\0\0\x49\x18\
\0\0\x0e\0\0\0\xc0\0\0\0\x52\x18\0\0\x0e\0\0\0\xe0\0\0\0\x61\x18\0\0\x34\0\0\0\
\0\x01\0\0\x6a\x18\0\0\x34\0\0\0\x40\x01\0\0\x77\x18\0\0\x34\0\0\0\x80\x01\0\0\
\x80\x18\0\0\x10\0\0\0\xc0\x01\0\0\x89\x18\0\0\x07\0\0\x04\x30\0\0\0\x99\x18\0\
\0\x27\0\0\0\0\0\0\0\xa2\x18\0\0\x34\0\0\0\x80\0\0\0\xaa\x18\0\0\x34\0\0\0\xc0\
\0\0\0\xb9\x18\0\0\x10\0\0\0\0\x01\0\0\x42\x0a\0\0\x26\0\0\0\x20\x01\0\0\xc4\
\x18\0\0\x26\0\0\0\x30\x01\0\0\xcc\x18\0\0\x9d\0\0\0\x40\x01\0\0\0\0\0\0\0\0\0\
\x02\x9c\0\0\0\xd1\x18\0\0\x17\0\0\x84\xf0\0\0\0\xe2\x17\0\0\x96\0\0\0\0\0\0\0\
\xe1\x18\0\0\x12\0\0\0\xc0\0\0\0\xec\x18\0\0\x12\0\0\0\0\x01\0\0\xf8\x18\0\0\
\x12\0\0\0\x40\x01\0\0\x02\x19\0\0\x12\0\0\0\x80\x01\0\0\x08\x19\0\0\x12\0\0\0\
\xc0\x01\0\0\x13\x19\0\0\x62\0\0\0\0\x02\0\0\xfc\x16\0\0\x12\0\0\0\x40\x02\0\0\
\x25\x06\0\0\x10\0\0\0\x80\x02\0\0\x1b\x19\0\0\x10\0\0\0\xa0\x02\0\x01\x28\x19\
\0\0\x10\0\0\0\xa1\x02\0\x01\x33\x19\0\0\x10\0\0\0\xa2\x02\0\x01\x45\x19\0\0\
\x10\0\0\0\xa3\x02\0\x01\x7a\x0a\0\0\x10\0\0\0\xa4\x02\0\x01\x50\x19\0\0\x10\0\
\0\0\xa5\x02\0\x01\x61\x19\0\0\x10\0\0\0\xa6\x02\0\x01\x6a\x19\0\0\x10\0\0\0\
\xa7\x02\0\x01\x79\x19\0\0\x10\0\0\0\xa8\x02\0\x01\x8a\x19\0\0\x9f\0\0\0\xc0\
\x02\0\0\x93\x19\0\0\x9f\0\0\0\xc0\x04\0\0\xa2\x19\0\0\xa7\0\0\0\xc0\x06\0\0\
\xa5\x19\0\0\xa8\0\0\0\0\x07\0\0\xb6\x19\0\0\xab\0\0\0\x40\x07\0\0\xbc\x19\0\0\
\x08\0\0\x04\x40\0\0\0\xc4\x19\0\0\xa0\0\0\0\0\0\0\0\xc9\x19\0\0\xa1\0\0\0\0\
\x01\0\0\xd6\x19\0\0\xa2\0\0\0\x40\x01\0\0\xdf\x19\0\0\xa6\0\0\0\x80\x01\0\0\
\xa5\x01\0\0\x51\0\0\0\xc0\x01\0\0\xe4\x19\0\0\x51\0\0\0\xc8\x01\0\0\xeb\x19\0\
\0\x51\0\0\0\xd0\x01\0\0\xf3\x19\0\0\x51\0\0\0\xd8\x01\0\0\xfb\x19\0\0\x02\0\0\
\x04\x20\0\0\0\xc4\x19\0\0\x96\0\0\0\0\0\0\0\x0b\x1a\0\0\xa1\0\0\0\xc0\0\0\0\
\x13\x1a\0\0\0\0\0\x08\x62\0\0\0\0\0\0\0\0\0\0\x02\xa3\0\0\0\0\0\0\0\x01\0\0\
\x0d\xa4\0\0\0\0\0\0\0\xa5\0\0\0\x1b\x1a\0\0\x02\0\0\x06\x04\0\0\0\x2b\x1a\0\0\
\0\0\0\0\x3d\x1a\0\0\x01\0\0\0\0\0\0\0\0\0\0\x02\x9f\0\0\0\0\0\0\0\0\0\0\x02\
\xb9\x01\0\0\0\0\0\0\0\0\0\x02\xac\x01\0\0\x4d\x1a\0\0\0\0\0\x08\xa9\0\0\0\0\0\
\0\0\0\0\0\x02\xaa\0\0\0\0\0\0\0\x01\0\0\x0d\x68\0\0\0\0\0\0\0\xab\0\0\0\0\0\0\
\0\0\0\0\x02\x9e\0\0\0\x5e\x1a\0\0\x17\0\0\x04\xd0\0\0\0\x6f\x1a\0\0\xad\0\0\0\
\0\0\0\0\x73\x1a\0\0\xae\0\0\0\x40\0\0\0\x7c\x1a\0\0\x96\0\0\0\0\x01\0\0\x85\
\x1a\0\0\x0e\0\0\0\xc0\x01\0\0\x8d\x1a\0\0\x0e\0\0\0\xe0\x01\0\0\x25\x06\0\0\
\x0e\0\0\0\0\x02\0\0\xd0\x17\0\0\x0e\0\0\0\x20\x02\0\0\x97\x1a\0\0\x1e\0\0\0\
\x40\x02\0\0\xa2\x1a\0\0\x1e\0\0\0\x60\x02\0\0\xae\x1a\0\0\x1e\0\0\0\x80\x02\0\
\0\xbb\x1a\0\0\x0e\0\0\0\xa0\x02\0\0\xc3\x1a\0\0\xaf\0\0\0\xc0\x02\0\0\xcc\x1a\
\0\0\x5f\0\0\0\x40\x03\0\0\xd6\x1a\0\0\x27\0\0\0\x80\x03\0\0\xe4\x1a\0\0\x34\0\
\0\0\0\x04\0\0\xf0\x1a\0\0\x12\0\0\0\x40\x04\0\0\xfe\x1a\0\0\x12\0\0\0\x80\x04\
\0\0\x0a\x1b\0\0\x12\0\0\0\xc0\x04\0\0\x8a\x17\0\0\x12\0\0\0\0\x05\0\0\x19\x1b\
\0\0\x12\0\0\0\x40\x05\0\0\x23\x1b\0\0\xb0\0\0\0\x80\x05\0\0\x2c\x1b\0\0\xb2\0\
\0\0\xc0\x05\0\0\x3d\x1b\0\0\x27\0\0\0\0\x06\0\0\0\0\0\0\0\0\0\x02\xd7\x01\0\0\
\x48\x1b\0\0\x03\0\0\x04\x18\0\0\0\xc4\x19\0\0\x27\0\0\0\0\0\0\0\x25\x06\0\0\
\x0e\0\0\0\x80\0\0\0\x5a\x1b\0\0\x0e\0\0\0\xa0\0\0\0\0\0\0\0\0\0\0\x03\0\0\0\0\
\x68\0\0\0\x04\0\0\0\x02\0\0\0\x5f\x1b\0\0\0\0\0\x08\xb1\0\0\0\x64\x1b\0\0\0\0\
\0\x01\x01\0\0\0\x08\0\0\x04\0\0\0\0\0\0\0\x02\xb5\x01\0\0\0\0\0\0\0\0\0\x02\
\xb4\0\0\0\0\0\0\0\0\0\0\x0a\xd8\x01\0\0\0\0\0\0\0\0\0\x02\xad\x01\0\0\x6a\x1b\
\0\0\x04\0\0\x84\x04\0\0\0\x69\0\0\0\x10\0\0\0\0\0\0\x0b\x74\x1b\0\0\x10\0\0\0\
\x0b\0\0\x03\x7e\x1b\0\0\x10\0\0\0\x0e\0\0\x01\x85\x1b\0\0\x10\0\0\0\x0f\0\0\
\x01\0\0\0\0\0\0\0\x03\0\0\0\0\xb6\0\0\0\x04\0\0\0\x02\0\0\0\x92\x1b\0\0\x1d\0\
\0\x04\0\x01\0\0\xa3\x1b\0\0\x12\0\0\0\0\0\0\0\xae\x1b\0\0\x12\0\0\0\x40\0\0\0\
\xb7\x1b\0\0\x12\0\0\0\x80\0\0\0\xc2\x1b\0\0\x12\0\0\0\xc0\0\0\0\xcb\x1b\0\0\
\x12\0\0\0\0\x01\0\0\xd8\x1b\0\0\x12\0\0\0\x40\x01\0\0\xe3\x1b\0\0\x12\0\0\0\
\x80\x01\0\0\xef\x1b\0\0\x12\0\0\0\xc0\x01\0\0\xf9\x1b\0\0\x62\0\0\0\0\x02\0\0\
\x0b\x1c\0\0\x12\0\0\0\x40\x02\0\0\x17\x1c\0\0\x12\0\0\0\x80\x02\0\0\x21\x1c\0\
\0\x62\0\0\0\xc0\x02\0\0\x33\x1c\0\0\x62\0\0\0\0\x03\0\0\x3c\x1c\0\0\x12\0\0\0\
\x40\x03\0\0\x46\x1c\0\0\x12\0\0\0\x80\x03\0\0\x59\x1c\0\0\x12\0\0\0\xc0\x03\0\
\0\x75\x1c\0\0\x12\0\0\0\0\x04\0\0\x92\x1c\0\0\x12\0\0\0\x40\x04\0\0\xab\x1c\0\
\0\x12\0\0\0\x80\x04\0\0\xc0\x1c\0\0\x12\0\0\0\xc0\x04\0\0\xcb\x1c\0\0\x12\0\0\
\0\0\x05\0\0\xdb\x1c\0\0\x12\0\0\0\x40\x05\0\0\xee\x1c\0\0\x12\0\0\0\x80\x05\0\
\0\xff\x1c\0\0\x12\0\0\0\xc0\x05\0\0\x11\x1d\0\0\x12\0\0\0\0\x06\0\0\x23\x1d\0\
\0\x12\0\0\0\x40\x06\0\0\x3e\x1d\0\0\x12\0\0\0\x80\x06\0\0\x51\x1d\0\0\x12\0\0\
\0\xc0\x06\0\0\x61\x1d\0\0\x12\0\0\0\0\x07\0\0\x74\x1d\0\0\x01\0\0\x04\x08\0\0\
\0\x7f\x1d\0\0\xba\0\0\0\0\0\0\0\0\0\0\0\0\0\0\x02\xd9\0\0\0\0\0\0\0\0\0\0\x02\
\xbc\0\0\0\0\0\0\0\0\0\0\x0a\xbd\0\0\0\x85\x1d\0\0\0\0\0\x08\xbf\0\0\0\0\0\0\0\
\0\0\0\x02\xbd\0\0\0\x8f\x1d\0\0\x01\0\0\x04\x40\0\0\0\x97\x1d\0\0\x35\0\0\0\0\
\0\0\0\x9c\x1d\0\0\x02\0\0\x05\x04\0\0\0\xa8\x1d\0\0\xc1\0\0\0\0\0\0\0\xaa\x1d\
\0\0\x0e\0\0\0\0\0\0\0\0\0\0\0\x04\0\0\x04\x04\0\0\0\x20\x10\0\0\x51\0\0\0\0\0\
\0\0\xac\x1d\0\0\x51\0\0\0\x08\0\0\0\xb4\x1d\0\0\x51\0\0\0\x10\0\0\0\xbd\x1d\0\
\0\x51\0\0\0\x18\0\0\0\0\0\0\0\0\0\0\x02\xd9\x01\0\0\x9c\x0c\0\0\x06\0\0\x04\
\x30\0\0\0\xc5\x1d\0\0\x34\0\0\0\0\0\0\0\xcc\x1d\0\0\x14\0\0\0\x40\0\0\0\xd6\
\x1d\0\0\x14\0\0\0\x80\0\0\0\xe4\x1d\0\0\x14\0\0\0\xc0\0\0\0\xf2\x1d\0\0\x14\0\
\0\0\0\x01\0\0\xff\x1d\0\0\x14\0\0\0\x40\x01\0\0\x0b\x1e\0\0\x03\0\0\x04\x28\0\
\0\0\x48\x0a\0\0\x02\0\0\0\0\0\0\0\x16\x1e\0\0\x27\0\0\0\x40\0\0\0\x20\x1e\0\0\
\x27\0\0\0\xc0\0\0\0\0\0\0\0\0\0\0\x02\xb0\x01\0\0\x39\x0e\0\0\x03\0\0\x04\x38\
\0\0\0\x2a\x1e\0\0\x34\0\0\0\0\0\0\0\x34\x1e\0\0\xc7\0\0\0\x40\0\0\0\0\0\0\0\
\xcb\0\0\0\x80\0\0\0\0\0\0\0\0\0\0\x02\xc8\0\0\0\0\0\0\0\x01\0\0\x0d\xc9\0\0\0\
\0\0\0\0\xca\0\0\0\x37\x1e\0\0\0\0\0\x01\x08\0\0\0\x40\0\0\x01\0\0\0\0\0\0\0\
\x02\xc6\0\0\0\0\0\0\0\x03\0\0\x05\x28\0\0\0\x3c\x1e\0\0\xcc\0\0\0\0\0\0\0\x42\
\x1e\0\0\xcd\0\0\0\0\0\0\0\x4c\x1e\0\0\xd4\0\0\0\0\0\0\0\0\0\0\0\x06\0\0\x04\
\x28\0\0\0\x51\x1e\0\0\x0d\0\0\0\0\0\0\0\xcd\x07\0\0\x0e\0\0\0\x40\0\0\0\x25\
\x06\0\0\x0e\0\0\0\x60\0\0\0\x57\x1e\0\0\x0e\0\0\0\x80\0\0\0\x5e\x1e\0\0\x12\0\
\0\0\xc0\0\0\0\x63\x1e\0\0\x0d\0\0\0\0\x01\0\0\0\0\0\0\x04\0\0\x04\x18\0\0\0\
\x6a\x1e\0\0\xce\0\0\0\0\0\0\0\x19\0\0\0\xd0\0\0\0\x20\0\0\0\0\0\0\0\xd1\0\0\0\
\x40\0\0\0\x0b\x1a\0\0\x12\0\0\0\x80\0\0\0\x72\x1e\0\0\0\0\0\x08\xcf\0\0\0\x7c\
\x1e\0\0\0\0\0\x08\x02\0\0\0\x8f\x1e\0\0\x03\0\0\x06\x04\0\0\0\x9d\x1e\0\0\0\0\
\0\0\xa5\x1e\0\0\x01\0\0\0\xaf\x1e\0\0\x02\0\0\0\0\0\0\0\x02\0\0\x05\x08\0\0\0\
\xb9\x1e\0\0\xd2\0\0\0\0\0\0\0\xbe\x1e\0\0\xd3\0\0\0\0\0\0\0\0\0\0\0\0\0\0\x02\
\xdb\x01\0\0\0\0\0\0\0\0\0\x02\xdc\x01\0\0\0\0\0\0\x05\0\0\x04\x20\0\0\0\xca\
\x1e\0\0\xd5\0\0\0\0\0\0\0\xcf\x1e\0\0\x02\0\0\0\x40\0\0\0\xd4\x1e\0\0\x02\0\0\
\0\x60\0\0\0\xe0\x1e\0\0\x34\0\0\0\x80\0\0\0\xe7\x1e\0\0\x34\0\0\0\xc0\0\0\0\0\
\0\0\0\0\0\0\x02\xdd\x01\0\0\xef\x1e\0\0\0\0\0\x08\xd7\0\0\0\xf5\x1e\0\0\0\0\0\
\x08\x02\0\0\0\0\0\0\0\0\0\0\x02\xc4\x01\0\0\x04\x1f\0\0\x02\0\0\x04\x10\0\0\0\
\xec\x01\0\0\xba\0\0\0\0\0\0\0\x0f\x1f\0\0\xda\0\0\0\x40\0\0\0\0\0\0\0\0\0\0\
\x02\xba\0\0\0\0\0\0\0\0\0\0\x03\0\0\0\0\xd9\0\0\0\x04\0\0\0\x04\0\0\0\0\0\0\0\
\0\0\0\x02\xb4\x01\0\0\0\0\0\0\0\0\0\x02\x02\0\0\0\x07\x0f\0\0\x03\0\0\x04\x18\
\0\0\0\xf5\x0e\0\0\x12\0\0\0\0\0\0\0\xfb\x0e\0\0\x12\0\0\0\x40\0\0\0\x06\x09\0\
\0\x5e\0\0\0\x80\0\0\0\x14\x0f\0\0\x07\0\0\x04\x30\0\0\0\xc1\x08\0\0\x69\0\0\0\
\0\0\0\0\x15\x1f\0\0\x14\0\0\0\x40\0\0\0\xa5\x01\0\0\xe0\0\0\0\x80\0\0\0\x44\
\x02\0\0\x10\0\0\0\xa0\0\0\0\xf5\x0e\0\0\x12\0\0\0\xc0\0\0\0\xfb\x0e\0\0\x12\0\
\0\0\0\x01\0\0\x01\x0f\0\0\x12\0\0\0\x40\x01\0\0\x1f\x1f\0\0\x05\0\0\x06\x04\0\
\0\0\x2b\x1f\0\0\0\0\0\0\x3a\x1f\0\0\x01\0\0\0\x45\x1f\0\0\x02\0\0\0\x4f\x1f\0\
\0\x03\0\0\0\x5a\x1f\0\0\x04\0\0\0\x5f\x0f\0\0\x03\0\0\x04\x50\0\0\0\x66\x1f\0\
\0\xe6\0\0\0\0\0\0\0\x6c\x1f\0\0\x10\0\0\0\x40\x02\0\0\x7a\x1f\0\0\x10\0\0\0\
\x60\x02\0\0\x88\x1f\0\0\x02\0\0\x04\x18\0\0\0\x9c\x1f\0\0\x12\0\0\0\0\0\0\0\
\xa4\x1f\0\0\xe3\0\0\0\x40\0\0\0\xab\x1f\0\0\x01\0\0\x04\x10\0\0\0\xbb\x1f\0\0\
\xe4\0\0\0\0\0\0\0\xc3\x1f\0\0\x02\0\0\x04\x10\0\0\0\xbb\x1f\0\0\xe5\0\0\0\0\0\
\0\0\xd2\x1f\0\0\x97\0\0\0\x40\0\0\0\xbb\x1f\0\0\x01\0\0\x04\x08\0\0\0\xe2\x17\
\0\0\x97\0\0\0\0\0\0\0\0\0\0\0\0\0\0\x03\0\0\0\0\xe2\0\0\0\x04\0\0\0\x03\0\0\0\
\x6f\x0f\0\0\x03\0\0\x04\x38\0\0\0\xde\x1f\0\0\x6d\0\0\0\0\0\0\0\xd3\x08\0\0\
\x6b\0\0\0\x80\0\0\0\xe3\x1f\0\0\x10\0\0\0\x80\x01\0\0\0\0\0\0\0\0\0\x02\xe9\0\
\0\0\0\0\0\0\0\0\0\x0a\xea\0\0\0\x9b\x0f\0\0\x1a\0\0\x04\xb8\0\0\0\xdf\x09\0\0\
\x5f\0\0\0\0\0\0\0\xed\x1f\0\0\xeb\0\0\0\x40\0\0\0\xf1\x1f\0\0\xef\0\0\0\x60\0\
\0\0\xf5\x1f\0\0\xeb\0\0\0\x80\0\0\0\xfa\x1f\0\0\xef\0\0\0\xa0\0\0\0\xff\x1f\0\
\0\xeb\0\0\0\xc0\0\0\0\x04\x20\0\0\xef\0\0\0\xe0\0\0\0\x09\x20\0\0\xeb\0\0\0\0\
\x01\0\0\x0f\x20\0\0\xef\0\0\0\x20\x01\0\0\x15\x20\0\0\x10\0\0\0\x40\x01\0\0\
\x20\x20\0\0\xf3\0\0\0\x80\x01\0\0\x30\x20\0\0\xf3\0\0\0\xc0\x01\0\0\x3e\x20\0\
\0\xf3\0\0\0\0\x02\0\0\x4c\x20\0\0\xf3\0\0\0\x40\x02\0\0\x55\x20\0\0\xf3\0\0\0\
\x80\x02\0\0\x61\x20\0\0\x37\0\0\0\xc0\x02\0\0\x6d\x20\0\0\xf5\0\0\0\0\x03\0\0\
\x7d\x20\0\0\xf5\0\0\0\x40\x03\0\0\x8d\x20\0\0\xf5\0\0\0\x80\x03\0\0\x9c\x20\0\
\0\xf5\0\0\0\xc0\x03\0\0\x03\x16\0\0\x2b\0\0\0\0\x04\0\0\xad\x20\0\0\xf6\0\0\0\
\x40\x04\0\0\x48\x06\0\0\x7d\0\0\0\x80\x04\0\0\xb2\x20\0\0\xf7\0\0\0\xc0\x04\0\
\0\xba\x20\0\0\xf8\0\0\0\0\x05\0\0\0\0\0\0\xf9\0\0\0\x40\x05\0\0\xc5\x20\0\0\0\
\0\0\x08\xec\0\0\0\0\0\0\0\x01\0\0\x04\x04\0\0\0\xcd\x07\0\0\xed\0\0\0\0\0\0\0\
\xcc\x20\0\0\0\0\0\x08\xee\0\0\0\xd2\x20\0\0\0\0\0\x08\x10\0\0\0\xe3\x20\0\0\0\
\0\0\x08\xf0\0\0\0\0\0\0\0\x01\0\0\x04\x04\0\0\0\xcd\x07\0\0\xf1\0\0\0\0\0\0\0\
\xea\x20\0\0\0\0\0\x08\xf2\0\0\0\xf0\x20\0\0\0\0\0\x08\x10\0\0\0\x01\x21\0\0\0\
\0\0\x08\xf4\0\0\0\0\0\0\0\x01\0\0\x04\x08\0\0\0\xcd\x07\0\0\x12\0\0\0\0\0\0\0\
\0\0\0\0\0\0\0\x02\xc5\x01\0\0\0\0\0\0\0\0\0\x02\xbc\x01\0\0\0\0\0\0\0\0\0\x02\
\xb3\x01\0\0\0\0\0\0\0\0\0\x02\xc6\x01\0\0\0\0\0\0\x02\0\0\x05\x10\0\0\0\x0e\
\x21\0\0\x02\0\0\0\0\0\0\0\x98\x15\0\0\x6d\0\0\0\0\0\0\0\0\0\0\0\0\0\0\x02\xde\
\x01\0\0\x16\x21\0\0\x01\0\0\x04\x08\0\0\0\x1f\x21\0\0\xfc\0\0\0\0\0\0\0\0\0\0\
\0\0\0\0\x02\xdf\x01\0\0\x29\x21\0\0\x01\0\0\x04\x10\0\0\0\x32\x21\0\0\x27\0\0\
\0\0\0\0\0\0\0\0\0\0\0\0\x02\xc8\x01\0\0\0\0\0\0\0\0\0\x02\xe0\x01\0\0\0\0\0\0\
\0\0\0\x02\xe1\x01\0\0\0\0\0\0\0\0\0\x02\xb1\x01\0\0\0\0\0\0\0\0\0\x02\xda\x01\
\0\0\0\0\0\0\0\0\0\x02\xe4\x01\0\0\x3c\x21\0\0\0\0\0\x08\x05\x01\0\0\0\0\0\0\
\x01\0\0\x04\x08\0\0\0\x45\x21\0\0\x06\x01\0\0\0\0\0\0\0\0\0\0\0\0\0\x03\0\0\0\
\0\x34\0\0\0\x04\0\0\0\x01\0\0\0\x49\x21\0\0\x02\0\0\x04\x18\0\0\0\x52\x01\0\0\
\x27\0\0\0\0\0\0\0\x11\x10\0\0\x04\x01\0\0\x80\0\0\0\x54\x21\0\0\0\0\0\x08\x09\
\x01\0\0\x5b\x21\0\0\0\0\0\x08\x0a\x01\0\0\x6b\x21\0\0\0\0\0\x08\x34\0\0\0\0\0\
\0\0\0\0\0\x02\xe5\x01\0\0\x92\x10\0\0\x03\0\0\x04\x10\0\0\0\x7c\x21\0\0\x02\0\
\0\0\0\0\0\0\x81\x21\0\0\x45\0\0\0\x20\0\0\0\x8e\x21\0\0\x0d\x01\0\0\x40\0\0\0\
\0\0\0\0\0\0\0\x02\xe6\x01\0\0\x95\x21\0\0\0\0\0\x04\0\0\0\0\xab\x21\0\0\x01\0\
\0\x04\x08\0\0\0\xec\x01\0\0\x10\x01\0\0\0\0\0\0\0\0\0\0\0\0\0\x02\x0f\x01\0\0\
\0\0\0\0\0\0\0\x02\xe7\x01\0\0\0\0\0\0\0\0\0\x02\x6b\0\0\0\0\0\0\0\0\0\0\x02\
\xcb\x01\0\0\0\0\0\0\0\0\0\x02\xe2\x01\0\0\0\0\0\0\0\0\0\x02\xe8\x01\0\0\0\0\0\
\0\0\0\0\x02\xca\x01\0\0\0\0\0\0\0\0\0\x02\xe9\x01\0\0\0\0\0\0\0\0\0\x02\x19\
\x01\0\0\xb7\x21\0\0\0\0\0\x08\xea\x01\0\0\xc8\x21\0\0\x07\0\0\x04\x38\0\0\0\
\xdb\x21\0\0\x12\0\0\0\0\0\0\0\xe1\x21\0\0\x12\0\0\0\x40\0\0\0\xe7\x21\0\0\x12\
\0\0\0\x80\0\0\0\xed\x21\0\0\x12\0\0\0\xc0\0\0\0\xf3\x21\0\0\x12\0\0\0\0\x01\0\
\0\xfe\x21\0\0\x12\0\0\0\x40\x01\0\0\x0a\x22\0\0\x12\0\0\0\x80\x01\0\0\x20\x22\
\0\0\0\0\0\x08\x1c\x01\0\0\0\0\0\0\x01\0\0\x04\x08\0\0\0\x97\x1d\0\0\x06\x01\0\
\0\0\0\0\0\x2b\x22\0\0\0\0\0\x08\x1e\x01\0\0\x3f\x22\0\0\x01\0\0\x04\x04\0\0\0\
\xc1\x08\0\0\x69\0\0\0\0\0\0\0\0\0\0\0\0\0\0\x02\xc7\x01\0\0\0\0\0\0\0\0\0\x02\
\xeb\x01\0\0\0\0\0\0\0\0\0\x02\xec\x01\0\0\0\0\0\0\0\0\0\x02\xed\x01\0\0\0\0\0\
\0\0\0\0\x03\0\0\0\0\x51\0\0\0\x04\0\0\0\x04\0\0\0\0\0\0\0\0\0\0\x02\xd0\x01\0\
\0\0\0\0\0\0\0\0\x02\xee\x01\0\0\0\0\0\0\0\0\0\x02\xbb\x01\0\0\x51\x22\0\0\0\0\
\0\x01\x02\0\0\0\x10\0\0\x01\0\0\0\0\0\0\0\x02\xef\x01\0\0\0\0\0\0\0\0\0\x02\
\x34\0\0\0\0\0\0\0\0\0\0\x03\0\0\0\0\x34\0\0\0\x04\0\0\0\x03\0\0\0\0\0\0\0\0\0\
\0\x02\xf0\x01\0\0\x57\x22\0\0\x03\0\0\x04\x02\0\0\0\x6c\x22\0\0\x2d\x01\0\0\0\
\0\0\0\x71\x22\0\0\xb0\0\0\0\0\0\0\0\x80\x22\0\0\xb0\0\0\0\x08\0\0\0\x89\x22\0\
\0\0\0\0\x04\0\0\0\0\0\0\0\0\0\0\0\x02\xc2\x01\0\0\xa3\x22\0\0\x03\0\0\x04\x10\
\0\0\0\xad\x22\0\0\x30\x01\0\0\0\0\0\0\xb2\x22\0\0\x0f\0\0\0\x40\0\0\0\xb9\x22\
\0\0\x0f\0\0\0\x60\0\0\0\0\0\0\0\0\0\0\x02\xb8\x01\0\0\0\0\0\0\0\0\0\x02\xf1\
\x01\0\0\x7d\x14\0\0\x04\0\0\x04\x78\0\0\0\xbe\x22\0\0\x33\x01\0\0\0\0\0\0\x75\
\x08\0\0\x10\0\0\0\0\x03\0\0\x5e\x1e\0\0\x34\0\0\0\x40\x03\0\0\xc8\x22\0\0\x34\
\0\0\0\x80\x03\0\0\0\0\0\0\0\0\0\x03\0\0\0\0\x34\0\0\0\x04\0\0\0\x0c\0\0\0\0\0\
\0\0\0\0\0\x03\0\0\0\0\x32\x01\0\0\x04\0\0\0\x20\0\0\0\0\0\0\0\0\0\0\x02\xbd\
\x01\0\0\0\0\0\0\0\0\0\x02\xc9\x01\0\0\0\0\0\0\0\0\0\x02\xf2\x01\0\0\x8e\x15\0\
\0\0\0\0\x04\0\0\0\0\xcc\x22\0\0\x04\0\0\x04\x28\0\0\0\x86\x09\0\0\xd9\0\0\0\0\
\0\0\0\x0b\x1a\0\0\x34\0\0\0\x80\0\0\0\xd6\x19\0\0\x3a\x01\0\0\xc0\0\0\0\x25\
\x06\0\0\x0e\0\0\0\0\x01\0\0\0\0\0\0\0\0\0\x02\x3b\x01\0\0\0\0\0\0\x01\0\0\x0d\
\0\0\0\0\0\0\0\0\x3c\x01\0\0\0\0\0\0\0\0\0\x02\x39\x01\0\0\0\0\0\0\0\0\0\x02\
\xc1\x01\0\0\0\0\0\0\0\0\0\x02\xbf\x01\0\0\0\0\0\0\0\0\0\x02\xf3\x01\0\0\0\0\0\
\0\0\0\0\x02\xf4\x01\0\0\xd7\x22\0\0\x01\0\0\x04\x08\0\0\0\x7f\x1d\0\0\x92\0\0\
\0\0\0\0\0\xe2\x22\0\0\x02\0\0\x05\x08\0\0\0\xf2\x22\0\0\x43\x01\0\0\0\0\0\0\
\xf9\x22\0\0\x44\x01\0\0\0\0\0\0\x01\x23\0\0\x02\0\0\x04\x08\0\0\0\x0c\x23\0\0\
\xb0\0\0\0\0\0\0\0\x17\x23\0\0\x10\0\0\0\x20\0\0\0\x22\x23\0\0\0\0\0\x04\0\0\0\
\0\0\0\0\0\0\0\0\x03\0\0\0\0\x42\x01\0\0\x04\0\0\0\x02\0\0\0\0\0\0\0\0\0\0\x02\
\xf5\x01\0\0\x2e\x23\0\0\x14\0\0\x04\x90\x06\0\0\x3c\x23\0\0\x48\x01\0\0\0\0\0\
\0\x48\x23\0\0\x49\x01\0\0\x80\x03\0\0\x4b\x23\0\0\x4e\x01\0\0\0\x15\0\0\x53\
\x23\0\0\x10\0\0\0\x20\x15\0\0\x5e\x23\0\0\x2b\0\0\0\x40\x15\0\0\x68\x23\0\0\
\x2b\0\0\0\x80\x15\0\0\x72\x23\0\0\x4f\x01\0\0\xc0\x15\0\0\x75\x23\0\0\x4f\x01\
\0\0\0\x16\0\0\x7f\x23\0\0\x34\0\0\0\x40\x16\0\0\x8d\x23\0\0\x34\0\0\0\x80\x16\
\0\0\x98\x23\0\0\x50\x01\0\0\xc0\x16\0\0\x9e\x23\0\0\x4a\x01\0\0\x80\x1f\0\0\
\xb2\x23\0\0\x10\0\0\0\0\x30\0\0\xc4\x23\0\0\xa5\x01\0\0\x40\x30\0\0\xce\x23\0\
\0\xa7\x01\0\0\xc0\x32\0\0\xda\x23\0\0\x12\0\0\0\x40\x33\0\0\xe3\x23\0\0\x12\0\
\0\0\x80\x33\0\0\xee\x23\0\0\x12\0\0\0\xc0\x33\0\0\xf3\x23\0\0\x12\0\0\0\0\x34\
\0\0\xfe\x23\0\0\x12\0\0\0\x40\x34\0\0\x3c\x23\0\0\x0d\0\0\x04\x68\0\0\0\x06\
\x24\0\0\x34\0\0\0\0\0\0\0\x0a\x24\0\0\x34\0\0\0\x40\0\0\0\x0e\x24\0\0\x34\0\0\
\0\x80\0\0\0\x12\x24\0\0\x34\0\0\0\xc0\0\0\0\x16\x24\0\0\x34\0\0\0\0\x01\0\0\
\x1a\x24\0\0\x34\0\0\0\x40\x01\0\0\x1e\x24\0\0\x34\0\0\0\x80\x01\0\0\x22\x24\0\
\0\x34\0\0\0\xc0\x01\0\0\x26\x24\0\0\x34\0\0\0\0\x02\0\0\x2a\x24\0\0\x34\0\0\0\
\x40\x02\0\0\x1c\x01\0\0\x34\0\0\0\x80\x02\0\0\xdf\0\0\0\x34\0\0\0\xc0\x02\0\0\
\xe2\0\0\0\x34\0\0\0\0\x03\0\0\0\0\0\0\x05\0\0\x04\x30\x02\0\0\x2e\x24\0\0\x34\
\0\0\0\0\0\0\0\x37\x24\0\0\x34\0\0\0\x40\0\0\0\x41\x24\0\0\x12\0\0\0\x80\0\0\0\
\x46\x24\0\0\x34\0\0\0\xc0\0\0\0\x4a\x24\0\0\x4a\x01\0\0\0\x01\0\0\x57\x24\0\0\
\x04\0\0\x04\x10\x02\0\0\x69\x24\0\0\x4c\x01\0\0\0\0\0\0\x6f\x24\0\0\x0f\0\0\0\
\0\x10\0\0\x74\x24\0\0\x0f\0\0\0\x20\x10\0\0\x79\x24\0\0\x4d\x01\0\0\x40\x10\0\
\0\x84\x24\0\0\0\0\0\x01\x10\0\0\0\x80\0\0\0\0\0\0\0\0\0\0\x03\0\0\0\0\x4b\x01\
\0\0\x04\0\0\0\x20\0\0\0\0\0\0\0\0\0\0\x03\0\0\0\0\x0f\0\0\0\x04\0\0\0\x02\0\0\
\0\x4b\x23\0\0\x03\0\0\x06\x04\0\0\0\x96\x24\0\0\0\0\0\0\xa7\x24\0\0\x01\0\0\0\
\xb7\x24\0\0\x02\0\0\0\0\0\0\0\0\0\0\x03\0\0\0\0\x10\0\0\0\x04\0\0\0\x02\0\0\0\
\xc4\x24\0\0\x05\0\0\x04\x10\x01\0\0\xcf\x24\0\0\x02\0\0\0\0\0\0\0\xde\x24\0\0\
\x02\0\0\0\x20\0\0\0\xeb\x24\0\0\x02\0\0\0\x40\0\0\0\xf8\x24\0\0\xa4\x01\0\0\
\x80\0\0\0\x02\x25\0\0\xa4\x01\0\0\x80\x04\0\0\0\0\0\0\0\0\0\x02\x52\x01\0\0\
\x0c\x25\0\0\x4e\0\0\x04\x40\x05\0\0\x17\x25\0\0\x27\0\0\0\0\0\0\0\x23\x25\0\0\
\x27\0\0\0\x80\0\0\0\x30\x25\0\0\x27\0\0\0\0\x01\0\0\x1c\x17\0\0\x96\0\0\0\x80\
\x01\0\0\x3c\x25\0\0\x12\0\0\0\x40\x02\0\0\x48\x25\0\0\x27\0\0\0\x80\x02\0\0\
\x56\x25\0\0\xd9\0\0\0\0\x03\0\0\x62\x25\0\0\x27\0\0\0\x80\x03\0\0\x6f\x25\0\0\
\x02\0\0\0\0\x04\0\0\x7b\x25\0\0\x02\0\0\0\x20\x04\0\0\x86\x25\0\0\x02\0\0\0\
\x40\x04\0\0\x91\x25\0\0\x10\0\0\0\x60\x04\0\0\x7a\x0e\0\0\x51\x01\0\0\x80\x04\
\0\0\xa2\x25\0\0\x53\x01\0\0\xc0\x04\0\0\xa6\x25\0\0\x2b\0\0\0\0\x05\0\0\xa5\
\x01\0\0\x54\x01\0\0\x40\x05\0\0\xb2\x25\0\0\x10\0\0\0\x60\x05\0\0\x75\x08\0\0\
\x55\x01\0\0\x80\x05\0\0\xbf\x25\0\0\x60\0\0\0\xc0\x05\0\0\xcb\x25\0\0\x12\0\0\
\0\0\x06\0\0\xde\x25\0\0\x12\0\0\0\x40\x06\0\0\xf1\x25\0\0\x12\0\0\0\x80\x06\0\
\0\xf8\x25\0\0\x59\x01\0\0\xc0\x06\0\0\xfd\x25\0\0\x54\0\0\0\0\x0b\0\0\x09\x26\
\0\0\x54\0\0\0\x10\x0b\0\0\x18\x26\0\0\x54\0\0\0\x20\x0b\0\0\x22\x26\0\0\x60\
\x01\0\0\x40\x0b\0\0\x22\x01\0\0\x24\x01\0\0\xc0\x11\0\0\x25\x26\0\0\x73\x01\0\
\0\0\x12\0\0\x2d\x26\0\0\x5f\0\0\0\x40\x12\0\0\x36\x26\0\0\x60\0\0\0\x80\x12\0\
\0\x4f\x26\0\0\x60\0\0\0\xc0\x12\0\0\x68\x26\0\0\x6b\0\0\0\0\x13\0\0\x74\x26\0\
\0\x27\0\0\0\0\x14\0\0\x60\x01\0\0\x51\x01\0\0\x80\x14\0\0\x7f\x26\0\0\x02\0\0\
\0\xc0\x14\0\0\x44\x02\0\0\x02\0\0\0\xe0\x14\0\0\x85\x26\0\0\x27\0\0\0\0\x15\0\
\0\x42\x06\0\0\x68\0\0\0\x80\x15\0\0\x91\x26\0\0\x6b\0\0\0\xc0\x15\0\0\x9c\x26\
\0\0\x45\0\0\0\xc0\x16\0\0\xa7\x26\0\0\x74\x01\0\0\0\x17\0\0\xaa\x26\0\0\x27\0\
\0\0\x40\x17\0\0\xb3\x26\0\0\x34\0\0\0\xc0\x17\0\0\xbf\x26\0\0\x02\0\0\0\0\x18\
\0\0\xcb\x26\0\0\x75\x01\0\0\x40\x18\0\0\xd1\x26\0\0\x77\x01\0\0\0\x19\0\0\xd8\
\x26\0\0\x10\0\0\0\x40\x19\0\0\xe7\x26\0\0\x10\0\0\0\x60\x19\0\0\xf4\x26\0\0\
\x10\0\0\0\x80\x19\0\0\x04\x27\0\0\x34\0\0\0\xc0\x19\0\0\x11\x27\0\0\x78\x01\0\
\0\0\x1a\0\0\x1d\x27\0\0\x78\x01\0\0\0\x1b\0\0\x31\x27\0\0\x6d\0\0\0\0\x1c\0\0\
\x3e\x27\0\0\x10\0\0\0\x80\x1c\0\0\x4b\x27\0\0\x45\0\0\0\xa0\x1c\0\0\x57\x27\0\
\0\x7c\x01\0\0\xc0\x1c\0\0\x64\x27\0\0\x7d\x01\0\0\x80\x1d\0\0\x77\x27\0\0\x34\
\0\0\0\xc0\x1d\0\0\x88\x27\0\0\x51\x01\0\0\0\x1e\0\0\x92\x27\0\0\x7e\x01\0\0\
\x40\x1e\0\0\xd9\x08\0\0\x6d\0\0\0\x80\x1e\0\0\x9a\x27\0\0\x80\x01\0\0\0\x1f\0\
\0\x21\x09\0\0\x12\0\0\0\x40\x1f\0\0\x9d\x27\0\0\x60\0\0\0\x80\x1f\0\0\xaa\x27\
\0\0\x81\x01\0\0\xc0\x1f\0\0\xb0\x27\0\0\x83\x01\0\0\0\x20\0\0\xc1\x27\0\0\x2b\
\0\0\0\x40\x20\0\0\xda\x27\0\0\x92\x01\0\0\x80\x20\0\0\xdf\x27\0\0\x12\0\0\0\
\xc0\x20\0\0\xea\x27\0\0\x93\x01\0\0\0\x21\0\0\x8e\x21\0\0\x94\x01\0\0\x40\x21\
\0\0\xf3\x27\0\0\x95\x01\0\0\x80\x21\0\0\xfe\x27\0\0\xa3\x01\0\0\x40\x28\0\0\
\x03\x16\0\0\x2b\0\0\0\x80\x28\0\0\x03\x28\0\0\x27\0\0\0\xc0\x28\0\0\x0b\x28\0\
\0\x27\0\0\0\x40\x29\0\0\x14\x28\0\0\x0e\0\0\0\xc0\x29\0\0\0\0\0\0\0\0\0\x02\
\xce\x01\0\0\x1e\x28\0\0\x07\0\0\x86\x04\0\0\0\x2f\x28\0\0\xfb\xff\xff\xff\x45\
\x28\0\0\xfc\xff\xff\xff\x5e\x28\0\0\xfd\xff\xff\xff\x74\x28\0\0\xfe\xff\xff\
\xff\x8b\x28\0\0\xff\xff\xff\xff\xa0\x28\0\0\0\0\0\0\xba\x28\0\0\x01\0\0\0\xd2\
\x28\0\0\0\0\0\x08\x56\x01\0\0\0\0\0\0\x01\0\0\x04\x08\0\0\0\xdc\x28\0\0\x57\
\x01\0\0\0\0\0\0\xde\x28\0\0\0\0\0\x08\x58\x01\0\0\0\0\0\0\x01\0\0\x04\x08\0\0\
\0\xdc\x28\0\0\x5f\0\0\0\0\0\0\0\xe6\x28\0\0\x3c\0\0\x84\x88\0\0\0\x19\0\0\0\
\x0f\0\0\0\0\0\0\0\xb9\x22\0\0\x0f\0\0\0\x20\0\0\0\xf6\x28\0\0\x13\0\0\0\x40\0\
\0\0\0\0\0\0\x5a\x01\0\0\x80\0\0\0\xfd\x28\0\0\x13\0\0\0\xc0\0\0\0\x09\x29\0\0\
\x13\0\0\0\0\x01\0\0\x15\x29\0\0\x13\0\0\0\x40\x01\0\x01\x1e\x29\0\0\x13\0\0\0\
\x41\x01\0\x01\x2c\x09\0\0\x13\0\0\0\x42\x01\0\x01\x26\x29\0\0\x13\0\0\0\x43\
\x01\0\x01\x30\x29\0\0\x13\0\0\0\x44\x01\0\x01\x3d\x29\0\0\x13\0\0\0\x45\x01\0\
\x01\x4c\x29\0\0\x13\0\0\0\x46\x01\0\x01\x57\x29\0\0\x13\0\0\0\x47\x01\0\x01\
\x64\x29\0\0\x13\0\0\0\x48\x01\0\x01\xb5\x0f\0\0\x13\0\0\0\x49\x01\0\x01\x69\
\x29\0\0\x13\0\0\0\x4a\x01\0\x01\x6e\x29\0\0\x13\0\0\0\x4b\x01\0\x01\x7b\x29\0\
\0\x13\0\0\0\x4c\x01\0\x01\xb1\x08\0\0\x13\0\0\0\x4d\x01\0\x01\x8a\x29\0\0\x13\
\0\0\0\x4e\x01\0\x01\x94\x29\0\0\x13\0\0\0\x4f\x01\0\x02\x9f\x29\0\0\x13\0\0\0\
\x51\x01\0\x01\xa9\x29\0\0\x13\0\0\0\x52\x01\0\x01\xb7\x29\0\0\x13\0\0\0\x53\
\x01\0\x01\xc4\x29\0\0\x13\0\0\0\x54\x01\0\x01\xd2\x29\0\0\x13\0\0\0\x55\x01\0\
\x01\xeb\x29\0\0\x13\0\0\0\x56\x01\0\x01\x02\x2a\0\0\x13\0\0\0\x57\x01\0\x01\
\x08\x2a\0\0\x13\0\0\0\x58\x01\0\x01\x12\x2a\0\0\x13\0\0\0\x59\x01\0\x01\x1e\
\x2a\0\0\x13\0\0\0\x5a\x01\0\x01\x2d\x2a\0\0\x13\0\0\0\x5b\x01\0\x01\x3c\x2a\0\
\0\x13\0\0\0\x5c\x01\0\x01\x47\x2a\0\0\x13\0\0\0\x5d\x01\0\x01\x4f\x2a\0\0\x13\
\0\0\0\x5e\x01\0\x01\x59\x2a\0\0\x13\0\0\0\x5f\x01\0\x01\x64\x2a\0\0\x13\0\0\0\
\x60\x01\0\x01\x6b\x2a\0\0\x13\0\0\0\x61\x01\0\x01\x75\x2a\0\0\x13\0\0\0\x62\
\x01\0\x01\x7e\x2a\0\0\x13\0\0\0\x63\x01\0\x01\x8d\x2a\0\0\x13\0\0\0\x64\x01\0\
\x01\x9c\x2a\0\0\x13\0\0\0\x65\x01\0\x01\xa4\x2a\0\0\x13\0\0\0\x66\x01\0\x1a\0\
\0\0\0\x5b\x01\0\0\x80\x01\0\0\xb1\x2a\0\0\x0f\0\0\0\xa0\x01\0\0\0\0\0\0\x5c\
\x01\0\0\xc0\x01\0\0\0\0\0\0\x5d\x01\0\0\0\x02\0\0\xb9\x2a\0\0\x13\0\0\0\x40\
\x02\0\0\xcc\x2a\0\0\x13\0\0\0\x80\x02\0\0\xdd\x2a\0\0\x0f\0\0\0\xc0\x02\0\0\
\x6a\x1e\0\0\x1f\0\0\0\xe0\x02\0\0\xef\x2a\0\0\x13\0\0\0\0\x03\0\0\0\x2b\0\0\
\x0f\0\0\0\x40\x03\0\0\x0e\x2b\0\0\x55\0\0\0\x60\x03\0\0\x1f\x2b\0\0\x55\0\0\0\
\x70\x03\0\0\x2c\x2b\0\0\x0f\0\0\0\x80\x03\0\0\0\0\0\0\x5e\x01\0\0\xa0\x03\0\0\
\x3c\x2b\0\0\x13\0\0\0\xc0\x03\0\0\x45\x2b\0\0\x13\0\0\0\0\x04\0\0\0\0\0\0\x02\
\0\0\x05\x08\0\0\0\x4d\x2b\0\0\x13\0\0\0\0\0\0\0\x5b\x2b\0\0\x13\0\0\0\0\0\0\0\
\0\0\0\0\x02\0\0\x05\x04\0\0\0\x67\x2b\0\0\x0f\0\0\0\0\0\0\0\x75\x2b\0\0\x0f\0\
\0\0\0\0\0\0\0\0\0\0\x04\0\0\x05\x08\0\0\0\x86\x2b\0\0\x13\0\0\0\0\0\0\0\x8e\
\x2b\0\0\x13\0\0\0\0\0\0\0\x9a\x2b\0\0\x13\0\0\0\0\0\0\0\xa6\x2b\0\0\x13\0\0\0\
\0\0\0\0\0\0\0\0\x04\0\0\x05\x08\0\0\0\xae\x2b\0\0\x13\0\0\0\0\0\0\0\xb5\x2b\0\
\0\x13\0\0\0\0\0\0\0\xc1\x2b\0\0\x13\0\0\0\0\0\0\0\xce\x2b\0\0\x13\0\0\0\0\0\0\
\0\0\0\0\0\x02\0\0\x05\x04\0\0\0\xd6\x2b\0\0\x0f\0\0\0\0\0\0\0\0\0\0\0\x5f\x01\
\0\0\0\0\0\0\0\0\0\0\x04\0\0\x84\x04\0\0\0\xe1\x2b\0\0\x0f\0\0\0\0\0\0\x01\xf2\
\x2b\0\0\x0f\0\0\0\x01\0\0\x01\xfc\x2b\0\0\x0f\0\0\0\x02\0\0\x01\x07\x2c\0\0\
\x0f\0\0\0\x03\0\0\x1d\x14\x2c\0\0\x0c\0\0\x04\xd0\0\0\0\0\0\0\0\x61\x01\0\0\0\
\0\0\0\x22\x2c\0\0\x68\0\0\0\x80\x03\0\0\x57\x27\0\0\x2b\0\0\0\xc0\x03\0\0\x77\
\x27\0\0\x34\0\0\0\0\x04\0\0\xa5\x01\0\0\x02\0\0\0\x40\x04\0\0\x29\x2c\0\0\x55\
\x01\0\0\x80\x04\0\0\x4d\x2b\0\0\x12\0\0\0\xc0\x04\0\0\0\0\0\0\x70\x01\0\0\0\
\x05\0\0\x34\x2c\0\0\x12\0\0\0\x80\x05\0\0\x43\x2c\0\0\x12\0\0\0\xc0\x05\0\0\
\x4e\x2c\0\0\x12\0\0\0\0\x06\0\0\x5e\x2c\0\0\x12\0\0\0\x40\x06\0\0\0\0\0\0\x07\
\0\0\x05\x70\0\0\0\0\0\0\0\x62\x01\0\0\0\0\0\0\0\0\0\0\x64\x01\0\0\0\0\0\0\0\0\
\0\0\x65\x01\0\0\0\0\0\0\0\0\0\0\x66\x01\0\0\0\0\0\0\0\0\0\0\x67\x01\0\0\0\0\0\
\0\0\0\0\0\x68\x01\0\0\0\0\0\0\0\0\0\0\x6f\x01\0\0\0\0\0\0\0\0\0\0\x0c\0\0\x04\
\x70\0\0\0\xf6\x28\0\0\x12\0\0\0\0\0\0\0\xa6\x2b\0\0\x12\0\0\0\x40\0\0\0\x6f\
\x2c\0\0\x12\0\0\0\x80\0\0\0\x78\x2c\0\0\x12\0\0\0\xc0\0\0\0\x87\x2c\0\0\x34\0\
\0\0\0\x01\0\0\x93\x2c\0\0\x34\0\0\0\x40\x01\0\0\x9e\x2c\0\0\x02\0\0\0\x80\x01\
\0\0\xaf\x2c\0\0\x02\0\0\0\xa0\x01\0\0\xb3\x2c\0\0\x02\0\0\0\xc0\x01\0\0\x25\
\x06\0\0\x02\0\0\0\xe0\x01\0\0\xbc\x2c\0\0\x63\x01\0\0\0\x02\0\0\xc6\x2c\0\0\
\x63\x01\0\0\xc0\x02\0\0\xd1\x2c\0\0\x04\0\0\x04\x18\0\0\0\xf6\x28\0\0\x12\0\0\
\0\0\0\0\0\xe5\x2c\0\0\x10\0\0\0\x40\0\0\0\xe9\x2c\0\0\x02\0\0\0\x60\0\0\0\xaf\
\x2c\0\0\x02\0\0\0\x80\0\0\0\0\0\0\0\x02\0\0\x04\x10\0\0\0\xef\x2c\0\0\x12\0\0\
\0\0\0\0\0\xfa\x2c\0\0\x10\0\0\0\x40\0\0\0\0\0\0\0\x01\0\0\x04\x40\0\0\0\xbc\
\x19\0\0\x9f\0\0\0\0\0\0\0\0\0\0\0\x01\0\0\x04\x10\0\0\0\x05\x2d\0\0\x27\0\0\0\
\0\0\0\0\0\0\0\0\x02\0\0\x04\x10\0\0\0\x0d\x2d\0\0\x12\0\0\0\0\0\0\0\x15\x2d\0\
\0\x12\0\0\0\x40\0\0\0\0\0\0\0\x02\0\0\x04\x28\0\0\0\x1a\x2d\0\0\x69\x01\0\0\0\
\0\0\0\x1f\x2d\0\0\x6b\x01\0\0\xc0\0\0\0\x27\x2d\0\0\x03\0\0\x04\x18\0\0\0\x4a\
\x01\0\0\x12\0\0\0\0\0\0\0\x3a\x2d\0\0\x12\0\0\0\x40\0\0\0\x42\x2d\0\0\x6a\x01\
\0\0\x80\0\0\0\x47\x2d\0\0\x05\0\0\x84\x04\0\0\0\x79\x24\0\0\x0e\0\0\0\0\0\0\
\x13\x5f\x2d\0\0\x0e\0\0\0\x13\0\0\x08\x19\0\0\0\x0e\0\0\0\x1b\0\0\x02\x63\x2d\
\0\0\x0e\0\0\0\x1d\0\0\x02\x6d\x2d\0\0\x0e\0\0\0\x1f\0\0\x01\x75\x2d\0\0\x02\0\
\0\x04\x10\0\0\0\x81\x2d\0\0\x6c\x01\0\0\0\0\0\0\xec\x01\0\0\x6e\x01\0\0\x40\0\
\0\0\x87\x2d\0\0\x01\0\0\x04\x08\0\0\0\xec\x01\0\0\x6d\x01\0\0\0\0\0\0\0\0\0\0\
\0\0\0\x02\x6c\x01\0\0\0\0\0\0\0\0\0\x02\x6b\x01\0\0\0\0\0\0\x05\0\0\x04\x18\0\
\0\0\x92\x2d\0\0\x51\0\0\0\0\0\0\0\x9d\x2d\0\0\x51\0\0\0\x08\0\0\0\xa8\x2d\0\0\
\x54\0\0\0\x10\0\0\0\xb0\x2d\0\0\x12\0\0\0\x40\0\0\0\xb5\x2d\0\0\x12\0\0\0\x80\
\0\0\0\0\0\0\0\x02\0\0\x05\x10\0\0\0\0\0\0\0\x71\x01\0\0\0\0\0\0\0\0\0\0\x72\
\x01\0\0\0\0\0\0\0\0\0\0\x02\0\0\x04\x10\0\0\0\xbb\x2d\0\0\x12\0\0\0\0\0\0\0\
\xc7\x2d\0\0\x55\x01\0\0\x40\0\0\0\0\0\0\0\x02\0\0\x04\x10\0\0\0\xd3\x2d\0\0\
\x12\0\0\0\0\0\0\0\xe0\x2d\0\0\x12\0\0\0\x40\0\0\0\0\0\0\0\0\0\0\x02\xcf\x01\0\
\0\0\0\0\0\0\0\0\x02\xd1\x01\0\0\xec\x2d\0\0\0\0\0\x08\x76\x01\0\0\xfe\x2d\0\0\
\x02\0\0\x04\x18\0\0\0\x06\x09\0\0\x49\0\0\0\0\0\0\0\x0e\x2e\0\0\x27\0\0\0\x40\
\0\0\0\0\0\0\0\0\0\0\x02\xc3\x01\0\0\x13\x2e\0\0\x03\0\0\x04\x20\0\0\0\xc4\x19\
\0\0\x90\0\0\0\0\0\0\0\xe7\x08\0\0\x79\x01\0\0\x80\0\0\0\x1c\x2e\0\0\x67\0\0\0\
\xc0\0\0\0\0\0\0\0\0\0\0\x02\x7a\x01\0\0\0\0\0\0\x01\0\0\x0d\0\0\0\0\0\0\0\0\
\x7b\x01\0\0\0\0\0\0\0\0\0\x02\x78\x01\0\0\x24\x2e\0\0\x03\0\0\x04\x18\0\0\0\
\x52\x01\0\0\x27\0\0\0\0\0\0\0\x06\x09\0\0\x5e\0\0\0\x80\0\0\0\x3b\x2e\0\0\x10\
\0\0\0\xa0\0\0\0\0\0\0\0\0\0\0\x02\xd2\x01\0\0\0\0\0\0\0\0\0\x02\x7f\x01\0\0\0\
\0\0\0\x01\0\0\x0d\0\0\0\0\0\0\0\0\x51\x01\0\0\0\0\0\0\0\0\0\x02\xb7\x01\0\0\0\
\0\0\0\0\0\0\x02\x82\x01\0\0\0\0\0\0\0\0\0\x0d\x12\0\0\0\x4b\x2e\0\0\0\0\0\x08\
\x84\x01\0\0\0\0\0\0\0\0\0\x02\x85\x01\0\0\0\0\0\0\x03\0\0\x0d\0\0\0\0\0\0\0\0\
\x51\x01\0\0\0\0\0\0\x86\x01\0\0\0\0\0\0\x17\0\0\0\0\0\0\0\0\0\0\x02\x87\x01\0\
\0\x63\x2e\0\0\x1a\0\0\x04\0\x01\0\0\x74\x2e\0\0\x12\0\0\0\0\0\0\0\x81\x2e\0\0\
\x12\0\0\0\x40\0\0\0\x88\x2e\0\0\x12\0\0\0\x80\0\0\0\x19\0\0\0\x12\0\0\0\xc0\0\
\0\0\x91\x2e\0\0\x88\x01\0\0\0\x01\0\0\x5e\x1e\0\0\x12\0\0\0\x40\x01\0\0\x21\
\x09\0\0\x12\0\0\0\x80\x01\0\0\x9b\x2e\0\0\x89\x01\0\0\xc0\x01\0\0\xa5\x2e\0\0\
\x12\0\0\0\0\x02\0\0\xa8\x2e\0\0\x8a\x01\0\0\x40\x02\0\0\xb2\x2e\0\0\x8b\x01\0\
\0\x80\x02\0\0\xb6\x2e\0\0\x8c\x01\0\0\xc0\x02\0\0\xbf\x2e\0\0\x11\0\0\0\0\x03\
\0\0\xd0\x17\0\0\x8d\x01\0\0\x40\x03\0\0\xcd\x2e\0\0\x8f\x01\0\0\x80\x03\0\0\
\xd6\x2e\0\0\x12\0\0\0\xc0\x03\0\0\xda\x2e\0\0\x91\x01\0\0\0\x04\0\0\xe4\x2e\0\
\0\x91\x01\0\0\x80\x04\0\0\xee\x2e\0\0\x12\0\0\0\0\x05\0\0\xfe\x2e\0\0\x12\0\0\
\0\x40\x05\0\0\x64\x2a\0\0\x12\0\0\0\x80\x05\0\0\x08\x2f\0\0\x12\0\0\0\xc0\x05\
\0\0\x0d\x2f\0\0\x12\0\0\0\0\x06\0\0\x17\x2f\0\0\x12\0\0\0\x40\x06\0\0\x26\x2f\
\0\0\x12\0\0\0\x80\x06\0\0\x35\x2f\0\0\x12\0\0\0\xc0\x06\0\0\0\0\0\0\x02\0\0\
\x04\x08\0\0\0\x47\x0e\0\0\x0e\0\0\0\0\0\0\0\x3e\x2f\0\0\x0e\0\0\0\x20\0\0\0\0\
\0\0\0\x02\0\0\x04\x08\0\0\0\x44\x02\0\0\x0e\0\0\0\0\0\0\0\x42\x2f\0\0\x0e\0\0\
\0\x20\0\0\0\0\0\0\0\0\0\0\x02\xd3\x01\0\0\0\0\0\0\0\0\0\x02\xd4\x01\0\0\0\0\0\
\0\0\0\0\x02\xd5\x01\0\0\x4b\x2f\0\0\x02\0\0\x05\x08\0\0\0\x5e\x2f\0\0\x13\0\0\
\0\0\0\0\0\0\0\0\0\x8e\x01\0\0\0\0\0\0\0\0\0\0\x03\0\0\x04\x08\0\0\0\x63\x2f\0\
\0\x0f\0\0\0\0\0\0\0\x6b\x2f\0\0\x55\0\0\0\x20\0\0\0\x72\x2f\0\0\x55\0\0\0\x30\
\0\0\0\x79\x2f\0\0\x02\0\0\x05\x08\0\0\0\xcd\x07\0\0\x13\0\0\0\0\0\0\0\0\0\0\0\
\x90\x01\0\0\0\0\0\0\0\0\0\0\x0b\0\0\x84\x08\0\0\0\x8b\x2f\0\0\x13\0\0\0\0\0\0\
\x05\x92\x2f\0\0\x13\0\0\0\x05\0\0\x0e\x9a\x2f\0\0\x13\0\0\0\x13\0\0\x05\xa4\
\x2f\0\0\x13\0\0\0\x18\0\0\x02\xad\x2f\0\0\x13\0\0\0\x1a\0\0\x07\xb6\x2f\0\0\
\x13\0\0\0\x21\0\0\x04\xc2\x2f\0\0\x13\0\0\0\x25\0\0\x01\xcd\x2f\0\0\x13\0\0\0\
\x26\0\0\x02\xd8\x2f\0\0\x13\0\0\0\x28\0\0\x03\xe0\x2f\0\0\x13\0\0\0\x2b\0\0\
\x03\xe9\x2f\0\0\x13\0\0\0\x2e\0\0\x12\xf2\x2f\0\0\x02\0\0\x04\x10\0\0\0\xfc\
\x2f\0\0\x13\0\0\0\0\0\0\0\xda\0\0\0\x17\0\0\0\x40\0\0\0\0\0\0\0\0\0\0\x02\xba\
\x01\0\0\0\0\0\0\0\0\0\x02\xcc\x01\0\0\0\0\0\0\0\0\0\x02\xcd\x01\0\0\xf3\x27\0\
\0\x0f\0\0\x04\xd8\0\0\0\xe7\x08\0\0\x96\x01\0\0\0\0\0\0\xec\x01\0\0\x99\x01\0\
\0\x40\0\0\0\x25\x06\0\0\x34\0\0\0\x80\0\0\0\0\x30\0\0\x2b\0\0\0\xc0\0\0\0\x08\
\x30\0\0\x96\x01\0\0\0\x01\0\0\x13\x30\0\0\x9c\x01\0\0\x40\x01\0\0\x1e\x30\0\0\
\x9e\x01\0\0\xc0\x02\0\0\x28\x30\0\0\x9c\x01\0\0\0\x03\0\0\x31\x30\0\0\x34\0\0\
\0\x80\x04\0\0\x3c\x30\0\0\x34\0\0\0\xc0\x04\0\0\x52\x01\0\0\x27\0\0\0\0\x05\0\
\0\x4c\x30\0\0\x27\0\0\0\x80\x05\0\0\x57\x30\0\0\x9f\x01\0\0\0\x06\0\0\x60\x30\
\0\0\x99\x01\0\0\x40\x06\0\0\x68\x30\0\0\x34\0\0\0\x80\x06\0\0\x74\x30\0\0\0\0\
\0\x08\x97\x01\0\0\0\0\0\0\0\0\0\x02\x98\x01\0\0\0\0\0\0\x04\0\0\x0d\0\0\0\0\0\
\0\0\0\x34\0\0\0\0\0\0\0\x34\0\0\0\0\0\0\0\x99\x01\0\0\0\0\0\0\x9a\x01\0\0\0\0\
\0\0\0\0\0\x02\x95\x01\0\0\0\0\0\0\0\0\0\x02\x9b\x01\0\0\x82\x30\0\0\0\0\0\x04\
\0\0\0\0\x8e\x30\0\0\x03\0\0\x04\x30\0\0\0\x9e\x30\0\0\x9d\x01\0\0\0\0\0\0\xab\
\x30\0\0\x9d\x01\0\0\x40\0\0\0\xb7\x30\0\0\x6b\0\0\0\x80\0\0\0\0\0\0\0\0\0\0\
\x02\xc0\x01\0\0\0\0\0\0\0\0\0\x02\x9c\x01\0\0\xc2\x30\0\0\0\0\0\x08\xa0\x01\0\
\0\0\0\0\0\0\0\0\x02\xa1\x01\0\0\0\0\0\0\x02\0\0\x0d\x02\0\0\0\0\0\0\0\x99\x01\
\0\0\0\0\0\0\xa2\x01\0\0\xd4\x30\0\0\x03\0\0\x06\x04\0\0\0\xe3\x30\0\0\0\0\0\0\
\x0d\x31\0\0\x01\0\0\0\x37\x31\0\0\x02\0\0\0\0\0\0\0\0\0\0\x02\xd6\x01\0\0\0\0\
\0\0\0\0\0\x03\0\0\0\0\x51\x01\0\0\x04\0\0\0\x10\0\0\0\x62\x31\0\0\x05\0\0\x04\
\x50\0\0\0\x74\x31\0\0\xa6\x01\0\0\0\0\0\0\x79\x31\0\0\xa6\x01\0\0\x80\0\0\0\
\x7e\x31\0\0\xa6\x01\0\0\0\x01\0\0\x83\x31\0\0\xa6\x01\0\0\x80\x01\0\0\x88\x31\
\0\0\xa6\x01\0\0\0\x02\0\0\x8d\x31\0\0\x02\0\0\x04\x10\0\0\0\x99\x31\0\0\x34\0\
\0\0\0\0\0\0\x9c\x31\0\0\x34\0\0\0\x40\0\0\0\x9f\x31\0\0\x01\0\0\x04\x10\0\0\0\
\x74\x31\0\0\xa6\x01\0\0\0\0\0\0\xb3\x31\0\0\x01\0\0\x0c\x22\0\0\0\xbe\x31\0\0\
\x01\0\0\x0c\x22\0\0\0\0\0\0\0\0\0\0\x03\0\0\0\0\x2d\0\0\0\x04\0\0\0\x04\0\0\0\
\xd5\x31\0\0\0\0\0\x0e\xaa\x01\0\0\x01\0\0\0\xa2\x19\0\0\0\0\0\x07\0\0\0\0\xdd\
\x31\0\0\0\0\0\x07\0\0\0\0\xa4\x17\0\0\0\0\0\x07\0\0\0\0\xda\x13\0\0\0\0\0\x07\
\0\0\0\0\xe8\x31\0\0\0\0\0\x07\0\0\0\0\x09\x10\0\0\0\0\0\x07\0\0\0\0\xf6\x31\0\
\0\0\0\0\x07\0\0\0\0\xb2\x20\0\0\0\0\0\x07\0\0\0\0\x05\x32\0\0\0\0\0\x07\0\0\0\
\0\x64\x2a\0\0\0\0\0\x07\0\0\0\0\x10\x32\0\0\0\0\0\x07\0\0\0\0\x15\x32\0\0\0\0\
\0\x07\0\0\0\0\xad\x22\0\0\0\0\0\x07\0\0\0\0\x23\x32\0\0\0\0\0\x07\0\0\0\0\x36\
\x32\0\0\0\0\0\x07\0\0\0\0\xa6\x12\0\0\0\0\0\x07\0\0\0\0\x3f\x32\0\0\0\0\0\x07\
\0\0\0\0\x4b\x32\0\0\0\0\0\x07\0\0\0\0\x56\x32\0\0\0\0\0\x07\0\0\0\0\x61\x32\0\
\0\0\0\0\x07\0\0\0\0\x73\x32\0\0\0\0\0\x07\0\0\0\0\x7f\x32\0\0\0\0\0\x07\0\0\0\
\0\x89\x32\0\0\0\0\0\x07\0\0\0\0\x99\x32\0\0\0\0\0\x07\0\0\0\0\x47\x0e\0\0\0\0\
\0\x07\0\0\0\0\x65\0\0\0\0\0\0\x07\0\0\0\0\xba\x20\0\0\0\0\0\x07\0\0\0\0\xa7\
\x32\0\0\0\0\0\x07\0\0\0\0\xaf\x32\0\0\0\0\0\x07\0\0\0\0\xb9\x32\0\0\0\0\0\x07\
\0\0\0\0\x4b\x11\0\0\0\0\0\x07\0\0\0\0\x2f\x11\0\0\0\0\0\x07\0\0\0\0\xc1\x32\0\
\0\0\0\0\x07\0\0\0\0\xd2\x32\0\0\0\0\0\x07\0\0\0\0\xa2\x25\0\0\0\0\0\x07\0\0\0\
\0\xdf\x32\0\0\0\0\0\x07\0\0\0\0\xf6\x32\0\0\0\0\0\x07\0\0\0\0\x09\x33\0\0\0\0\
\0\x07\0\0\0\0\x15\x33\0\0\0\0\0\x07\0\0\0\0\x2c\x33\0\0\0\0\0\x07\0\0\0\0\x41\
\x33\0\0\0\0\0\x07\0\0\0\0\x51\x33\0\0\0\0\0\x07\0\0\0\0\x63\x33\0\0\0\0\0\x07\
\0\0\0\0\x6f\x33\0\0\0\0\0\x07\0\0\0\0\x88\x0a\0\0\0\0\0\x07\0\0\0\0\x7e\x33\0\
\0\0\0\0\x07\0\0\0\0\x87\x33\0\0\0\0\0\x07\0\0\0\0\x95\x33\0\0\0\0\0\x07\0\0\0\
\0\xa7\x33\0\0\0\0\0\x07\0\0\0\0\xb6\x33\0\0\0\0\0\x07\0\0\0\0\xba\x0f\0\0\0\0\
\0\x07\0\0\0\0\xbd\x33\0\0\0\0\0\x07\0\0\0\0\xcb\x33\0\0\0\0\0\x07\0\0\0\0\xd8\
\x33\0\0\0\0\0\x07\0\0\0\0\xe6\x33\0\0\0\0\0\x07\0\0\0\0\xef\x33\0\0\0\0\0\x07\
\0\0\0\0\x02\x34\0\0\0\0\0\x07\0\0\0\0\x71\x10\0\0\0\0\0\x07\0\0\0\0\x11\x34\0\
\0\0\0\0\x07\0\0\0\0\x20\x34\0\0\0\0\0\x07\0\0\0\0\x3d\x11\0\0\0\0\0\x07\0\0\0\
\0\x56\x11\0\0\0\0\0\x07\0\0\0\0\x30\x34\0\0\0\0\0\x07\0\0\0\0\x3f\x34\0\0\0\0\
\0\x07\0\0\0\0\x50\x34\0\0\0\0\0\x07\0\0\0\0\x68\x34\0\0\0\0\0\x07\0\0\0\0\x98\
\x12\0\0\0\0\0\x07\0\0\0\0\x61\x13\0\0\0\0\0\x07\0\0\0\0\xb3\x13\0\0\0\0\0\x07\
\0\0\0\0\x77\x34\0\0\0\0\0\x07\0\0\0\0\x87\x34\0\0\0\0\0\x07\0\0\0\0\x93\x34\0\
\0\0\0\0\x07\0\0\0\0\x20\x16\0\0\0\0\0\x07\0\0\0\0\x47\x16\0\0\0\0\0\x07\0\0\0\
\0\x9f\x34\0\0\0\0\0\x07\0\0\0\0\xad\x34\0\0\0\0\0\x07\0\0\0\0\xba\x34\0\0\0\0\
\0\x07\0\0\0\0\xc7\x34\0\0\0\0\0\x07\0\0\0\0\x6c\x09\0\0\0\0\0\x07\0\0\0\0\x3d\
\x3c\0\0\x01\0\0\x0f\x04\0\0\0\xab\x01\0\0\0\0\0\0\x04\0\0\0\x45\x3c\0\0\x02\0\
\0\x0f\x30\0\0\0\x08\0\0\0\0\0\0\0\x10\0\0\0\x16\0\0\0\x10\0\0\0\x20\0\0\0\0\
\x69\x6e\x74\0\x5f\x5f\x41\x52\x52\x41\x59\x5f\x53\x49\x5a\x45\x5f\x54\x59\x50\
\x45\x5f\x5f\0\x74\x79\x70\x65\0\x6d\x61\x78\x5f\x65\x6e\x74\x72\x69\x65\x73\0\
\x65\x76\x65\x6e\x74\x73\0\x75\x33\x32\0\x5f\x5f\x75\x33\x32\0\x75\x6e\x73\x69\
\x67\x6e\x65\x64\x20\x69\x6e\x74\0\x75\x36\x34\0\x5f\x5f\x75\x36\x34\0\x75\x6e\
\x73\x69\x67\x6e\x65\x64\x20\x6c\x6f\x6e\x67\x20\x6c\x6f\x6e\x67\0\x6b\x65\x79\
\0\x76\x61\x6c\x75\x65\0\x73\x74\x61\x74\x73\0\x70\x74\x5f\x72\x65\x67\x73\0\
\x6f\x72\x69\x67\x5f\x78\x30\0\x73\x79\x73\x63\x61\x6c\x6c\x6e\x6f\0\x70\x6d\
\x72\0\x73\x64\x65\x69\x5f\x74\x74\x62\x72\x31\0\x73\x74\x61\x63\x6b\x66\x72\
\x61\x6d\x65\0\x6c\x6f\x63\x6b\x64\x65\x70\x5f\x68\x61\x72\x64\x69\x72\x71\x73\
\0\x65\x78\x69\x74\x5f\x72\x63\x75\0\x75\x73\x65\x72\x5f\x72\x65\x67\x73\0\x75\
\x73\x65\x72\x5f\x70\x74\x5f\x72\x65\x67\x73\0\x72\x65\x67\x73\0\x73\x70\0\x70\
\x63\0\x70\x73\x74\x61\x74\x65\0\x73\x33\x32\0\x5f\x5f\x73\x33\x32\0\x66\x72\
\x61\x6d\x65\x5f\x72\x65\x63\x6f\x72\x64\x5f\x6d\x65\x74\x61\0\x72\x65\x63\x6f\
\x72\x64\0\x66\x72\x61\x6d\x65\x5f\x72\x65\x63\x6f\x72\x64\0\x66\x70\0\x6c\x72\
\0\x63\x74\x78\0\x74\x72\x61\x63\x65\x5f\x61\x63\x74\x69\x76\x61\x74\x65\0\x75\
\x76\x6d\x5f\x67\x70\x75\x5f\x63\x68\x75\x6e\x6b\x5f\x73\x74\x72\x75\x63\x74\0\
\x61\x64\x64\x72\x65\x73\x73\0\x6c\x69\x73\x74\0\x76\x61\x5f\x62\x6c\x6f\x63\
\x6b\0\x70\x61\x72\x65\x6e\x74\0\x73\x75\x62\x61\x6c\x6c\x6f\x63\0\x69\x6e\x5f\
\x65\x76\x69\x63\x74\x69\x6f\x6e\0\x69\x6e\x6a\x65\x63\x74\x5f\x73\x70\x6c\x69\
\x74\x5f\x65\x72\x72\x6f\x72\0\x69\x73\x5f\x7a\x65\x72\x6f\0\x69\x73\x5f\x72\
\x65\x66\x65\x72\x65\x6e\x63\x65\x64\0\x73\x74\x61\x74\x65\0\x6c\x6f\x67\x32\
\x5f\x73\x69\x7a\x65\0\x76\x61\x5f\x62\x6c\x6f\x63\x6b\x5f\x70\x61\x67\x65\x5f\
\x69\x6e\x64\x65\x78\0\x67\x70\x75\x5f\x69\x6e\x64\x65\x78\0\x75\x6e\x73\x69\
\x67\x6e\x65\x64\x20\x73\x68\x6f\x72\x74\0\x6c\x69\x73\x74\x5f\x68\x65\x61\x64\
\0\x6e\x65\x78\x74\0\x70\x72\x65\x76\0\x75\x76\x6d\x5f\x76\x61\x5f\x62\x6c\x6f\
\x63\x6b\x5f\x74\0\x75\x76\x6d\x5f\x76\x61\x5f\x62\x6c\x6f\x63\x6b\x5f\x73\x74\
\x72\x75\x63\x74\0\x5f\x6b\x72\x65\x66\0\x5f\x6c\x6f\x63\x6b\0\x6d\x61\x6e\x61\
\x67\x65\x64\x5f\x72\x61\x6e\x67\x65\0\x73\x74\x61\x72\x74\0\x65\x6e\x64\0\x5f\
\x6d\x61\x73\x6b\x73\0\x63\x70\x75\0\x63\x68\x61\x72\0\x75\x76\x6d\x5f\x76\x61\
\x5f\x72\x61\x6e\x67\x65\x5f\x6d\x61\x6e\x61\x67\x65\x64\x5f\x74\0\x75\x76\x6d\
\x5f\x76\x61\x5f\x62\x6c\x6f\x63\x6b\x5f\x63\x70\x75\x5f\x73\x74\x61\x74\x65\0\
\x6e\x6f\x64\x65\x5f\x73\x74\x61\x74\x65\0\x61\x6c\x6c\x6f\x63\x61\x74\x65\x64\
\x5f\x62\x69\x74\x6d\x61\x70\0\x72\x65\x73\x69\x64\x65\x6e\x74\x5f\x62\x69\x74\
\x6d\x61\x70\0\x70\x74\x65\x5f\x62\x69\x74\x73\0\x65\x76\x65\x72\x5f\x6d\x61\
\x70\x70\x65\x64\0\x66\x61\x75\x6c\x74\x5f\x61\x75\x74\x68\x6f\x72\x69\x7a\x65\
\x64\0\x75\x6e\x73\x69\x67\x6e\x65\x64\x20\x6c\x6f\x6e\x67\0\x75\x6e\x73\x69\
\x67\x6e\x65\x64\x20\x63\x68\x61\x72\0\x75\x76\x6d\x5f\x76\x61\x5f\x62\x6c\x6f\
\x63\x6b\x5f\x66\x61\x75\x6c\x74\x5f\x61\x75\x74\x68\x6f\x72\x69\x7a\x65\x64\0\
\x66\x69\x72\x73\x74\x5f\x66\x61\x75\x6c\x74\x5f\x73\x74\x61\x6d\x70\0\x66\x69\
\x72\x73\x74\x5f\x70\x69\x64\0\x70\x61\x67\x65\x5f\x69\x6e\x64\x65\x78\0\x75\
\x76\x6d\x5f\x76\x61\x5f\x72\x61\x6e\x67\x65\x5f\x6d\x61\x6e\x61\x67\x65\x64\
\x5f\x73\x74\x72\x75\x63\x74\0\x76\x61\x5f\x72\x61\x6e\x67\x65\0\x75\x76\x6d\
\x5f\x76\x61\x5f\x72\x61\x6e\x67\x65\x5f\x73\x74\x72\x75\x63\x74\0\x76\x61\x5f\
\x73\x70\x61\x63\x65\0\x75\x76\x6d\x5f\x76\x61\x5f\x73\x70\x61\x63\x65\x5f\x74\
\0\x75\x76\x6d\x5f\x76\x61\x5f\x73\x70\x61\x63\x65\x5f\x73\x74\x72\x75\x63\x74\
\0\x5f\x70\x61\x64\x64\x69\x6e\x67\0\x76\x61\x5f\x73\x70\x61\x63\x65\x5f\x6d\
\x6d\0\x75\x76\x6d\x5f\x76\x61\x5f\x73\x70\x61\x63\x65\x5f\x6d\x6d\x5f\x74\0\
\x75\x76\x6d\x5f\x76\x61\x5f\x73\x70\x61\x63\x65\x5f\x6d\x6d\x5f\x73\x74\x72\
\x75\x63\x74\0\x6d\x6d\0\x6d\x6d\x5f\x73\x74\x72\x75\x63\x74\0\x63\x70\x75\x5f\
\x62\x69\x74\x6d\x61\x70\0\x6d\x6d\x5f\x6d\x74\0\x6d\x6d\x61\x70\x5f\x62\x61\
\x73\x65\0\x6d\x6d\x61\x70\x5f\x6c\x65\x67\x61\x63\x79\x5f\x62\x61\x73\x65\0\
\x74\x61\x73\x6b\x5f\x73\x69\x7a\x65\0\x70\x67\x64\0\x6d\x65\x6d\x62\x61\x72\
\x72\x69\x65\x72\x5f\x73\x74\x61\x74\x65\0\x6d\x6d\x5f\x75\x73\x65\x72\x73\0\
\x70\x63\x70\x75\x5f\x63\x69\x64\0\x6d\x6d\x5f\x63\x69\x64\x5f\x6e\x65\x78\x74\
\x5f\x73\x63\x61\x6e\0\x6e\x72\x5f\x63\x70\x75\x73\x5f\x61\x6c\x6c\x6f\x77\x65\
\x64\0\x6d\x61\x78\x5f\x6e\x72\x5f\x63\x69\x64\0\x63\x70\x75\x73\x5f\x61\x6c\
\x6c\x6f\x77\x65\x64\x5f\x6c\x6f\x63\x6b\0\x70\x67\x74\x61\x62\x6c\x65\x73\x5f\
\x62\x79\x74\x65\x73\0\x6d\x61\x70\x5f\x63\x6f\x75\x6e\x74\0\x70\x61\x67\x65\
\x5f\x74\x61\x62\x6c\x65\x5f\x6c\x6f\x63\x6b\0\x6d\x6d\x61\x70\x5f\x6c\x6f\x63\
\x6b\0\x6d\x6d\x6c\x69\x73\x74\0\x76\x6d\x61\x5f\x77\x72\x69\x74\x65\x72\x5f\
\x77\x61\x69\x74\0\x6d\x6d\x5f\x6c\x6f\x63\x6b\x5f\x73\x65\x71\0\x66\x75\x74\
\x65\x78\x5f\x68\x61\x73\x68\x5f\x6c\x6f\x63\x6b\0\x66\x75\x74\x65\x78\x5f\x70\
\x68\x61\x73\x68\0\x66\x75\x74\x65\x78\x5f\x70\x68\x61\x73\x68\x5f\x6e\x65\x77\
\0\x66\x75\x74\x65\x78\x5f\x62\x61\x74\x63\x68\x65\x73\0\x66\x75\x74\x65\x78\
\x5f\x72\x63\x75\0\x66\x75\x74\x65\x78\x5f\x61\x74\x6f\x6d\x69\x63\0\x66\x75\
\x74\x65\x78\x5f\x72\x65\x66\0\x68\x69\x77\x61\x74\x65\x72\x5f\x72\x73\x73\0\
\x68\x69\x77\x61\x74\x65\x72\x5f\x76\x6d\0\x74\x6f\x74\x61\x6c\x5f\x76\x6d\0\
\x6c\x6f\x63\x6b\x65\x64\x5f\x76\x6d\0\x70\x69\x6e\x6e\x65\x64\x5f\x76\x6d\0\
\x64\x61\x74\x61\x5f\x76\x6d\0\x65\x78\x65\x63\x5f\x76\x6d\0\x73\x74\x61\x63\
\x6b\x5f\x76\x6d\0\x64\x65\x66\x5f\x66\x6c\x61\x67\x73\0\x77\x72\x69\x74\x65\
\x5f\x70\x72\x6f\x74\x65\x63\x74\x5f\x73\x65\x71\0\x61\x72\x67\x5f\x6c\x6f\x63\
\x6b\0\x73\x74\x61\x72\x74\x5f\x63\x6f\x64\x65\0\x65\x6e\x64\x5f\x63\x6f\x64\
\x65\0\x73\x74\x61\x72\x74\x5f\x64\x61\x74\x61\0\x65\x6e\x64\x5f\x64\x61\x74\
\x61\0\x73\x74\x61\x72\x74\x5f\x62\x72\x6b\0\x62\x72\x6b\0\x73\x74\x61\x72\x74\
\x5f\x73\x74\x61\x63\x6b\0\x61\x72\x67\x5f\x73\x74\x61\x72\x74\0\x61\x72\x67\
\x5f\x65\x6e\x64\0\x65\x6e\x76\x5f\x73\x74\x61\x72\x74\0\x65\x6e\x76\x5f\x65\
\x6e\x64\0\x73\x61\x76\x65\x64\x5f\x61\x75\x78\x76\0\x72\x73\x73\x5f\x73\x74\
\x61\x74\0\x62\x69\x6e\x66\x6d\x74\0\x63\x6f\x6e\x74\x65\x78\x74\0\x66\x6c\x61\
\x67\x73\0\x69\x6f\x63\x74\x78\x5f\x6c\x6f\x63\x6b\0\x69\x6f\x63\x74\x78\x5f\
\x74\x61\x62\x6c\x65\0\x6f\x77\x6e\x65\x72\0\x75\x73\x65\x72\x5f\x6e\x73\0\x65\
\x78\x65\x5f\x66\x69\x6c\x65\0\x6e\x6f\x74\x69\x66\x69\x65\x72\x5f\x73\x75\x62\
\x73\x63\x72\x69\x70\x74\x69\x6f\x6e\x73\0\x6e\x75\x6d\x61\x5f\x6e\x65\x78\x74\
\x5f\x73\x63\x61\x6e\0\x6e\x75\x6d\x61\x5f\x73\x63\x61\x6e\x5f\x6f\x66\x66\x73\
\x65\x74\0\x6e\x75\x6d\x61\x5f\x73\x63\x61\x6e\x5f\x73\x65\x71\0\x74\x6c\x62\
\x5f\x66\x6c\x75\x73\x68\x5f\x70\x65\x6e\x64\x69\x6e\x67\0\x74\x6c\x62\x5f\x66\
\x6c\x75\x73\x68\x5f\x62\x61\x74\x63\x68\x65\x64\0\x75\x70\x72\x6f\x62\x65\x73\
\x5f\x73\x74\x61\x74\x65\0\x68\x75\x67\x65\x74\x6c\x62\x5f\x75\x73\x61\x67\x65\
\0\x61\x73\x79\x6e\x63\x5f\x70\x75\x74\x5f\x77\x6f\x72\x6b\0\x69\x6f\x6d\x6d\
\x75\x5f\x6d\x6d\0\x6b\x73\x6d\x5f\x6d\x65\x72\x67\x69\x6e\x67\x5f\x70\x61\x67\
\x65\x73\0\x6b\x73\x6d\x5f\x72\x6d\x61\x70\x5f\x69\x74\x65\x6d\x73\0\x6b\x73\
\x6d\x5f\x7a\x65\x72\x6f\x5f\x70\x61\x67\x65\x73\0\x6c\x72\x75\x5f\x67\x65\x6e\
\0\x6d\x6d\x5f\x69\x64\0\x6d\x6d\x5f\x63\x6f\x75\x6e\x74\0\x61\x74\x6f\x6d\x69\
\x63\x5f\x74\0\x63\x6f\x75\x6e\x74\x65\x72\0\x6d\x61\x70\x6c\x65\x5f\x74\x72\
\x65\x65\0\x6d\x61\x5f\x66\x6c\x61\x67\x73\0\x6d\x61\x5f\x72\x6f\x6f\x74\0\x6d\
\x61\x5f\x6c\x6f\x63\x6b\0\x6d\x61\x5f\x65\x78\x74\x65\x72\x6e\x61\x6c\x5f\x6c\
\x6f\x63\x6b\0\x73\x70\x69\x6e\x6c\x6f\x63\x6b\x5f\x74\0\x73\x70\x69\x6e\x6c\
\x6f\x63\x6b\0\x72\x6c\x6f\x63\x6b\0\x72\x61\x77\x5f\x73\x70\x69\x6e\x6c\x6f\
\x63\x6b\0\x72\x61\x77\x5f\x6c\x6f\x63\x6b\0\x61\x72\x63\x68\x5f\x73\x70\x69\
\x6e\x6c\x6f\x63\x6b\x5f\x74\0\x71\x73\x70\x69\x6e\x6c\x6f\x63\x6b\0\x76\x61\
\x6c\0\x6c\x6f\x63\x6b\x65\x64\0\x70\x65\x6e\x64\x69\x6e\x67\0\x75\x38\0\x5f\
\x5f\x75\x38\0\x6c\x6f\x63\x6b\x65\x64\x5f\x70\x65\x6e\x64\x69\x6e\x67\0\x74\
\x61\x69\x6c\0\x75\x31\x36\0\x5f\x5f\x75\x31\x36\0\x6c\x6f\x63\x6b\x64\x65\x70\
\x5f\x6d\x61\x70\x5f\x70\0\x70\x67\x64\x5f\x74\0\x70\x67\x64\x76\x61\x6c\x5f\
\x74\0\x70\x74\x64\x65\x73\x63\x5f\x74\0\x72\x61\x77\x5f\x73\x70\x69\x6e\x6c\
\x6f\x63\x6b\x5f\x74\0\x61\x74\x6f\x6d\x69\x63\x5f\x6c\x6f\x6e\x67\x5f\x74\0\
\x61\x74\x6f\x6d\x69\x63\x36\x34\x5f\x74\0\x73\x36\x34\0\x5f\x5f\x73\x36\x34\0\
\x6c\x6f\x6e\x67\x20\x6c\x6f\x6e\x67\0\x72\x77\x5f\x73\x65\x6d\x61\x70\x68\x6f\
\x72\x65\0\x63\x6f\x75\x6e\x74\0\x6f\x73\x71\0\x77\x61\x69\x74\x5f\x6c\x6f\x63\
\x6b\0\x77\x61\x69\x74\x5f\x6c\x69\x73\x74\0\x6f\x70\x74\x69\x6d\x69\x73\x74\
\x69\x63\x5f\x73\x70\x69\x6e\x5f\x71\x75\x65\x75\x65\0\x72\x63\x75\x77\x61\x69\
\x74\0\x74\x61\x73\x6b\0\x73\x65\x71\x63\x6f\x75\x6e\x74\x5f\x74\0\x73\x65\x71\
\x63\x6f\x75\x6e\x74\0\x73\x65\x71\x75\x65\x6e\x63\x65\0\x6d\x75\x74\x65\x78\0\
\x63\x61\x6c\x6c\x62\x61\x63\x6b\x5f\x68\x65\x61\x64\0\x66\x75\x6e\x63\0\x76\
\x6d\x5f\x66\x6c\x61\x67\x73\x5f\x74\0\x70\x65\x72\x63\x70\x75\x5f\x63\x6f\x75\
\x6e\x74\x65\x72\0\x6c\x6f\x63\x6b\0\x63\x6f\x75\x6e\x74\x65\x72\x73\0\x6d\x6d\
\x5f\x63\x6f\x6e\x74\x65\x78\x74\x5f\x74\0\x69\x64\0\x73\x69\x67\x70\x61\x67\
\x65\0\x70\x69\x6e\x6e\x65\x64\0\x76\x64\x73\x6f\0\x70\x6b\x65\x79\x5f\x61\x6c\
\x6c\x6f\x63\x61\x74\x69\x6f\x6e\x5f\x6d\x61\x70\0\x72\x65\x66\x63\x6f\x75\x6e\
\x74\x5f\x74\0\x72\x65\x66\x63\x6f\x75\x6e\x74\x5f\x73\x74\x72\x75\x63\x74\0\
\x72\x65\x66\x73\0\x78\x6f\x6c\x5f\x61\x72\x65\x61\0\x77\x6f\x72\x6b\x5f\x73\
\x74\x72\x75\x63\x74\0\x64\x61\x74\x61\0\x65\x6e\x74\x72\x79\0\x77\x6f\x72\x6b\
\x5f\x66\x75\x6e\x63\x5f\x74\0\x62\x69\x74\x6d\x61\x70\0\x6d\x65\x6d\x63\x67\0\
\x6d\x6d\x5f\x69\x64\x5f\x74\0\x74\x61\x73\x6b\x5f\x73\x74\x72\x75\x63\x74\0\
\x74\x68\x72\x65\x61\x64\x5f\x69\x6e\x66\x6f\0\x5f\x5f\x73\x74\x61\x74\x65\0\
\x73\x61\x76\x65\x64\x5f\x73\x74\x61\x74\x65\0\x73\x74\x61\x63\x6b\0\x75\x73\
\x61\x67\x65\0\x70\x74\x72\x61\x63\x65\0\x6f\x6e\x5f\x63\x70\x75\0\x77\x61\x6b\
\x65\x5f\x65\x6e\x74\x72\x79\0\x77\x61\x6b\x65\x65\x5f\x66\x6c\x69\x70\x73\0\
\x77\x61\x6b\x65\x65\x5f\x66\x6c\x69\x70\x5f\x64\x65\x63\x61\x79\x5f\x74\x73\0\
\x6c\x61\x73\x74\x5f\x77\x61\x6b\x65\x65\0\x72\x65\x63\x65\x6e\x74\x5f\x75\x73\
\x65\x64\x5f\x63\x70\x75\0\x77\x61\x6b\x65\x5f\x63\x70\x75\0\x6f\x6e\x5f\x72\
\x71\0\x70\x72\x69\x6f\0\x73\x74\x61\x74\x69\x63\x5f\x70\x72\x69\x6f\0\x6e\x6f\
\x72\x6d\x61\x6c\x5f\x70\x72\x69\x6f\0\x72\x74\x5f\x70\x72\x69\x6f\x72\x69\x74\
\x79\0\x73\x65\0\x72\x74\0\x64\x6c\0\x64\x6c\x5f\x73\x65\x72\x76\x65\x72\0\x73\
\x63\x78\0\x73\x63\x68\x65\x64\x5f\x63\x6c\x61\x73\x73\0\x63\x6f\x72\x65\x5f\
\x6e\x6f\x64\x65\0\x63\x6f\x72\x65\x5f\x63\x6f\x6f\x6b\x69\x65\0\x63\x6f\x72\
\x65\x5f\x6f\x63\x63\x75\x70\x61\x74\x69\x6f\x6e\0\x73\x63\x68\x65\x64\x5f\x74\
\x61\x73\x6b\x5f\x67\x72\x6f\x75\x70\0\x75\x63\x6c\x61\x6d\x70\x5f\x72\x65\x71\
\0\x75\x63\x6c\x61\x6d\x70\0\x70\x72\x65\x65\x6d\x70\x74\x5f\x6e\x6f\x74\x69\
\x66\x69\x65\x72\x73\0\x62\x74\x72\x61\x63\x65\x5f\x73\x65\x71\0\x70\x6f\x6c\
\x69\x63\x79\0\x6d\x61\x78\x5f\x61\x6c\x6c\x6f\x77\x65\x64\x5f\x63\x61\x70\x61\
\x63\x69\x74\x79\0\x63\x70\x75\x73\x5f\x70\x74\x72\0\x75\x73\x65\x72\x5f\x63\
\x70\x75\x73\x5f\x70\x74\x72\0\x63\x70\x75\x73\x5f\x6d\x61\x73\x6b\0\x6d\x69\
\x67\x72\x61\x74\x69\x6f\x6e\x5f\x70\x65\x6e\x64\x69\x6e\x67\0\x6d\x69\x67\x72\
\x61\x74\x69\x6f\x6e\x5f\x64\x69\x73\x61\x62\x6c\x65\x64\0\x6d\x69\x67\x72\x61\
\x74\x69\x6f\x6e\x5f\x66\x6c\x61\x67\x73\0\x72\x63\x75\x5f\x72\x65\x61\x64\x5f\
\x6c\x6f\x63\x6b\x5f\x6e\x65\x73\x74\x69\x6e\x67\0\x72\x63\x75\x5f\x72\x65\x61\
\x64\x5f\x75\x6e\x6c\x6f\x63\x6b\x5f\x73\x70\x65\x63\x69\x61\x6c\0\x72\x63\x75\
\x5f\x6e\x6f\x64\x65\x5f\x65\x6e\x74\x72\x79\0\x72\x63\x75\x5f\x62\x6c\x6f\x63\
\x6b\x65\x64\x5f\x6e\x6f\x64\x65\0\x72\x63\x75\x5f\x74\x61\x73\x6b\x73\x5f\x6e\
\x76\x63\x73\x77\0\x72\x63\x75\x5f\x74\x61\x73\x6b\x73\x5f\x68\x6f\x6c\x64\x6f\
\x75\x74\0\x72\x63\x75\x5f\x74\x61\x73\x6b\x73\x5f\x69\x64\x78\0\x72\x63\x75\
\x5f\x74\x61\x73\x6b\x73\x5f\x69\x64\x6c\x65\x5f\x63\x70\x75\0\x72\x63\x75\x5f\
\x74\x61\x73\x6b\x73\x5f\x68\x6f\x6c\x64\x6f\x75\x74\x5f\x6c\x69\x73\x74\0\x72\
\x63\x75\x5f\x74\x61\x73\x6b\x73\x5f\x65\x78\x69\x74\x5f\x63\x70\x75\0\x72\x63\
\x75\x5f\x74\x61\x73\x6b\x73\x5f\x65\x78\x69\x74\x5f\x6c\x69\x73\x74\0\x74\x72\
\x63\x5f\x72\x65\x61\x64\x65\x72\x5f\x6e\x65\x73\x74\x69\x6e\x67\0\x74\x72\x63\
\x5f\x69\x70\x69\x5f\x74\x6f\x5f\x63\x70\x75\0\x74\x72\x63\x5f\x72\x65\x61\x64\
\x65\x72\x5f\x73\x70\x65\x63\x69\x61\x6c\0\x74\x72\x63\x5f\x68\x6f\x6c\x64\x6f\
\x75\x74\x5f\x6c\x69\x73\x74\0\x74\x72\x63\x5f\x62\x6c\x6b\x64\x5f\x6e\x6f\x64\
\x65\0\x74\x72\x63\x5f\x62\x6c\x6b\x64\x5f\x63\x70\x75\0\x73\x63\x68\x65\x64\
\x5f\x69\x6e\x66\x6f\0\x74\x61\x73\x6b\x73\0\x70\x75\x73\x68\x61\x62\x6c\x65\
\x5f\x74\x61\x73\x6b\x73\0\x70\x75\x73\x68\x61\x62\x6c\x65\x5f\x64\x6c\x5f\x74\
\x61\x73\x6b\x73\0\x61\x63\x74\x69\x76\x65\x5f\x6d\x6d\0\x66\x61\x75\x6c\x74\
\x73\x5f\x64\x69\x73\x61\x62\x6c\x65\x64\x5f\x6d\x61\x70\x70\x69\x6e\x67\0\x65\
\x78\x69\x74\x5f\x73\x74\x61\x74\x65\0\x65\x78\x69\x74\x5f\x63\x6f\x64\x65\0\
\x65\x78\x69\x74\x5f\x73\x69\x67\x6e\x61\x6c\0\x70\x64\x65\x61\x74\x68\x5f\x73\
\x69\x67\x6e\x61\x6c\0\x6a\x6f\x62\x63\x74\x6c\0\x70\x65\x72\x73\x6f\x6e\x61\
\x6c\x69\x74\x79\0\x73\x63\x68\x65\x64\x5f\x72\x65\x73\x65\x74\x5f\x6f\x6e\x5f\
\x66\x6f\x72\x6b\0\x73\x63\x68\x65\x64\x5f\x63\x6f\x6e\x74\x72\x69\x62\x75\x74\
\x65\x73\x5f\x74\x6f\x5f\x6c\x6f\x61\x64\0\x73\x63\x68\x65\x64\x5f\x6d\x69\x67\
\x72\x61\x74\x65\x64\0\x73\x63\x68\x65\x64\x5f\x74\x61\x73\x6b\x5f\x68\x6f\x74\
\0\x73\x63\x68\x65\x64\x5f\x72\x65\x6d\x6f\x74\x65\x5f\x77\x61\x6b\x65\x75\x70\
\0\x73\x63\x68\x65\x64\x5f\x72\x74\x5f\x6d\x75\x74\x65\x78\0\x75\x73\x65\x72\
\x5f\x64\x75\x6d\x70\x61\x62\x6c\x65\0\x69\x6e\x5f\x65\x78\x65\x63\x76\x65\0\
\x69\x6e\x5f\x69\x6f\x77\x61\x69\x74\0\x69\x6e\x5f\x6c\x72\x75\x5f\x66\x61\x75\
\x6c\x74\0\x6e\x6f\x5f\x63\x67\x72\x6f\x75\x70\x5f\x6d\x69\x67\x72\x61\x74\x69\
\x6f\x6e\0\x66\x72\x6f\x7a\x65\x6e\0\x75\x73\x65\x5f\x6d\x65\x6d\x64\x65\x6c\
\x61\x79\0\x69\x6e\x5f\x6d\x65\x6d\x73\x74\x61\x6c\x6c\0\x69\x6e\x5f\x65\x76\
\x65\x6e\x74\x66\x64\0\x69\x6e\x5f\x74\x68\x72\x61\x73\x68\x69\x6e\x67\0\x69\
\x6e\x5f\x6e\x66\x5f\x64\x75\x70\x6c\x69\x63\x61\x74\x65\0\x61\x74\x6f\x6d\x69\
\x63\x5f\x66\x6c\x61\x67\x73\0\x72\x65\x73\x74\x61\x72\x74\x5f\x62\x6c\x6f\x63\
\x6b\0\x70\x69\x64\0\x74\x67\x69\x64\0\x73\x74\x61\x63\x6b\x5f\x63\x61\x6e\x61\
\x72\x79\0\x72\x65\x61\x6c\x5f\x70\x61\x72\x65\x6e\x74\0\x63\x68\x69\x6c\x64\
\x72\x65\x6e\0\x73\x69\x62\x6c\x69\x6e\x67\0\x67\x72\x6f\x75\x70\x5f\x6c\x65\
\x61\x64\x65\x72\0\x70\x74\x72\x61\x63\x65\x64\0\x70\x74\x72\x61\x63\x65\x5f\
\x65\x6e\x74\x72\x79\0\x74\x68\x72\x65\x61\x64\x5f\x70\x69\x64\0\x70\x69\x64\
\x5f\x6c\x69\x6e\x6b\x73\0\x74\x68\x72\x65\x61\x64\x5f\x6e\x6f\x64\x65\0\x76\
\x66\x6f\x72\x6b\x5f\x64\x6f\x6e\x65\0\x73\x65\x74\x5f\x63\x68\x69\x6c\x64\x5f\
\x74\x69\x64\0\x63\x6c\x65\x61\x72\x5f\x63\x68\x69\x6c\x64\x5f\x74\x69\x64\0\
\x77\x6f\x72\x6b\x65\x72\x5f\x70\x72\x69\x76\x61\x74\x65\0\x75\x74\x69\x6d\x65\
\0\x73\x74\x69\x6d\x65\0\x67\x74\x69\x6d\x65\0\x70\x72\x65\x76\x5f\x63\x70\x75\
\x74\x69\x6d\x65\0\x76\x74\x69\x6d\x65\0\x74\x69\x63\x6b\x5f\x64\x65\x70\x5f\
\x6d\x61\x73\x6b\0\x6e\x76\x63\x73\x77\0\x6e\x69\x76\x63\x73\x77\0\x73\x74\x61\
\x72\x74\x5f\x74\x69\x6d\x65\0\x73\x74\x61\x72\x74\x5f\x62\x6f\x6f\x74\x74\x69\
\x6d\x65\0\x6d\x69\x6e\x5f\x66\x6c\x74\0\x6d\x61\x6a\x5f\x66\x6c\x74\0\x70\x6f\
\x73\x69\x78\x5f\x63\x70\x75\x74\x69\x6d\x65\x72\x73\0\x70\x6f\x73\x69\x78\x5f\
\x63\x70\x75\x74\x69\x6d\x65\x72\x73\x5f\x77\x6f\x72\x6b\0\x70\x74\x72\x61\x63\
\x65\x72\x5f\x63\x72\x65\x64\0\x72\x65\x61\x6c\x5f\x63\x72\x65\x64\0\x63\x72\
\x65\x64\0\x63\x61\x63\x68\x65\x64\x5f\x72\x65\x71\x75\x65\x73\x74\x65\x64\x5f\
\x6b\x65\x79\0\x63\x6f\x6d\x6d\0\x6e\x61\x6d\x65\x69\x64\x61\x74\x61\0\x73\x79\
\x73\x76\x73\x65\x6d\0\x73\x79\x73\x76\x73\x68\x6d\0\x6c\x61\x73\x74\x5f\x73\
\x77\x69\x74\x63\x68\x5f\x63\x6f\x75\x6e\x74\0\x6c\x61\x73\x74\x5f\x73\x77\x69\
\x74\x63\x68\x5f\x74\x69\x6d\x65\0\x66\x73\0\x66\x69\x6c\x65\x73\0\x69\x6f\x5f\
\x75\x72\x69\x6e\x67\0\x6e\x73\x70\x72\x6f\x78\x79\0\x73\x69\x67\x6e\x61\x6c\0\
\x73\x69\x67\x68\x61\x6e\x64\0\x62\x6c\x6f\x63\x6b\x65\x64\0\x72\x65\x61\x6c\
\x5f\x62\x6c\x6f\x63\x6b\x65\x64\0\x73\x61\x76\x65\x64\x5f\x73\x69\x67\x6d\x61\
\x73\x6b\0\x73\x61\x73\x5f\x73\x73\x5f\x73\x70\0\x73\x61\x73\x5f\x73\x73\x5f\
\x73\x69\x7a\x65\0\x73\x61\x73\x5f\x73\x73\x5f\x66\x6c\x61\x67\x73\0\x74\x61\
\x73\x6b\x5f\x77\x6f\x72\x6b\x73\0\x61\x75\x64\x69\x74\x5f\x63\x6f\x6e\x74\x65\
\x78\x74\0\x6c\x6f\x67\x69\x6e\x75\x69\x64\0\x73\x65\x73\x73\x69\x6f\x6e\x69\
\x64\0\x73\x65\x63\x63\x6f\x6d\x70\0\x73\x79\x73\x63\x61\x6c\x6c\x5f\x64\x69\
\x73\x70\x61\x74\x63\x68\0\x70\x61\x72\x65\x6e\x74\x5f\x65\x78\x65\x63\x5f\x69\
\x64\0\x73\x65\x6c\x66\x5f\x65\x78\x65\x63\x5f\x69\x64\0\x61\x6c\x6c\x6f\x63\
\x5f\x6c\x6f\x63\x6b\0\x70\x69\x5f\x6c\x6f\x63\x6b\0\x77\x61\x6b\x65\x5f\x71\0\
\x70\x69\x5f\x77\x61\x69\x74\x65\x72\x73\0\x70\x69\x5f\x74\x6f\x70\x5f\x74\x61\
\x73\x6b\0\x70\x69\x5f\x62\x6c\x6f\x63\x6b\x65\x64\x5f\x6f\x6e\0\x62\x6c\x6f\
\x63\x6b\x65\x64\x5f\x6f\x6e\0\x62\x6c\x6f\x63\x6b\x65\x72\0\x69\x6e\x5f\x75\
\x62\x73\x61\x6e\0\x6a\x6f\x75\x72\x6e\x61\x6c\x5f\x69\x6e\x66\x6f\0\x62\x69\
\x6f\x5f\x6c\x69\x73\x74\0\x70\x6c\x75\x67\0\x72\x65\x63\x6c\x61\x69\x6d\x5f\
\x73\x74\x61\x74\x65\0\x69\x6f\x5f\x63\x6f\x6e\x74\x65\x78\x74\0\x63\x61\x70\
\x74\x75\x72\x65\x5f\x63\x6f\x6e\x74\x72\x6f\x6c\0\x70\x74\x72\x61\x63\x65\x5f\
\x6d\x65\x73\x73\x61\x67\x65\0\x6c\x61\x73\x74\x5f\x73\x69\x67\x69\x6e\x66\x6f\
\0\x69\x6f\x61\x63\0\x70\x73\x69\x5f\x66\x6c\x61\x67\x73\0\x61\x63\x63\x74\x5f\
\x72\x73\x73\x5f\x6d\x65\x6d\x31\0\x61\x63\x63\x74\x5f\x76\x6d\x5f\x6d\x65\x6d\
\x31\0\x61\x63\x63\x74\x5f\x74\x69\x6d\x65\x78\x70\x64\0\x6d\x65\x6d\x73\x5f\
\x61\x6c\x6c\x6f\x77\x65\x64\0\x6d\x65\x6d\x73\x5f\x61\x6c\x6c\x6f\x77\x65\x64\
\x5f\x73\x65\x71\0\x63\x70\x75\x73\x65\x74\x5f\x6d\x65\x6d\x5f\x73\x70\x72\x65\
\x61\x64\x5f\x72\x6f\x74\x6f\x72\0\x63\x67\x72\x6f\x75\x70\x73\0\x63\x67\x5f\
\x6c\x69\x73\x74\0\x72\x6f\x62\x75\x73\x74\x5f\x6c\x69\x73\x74\0\x63\x6f\x6d\
\x70\x61\x74\x5f\x72\x6f\x62\x75\x73\x74\x5f\x6c\x69\x73\x74\0\x70\x69\x5f\x73\
\x74\x61\x74\x65\x5f\x6c\x69\x73\x74\0\x70\x69\x5f\x73\x74\x61\x74\x65\x5f\x63\
\x61\x63\x68\x65\0\x66\x75\x74\x65\x78\x5f\x65\x78\x69\x74\x5f\x6d\x75\x74\x65\
\x78\0\x66\x75\x74\x65\x78\x5f\x73\x74\x61\x74\x65\0\x70\x65\x72\x66\x5f\x72\
\x65\x63\x75\x72\x73\x69\x6f\x6e\0\x70\x65\x72\x66\x5f\x65\x76\x65\x6e\x74\x5f\
\x63\x74\x78\x70\0\x70\x65\x72\x66\x5f\x65\x76\x65\x6e\x74\x5f\x6d\x75\x74\x65\
\x78\0\x70\x65\x72\x66\x5f\x65\x76\x65\x6e\x74\x5f\x6c\x69\x73\x74\0\x70\x65\
\x72\x66\x5f\x63\x74\x78\x5f\x64\x61\x74\x61\0\x6d\x65\x6d\x70\x6f\x6c\x69\x63\
\x79\0\x69\x6c\x5f\x70\x72\x65\x76\0\x69\x6c\x5f\x77\x65\x69\x67\x68\x74\0\x70\
\x72\x65\x66\x5f\x6e\x6f\x64\x65\x5f\x66\x6f\x72\x6b\0\x6e\x75\x6d\x61\x5f\x73\
\x63\x61\x6e\x5f\x70\x65\x72\x69\x6f\x64\0\x6e\x75\x6d\x61\x5f\x73\x63\x61\x6e\
\x5f\x70\x65\x72\x69\x6f\x64\x5f\x6d\x61\x78\0\x6e\x75\x6d\x61\x5f\x70\x72\x65\
\x66\x65\x72\x72\x65\x64\x5f\x6e\x69\x64\0\x6e\x75\x6d\x61\x5f\x6d\x69\x67\x72\
\x61\x74\x65\x5f\x72\x65\x74\x72\x79\0\x6e\x6f\x64\x65\x5f\x73\x74\x61\x6d\x70\
\0\x6c\x61\x73\x74\x5f\x74\x61\x73\x6b\x5f\x6e\x75\x6d\x61\x5f\x70\x6c\x61\x63\
\x65\x6d\x65\x6e\x74\0\x6c\x61\x73\x74\x5f\x73\x75\x6d\x5f\x65\x78\x65\x63\x5f\
\x72\x75\x6e\x74\x69\x6d\x65\0\x6e\x75\x6d\x61\x5f\x77\x6f\x72\x6b\0\x6e\x75\
\x6d\x61\x5f\x67\x72\x6f\x75\x70\0\x6e\x75\x6d\x61\x5f\x66\x61\x75\x6c\x74\x73\
\0\x74\x6f\x74\x61\x6c\x5f\x6e\x75\x6d\x61\x5f\x66\x61\x75\x6c\x74\x73\0\x6e\
\x75\x6d\x61\x5f\x66\x61\x75\x6c\x74\x73\x5f\x6c\x6f\x63\x61\x6c\x69\x74\x79\0\
\x6e\x75\x6d\x61\x5f\x70\x61\x67\x65\x73\x5f\x6d\x69\x67\x72\x61\x74\x65\x64\0\
\x72\x73\x65\x71\0\x72\x73\x65\x71\x5f\x6c\x65\x6e\0\x72\x73\x65\x71\x5f\x73\
\x69\x67\0\x72\x73\x65\x71\x5f\x65\x76\x65\x6e\x74\x5f\x6d\x61\x73\x6b\0\x6d\
\x6d\x5f\x63\x69\x64\0\x6c\x61\x73\x74\x5f\x6d\x6d\x5f\x63\x69\x64\0\x6d\x69\
\x67\x72\x61\x74\x65\x5f\x66\x72\x6f\x6d\x5f\x63\x70\x75\0\x6d\x6d\x5f\x63\x69\
\x64\x5f\x61\x63\x74\x69\x76\x65\0\x63\x69\x64\x5f\x77\x6f\x72\x6b\0\x74\x6c\
\x62\x5f\x75\x62\x63\0\x73\x70\x6c\x69\x63\x65\x5f\x70\x69\x70\x65\0\x74\x61\
\x73\x6b\x5f\x66\x72\x61\x67\0\x64\x65\x6c\x61\x79\x73\0\x6e\x72\x5f\x64\x69\
\x72\x74\x69\x65\x64\0\x6e\x72\x5f\x64\x69\x72\x74\x69\x65\x64\x5f\x70\x61\x75\
\x73\x65\0\x64\x69\x72\x74\x79\x5f\x70\x61\x75\x73\x65\x64\x5f\x77\x68\x65\x6e\
\0\x6c\x61\x74\x65\x6e\x63\x79\x5f\x72\x65\x63\x6f\x72\x64\x5f\x63\x6f\x75\x6e\
\x74\0\x6c\x61\x74\x65\x6e\x63\x79\x5f\x72\x65\x63\x6f\x72\x64\0\x74\x69\x6d\
\x65\x72\x5f\x73\x6c\x61\x63\x6b\x5f\x6e\x73\0\x64\x65\x66\x61\x75\x6c\x74\x5f\
\x74\x69\x6d\x65\x72\x5f\x73\x6c\x61\x63\x6b\x5f\x6e\x73\0\x63\x75\x72\x72\x5f\
\x72\x65\x74\x5f\x73\x74\x61\x63\x6b\0\x63\x75\x72\x72\x5f\x72\x65\x74\x5f\x64\
\x65\x70\x74\x68\0\x72\x65\x74\x5f\x73\x74\x61\x63\x6b\0\x66\x74\x72\x61\x63\
\x65\x5f\x74\x69\x6d\x65\x73\x74\x61\x6d\x70\0\x66\x74\x72\x61\x63\x65\x5f\x73\
\x6c\x65\x65\x70\x74\x69\x6d\x65\0\x74\x72\x61\x63\x65\x5f\x6f\x76\x65\x72\x72\
\x75\x6e\0\x74\x72\x61\x63\x69\x6e\x67\x5f\x67\x72\x61\x70\x68\x5f\x70\x61\x75\
\x73\x65\0\x74\x72\x61\x63\x65\x5f\x72\x65\x63\x75\x72\x73\x69\x6f\x6e\0\x6d\
\x65\x6d\x63\x67\x5f\x6e\x72\x5f\x70\x61\x67\x65\x73\x5f\x6f\x76\x65\x72\x5f\
\x68\x69\x67\x68\0\x61\x63\x74\x69\x76\x65\x5f\x6d\x65\x6d\x63\x67\0\x6f\x62\
\x6a\x63\x67\0\x74\x68\x72\x6f\x74\x74\x6c\x65\x5f\x64\x69\x73\x6b\0\x75\x74\
\x61\x73\x6b\0\x73\x65\x71\x75\x65\x6e\x74\x69\x61\x6c\x5f\x69\x6f\0\x73\x65\
\x71\x75\x65\x6e\x74\x69\x61\x6c\x5f\x69\x6f\x5f\x61\x76\x67\0\x6b\x6d\x61\x70\
\x5f\x63\x74\x72\x6c\0\x72\x63\x75\0\x72\x63\x75\x5f\x75\x73\x65\x72\x73\0\x70\
\x61\x67\x65\x66\x61\x75\x6c\x74\x5f\x64\x69\x73\x61\x62\x6c\x65\x64\0\x6f\x6f\
\x6d\x5f\x72\x65\x61\x70\x65\x72\x5f\x6c\x69\x73\x74\0\x6f\x6f\x6d\x5f\x72\x65\
\x61\x70\x65\x72\x5f\x74\x69\x6d\x65\x72\0\x73\x74\x61\x63\x6b\x5f\x76\x6d\x5f\
\x61\x72\x65\x61\0\x73\x74\x61\x63\x6b\x5f\x72\x65\x66\x63\x6f\x75\x6e\x74\0\
\x70\x61\x74\x63\x68\x5f\x73\x74\x61\x74\x65\0\x73\x65\x63\x75\x72\x69\x74\x79\
\0\x62\x70\x66\x5f\x73\x74\x6f\x72\x61\x67\x65\0\x62\x70\x66\x5f\x63\x74\x78\0\
\x62\x70\x66\x5f\x6e\x65\x74\x5f\x63\x6f\x6e\x74\x65\x78\x74\0\x6b\x72\x65\x74\
\x70\x72\x6f\x62\x65\x5f\x69\x6e\x73\x74\x61\x6e\x63\x65\x73\0\x72\x76\0\x75\
\x73\x65\x72\x5f\x65\x76\x65\x6e\x74\x5f\x6d\x6d\0\x74\x68\x72\x65\x61\x64\0\
\x74\x74\x62\x72\x30\0\x73\x63\x73\x5f\x62\x61\x73\x65\0\x73\x63\x73\x5f\x73\
\x70\0\x6d\x70\x61\x6d\x5f\x70\x61\x72\x74\x69\x64\x5f\x70\x6d\x67\0\x70\x72\
\x65\x65\x6d\x70\x74\x5f\x63\x6f\x75\x6e\x74\0\x70\x72\x65\x65\x6d\x70\x74\0\
\x6e\x65\x65\x64\x5f\x72\x65\x73\x63\x68\x65\x64\0\x5f\x5f\x63\x61\x6c\x6c\x5f\
\x73\x69\x6e\x67\x6c\x65\x5f\x6e\x6f\x64\x65\0\x6c\x6c\x69\x73\x74\0\x73\x72\
\x63\0\x64\x73\x74\0\x6c\x6c\x69\x73\x74\x5f\x6e\x6f\x64\x65\0\x75\x5f\x66\x6c\
\x61\x67\x73\0\x61\x5f\x66\x6c\x61\x67\x73\0\x73\x63\x68\x65\x64\x5f\x65\x6e\
\x74\x69\x74\x79\0\x6c\x6f\x61\x64\0\x72\x75\x6e\x5f\x6e\x6f\x64\x65\0\x64\x65\
\x61\x64\x6c\x69\x6e\x65\0\x6d\x69\x6e\x5f\x76\x72\x75\x6e\x74\x69\x6d\x65\0\
\x6d\x69\x6e\x5f\x73\x6c\x69\x63\x65\0\x67\x72\x6f\x75\x70\x5f\x6e\x6f\x64\x65\
\0\x73\x63\x68\x65\x64\x5f\x64\x65\x6c\x61\x79\x65\x64\0\x72\x65\x6c\x5f\x64\
\x65\x61\x64\x6c\x69\x6e\x65\0\x63\x75\x73\x74\x6f\x6d\x5f\x73\x6c\x69\x63\x65\
\0\x65\x78\x65\x63\x5f\x73\x74\x61\x72\x74\0\x73\x75\x6d\x5f\x65\x78\x65\x63\
\x5f\x72\x75\x6e\x74\x69\x6d\x65\0\x70\x72\x65\x76\x5f\x73\x75\x6d\x5f\x65\x78\
\x65\x63\x5f\x72\x75\x6e\x74\x69\x6d\x65\0\x76\x72\x75\x6e\x74\x69\x6d\x65\0\
\x73\x6c\x69\x63\x65\0\x6e\x72\x5f\x6d\x69\x67\x72\x61\x74\x69\x6f\x6e\x73\0\
\x64\x65\x70\x74\x68\0\x63\x66\x73\x5f\x72\x71\0\x6d\x79\x5f\x71\0\x72\x75\x6e\
\x6e\x61\x62\x6c\x65\x5f\x77\x65\x69\x67\x68\x74\0\x61\x76\x67\0\x6c\x6f\x61\
\x64\x5f\x77\x65\x69\x67\x68\x74\0\x77\x65\x69\x67\x68\x74\0\x69\x6e\x76\x5f\
\x77\x65\x69\x67\x68\x74\0\x72\x62\x5f\x6e\x6f\x64\x65\0\x5f\x5f\x72\x62\x5f\
\x70\x61\x72\x65\x6e\x74\x5f\x63\x6f\x6c\x6f\x72\0\x72\x62\x5f\x72\x69\x67\x68\
\x74\0\x72\x62\x5f\x6c\x65\x66\x74\0\x76\x6c\x61\x67\0\x76\x70\x72\x6f\x74\0\
\x73\x63\x68\x65\x64\x5f\x61\x76\x67\0\x6c\x61\x73\x74\x5f\x75\x70\x64\x61\x74\
\x65\x5f\x74\x69\x6d\x65\0\x6c\x6f\x61\x64\x5f\x73\x75\x6d\0\x72\x75\x6e\x6e\
\x61\x62\x6c\x65\x5f\x73\x75\x6d\0\x75\x74\x69\x6c\x5f\x73\x75\x6d\0\x70\x65\
\x72\x69\x6f\x64\x5f\x63\x6f\x6e\x74\x72\x69\x62\0\x6c\x6f\x61\x64\x5f\x61\x76\
\x67\0\x72\x75\x6e\x6e\x61\x62\x6c\x65\x5f\x61\x76\x67\0\x75\x74\x69\x6c\x5f\
\x61\x76\x67\0\x75\x74\x69\x6c\x5f\x65\x73\x74\0\x73\x63\x68\x65\x64\x5f\x72\
\x74\x5f\x65\x6e\x74\x69\x74\x79\0\x72\x75\x6e\x5f\x6c\x69\x73\x74\0\x74\x69\
\x6d\x65\x6f\x75\x74\0\x77\x61\x74\x63\x68\x64\x6f\x67\x5f\x73\x74\x61\x6d\x70\
\0\x74\x69\x6d\x65\x5f\x73\x6c\x69\x63\x65\0\x6f\x6e\x5f\x6c\x69\x73\x74\0\x62\
\x61\x63\x6b\0\x73\x63\x68\x65\x64\x5f\x64\x6c\x5f\x65\x6e\x74\x69\x74\x79\0\
\x64\x6c\x5f\x72\x75\x6e\x74\x69\x6d\x65\0\x64\x6c\x5f\x64\x65\x61\x64\x6c\x69\
\x6e\x65\0\x64\x6c\x5f\x70\x65\x72\x69\x6f\x64\0\x64\x6c\x5f\x62\x77\0\x64\x6c\
\x5f\x64\x65\x6e\x73\x69\x74\x79\0\x72\x75\x6e\x74\x69\x6d\x65\0\x64\x6c\x5f\
\x74\x68\x72\x6f\x74\x74\x6c\x65\x64\0\x64\x6c\x5f\x79\x69\x65\x6c\x64\x65\x64\
\0\x64\x6c\x5f\x6e\x6f\x6e\x5f\x63\x6f\x6e\x74\x65\x6e\x64\x69\x6e\x67\0\x64\
\x6c\x5f\x6f\x76\x65\x72\x72\x75\x6e\0\x64\x6c\x5f\x73\x65\x72\x76\x65\x72\x5f\
\x61\x63\x74\x69\x76\x65\0\x64\x6c\x5f\x64\x65\x66\x65\x72\0\x64\x6c\x5f\x64\
\x65\x66\x65\x72\x5f\x61\x72\x6d\x65\x64\0\x64\x6c\x5f\x64\x65\x66\x65\x72\x5f\
\x72\x75\x6e\x6e\x69\x6e\x67\0\x64\x6c\x5f\x74\x69\x6d\x65\x72\0\x69\x6e\x61\
\x63\x74\x69\x76\x65\x5f\x74\x69\x6d\x65\x72\0\x72\x71\0\x73\x65\x72\x76\x65\
\x72\x5f\x70\x69\x63\x6b\x5f\x74\x61\x73\x6b\0\x70\x69\x5f\x73\x65\0\x68\x72\
\x74\x69\x6d\x65\x72\0\x6e\x6f\x64\x65\0\x5f\x73\x6f\x66\x74\x65\x78\x70\x69\
\x72\x65\x73\0\x66\x75\x6e\x63\x74\x69\x6f\x6e\0\x62\x61\x73\x65\0\x69\x73\x5f\
\x72\x65\x6c\0\x69\x73\x5f\x73\x6f\x66\x74\0\x69\x73\x5f\x68\x61\x72\x64\0\x74\
\x69\x6d\x65\x72\x71\x75\x65\x75\x65\x5f\x6e\x6f\x64\x65\0\x65\x78\x70\x69\x72\
\x65\x73\0\x6b\x74\x69\x6d\x65\x5f\x74\0\x68\x72\x74\x69\x6d\x65\x72\x5f\x72\
\x65\x73\x74\x61\x72\x74\0\x48\x52\x54\x49\x4d\x45\x52\x5f\x4e\x4f\x52\x45\x53\
\x54\x41\x52\x54\0\x48\x52\x54\x49\x4d\x45\x52\x5f\x52\x45\x53\x54\x41\x52\x54\
\0\x64\x6c\x5f\x73\x65\x72\x76\x65\x72\x5f\x70\x69\x63\x6b\x5f\x66\0\x73\x63\
\x68\x65\x64\x5f\x65\x78\x74\x5f\x65\x6e\x74\x69\x74\x79\0\x64\x73\x71\0\x64\
\x73\x71\x5f\x6c\x69\x73\x74\0\x64\x73\x71\x5f\x70\x72\x69\x71\0\x64\x73\x71\
\x5f\x73\x65\x71\0\x64\x73\x71\x5f\x66\x6c\x61\x67\x73\0\x73\x74\x69\x63\x6b\
\x79\x5f\x63\x70\x75\0\x68\x6f\x6c\x64\x69\x6e\x67\x5f\x63\x70\x75\0\x73\x65\
\x6c\x65\x63\x74\x65\x64\x5f\x63\x70\x75\0\x6b\x66\x5f\x6d\x61\x73\x6b\0\x6b\
\x66\x5f\x74\x61\x73\x6b\x73\0\x6f\x70\x73\x5f\x73\x74\x61\x74\x65\0\x72\x75\
\x6e\x6e\x61\x62\x6c\x65\x5f\x6e\x6f\x64\x65\0\x72\x75\x6e\x6e\x61\x62\x6c\x65\
\x5f\x61\x74\0\x63\x6f\x72\x65\x5f\x73\x63\x68\x65\x64\x5f\x61\x74\0\x64\x64\
\x73\x70\x5f\x64\x73\x71\x5f\x69\x64\0\x64\x64\x73\x70\x5f\x65\x6e\x71\x5f\x66\
\x6c\x61\x67\x73\0\x64\x73\x71\x5f\x76\x74\x69\x6d\x65\0\x64\x69\x73\x61\x6c\
\x6c\x6f\x77\0\x63\x67\x72\x70\x5f\x6d\x6f\x76\x69\x6e\x67\x5f\x66\x72\x6f\x6d\
\0\x74\x61\x73\x6b\x73\x5f\x6e\x6f\x64\x65\0\x73\x63\x78\x5f\x64\x73\x71\x5f\
\x6c\x69\x73\x74\x5f\x6e\x6f\x64\x65\0\x70\x72\x69\x76\0\x62\x6f\x6f\x6c\0\x5f\
\x42\x6f\x6f\x6c\0\x75\x63\x6c\x61\x6d\x70\x5f\x73\x65\0\x62\x75\x63\x6b\x65\
\x74\x5f\x69\x64\0\x61\x63\x74\x69\x76\x65\0\x75\x73\x65\x72\x5f\x64\x65\x66\
\x69\x6e\x65\x64\0\x73\x63\x68\x65\x64\x5f\x73\x74\x61\x74\x69\x73\x74\x69\x63\
\x73\0\x77\x61\x69\x74\x5f\x73\x74\x61\x72\x74\0\x77\x61\x69\x74\x5f\x6d\x61\
\x78\0\x77\x61\x69\x74\x5f\x63\x6f\x75\x6e\x74\0\x77\x61\x69\x74\x5f\x73\x75\
\x6d\0\x69\x6f\x77\x61\x69\x74\x5f\x63\x6f\x75\x6e\x74\0\x69\x6f\x77\x61\x69\
\x74\x5f\x73\x75\x6d\0\x73\x6c\x65\x65\x70\x5f\x73\x74\x61\x72\x74\0\x73\x6c\
\x65\x65\x70\x5f\x6d\x61\x78\0\x73\x75\x6d\x5f\x73\x6c\x65\x65\x70\x5f\x72\x75\
\x6e\x74\x69\x6d\x65\0\x62\x6c\x6f\x63\x6b\x5f\x73\x74\x61\x72\x74\0\x62\x6c\
\x6f\x63\x6b\x5f\x6d\x61\x78\0\x73\x75\x6d\x5f\x62\x6c\x6f\x63\x6b\x5f\x72\x75\
\x6e\x74\x69\x6d\x65\0\x65\x78\x65\x63\x5f\x6d\x61\x78\0\x73\x6c\x69\x63\x65\
\x5f\x6d\x61\x78\0\x6e\x72\x5f\x6d\x69\x67\x72\x61\x74\x69\x6f\x6e\x73\x5f\x63\
\x6f\x6c\x64\0\x6e\x72\x5f\x66\x61\x69\x6c\x65\x64\x5f\x6d\x69\x67\x72\x61\x74\
\x69\x6f\x6e\x73\x5f\x61\x66\x66\x69\x6e\x65\0\x6e\x72\x5f\x66\x61\x69\x6c\x65\
\x64\x5f\x6d\x69\x67\x72\x61\x74\x69\x6f\x6e\x73\x5f\x72\x75\x6e\x6e\x69\x6e\
\x67\0\x6e\x72\x5f\x66\x61\x69\x6c\x65\x64\x5f\x6d\x69\x67\x72\x61\x74\x69\x6f\
\x6e\x73\x5f\x68\x6f\x74\0\x6e\x72\x5f\x66\x6f\x72\x63\x65\x64\x5f\x6d\x69\x67\
\x72\x61\x74\x69\x6f\x6e\x73\0\x6e\x72\x5f\x77\x61\x6b\x65\x75\x70\x73\0\x6e\
\x72\x5f\x77\x61\x6b\x65\x75\x70\x73\x5f\x73\x79\x6e\x63\0\x6e\x72\x5f\x77\x61\
\x6b\x65\x75\x70\x73\x5f\x6d\x69\x67\x72\x61\x74\x65\0\x6e\x72\x5f\x77\x61\x6b\
\x65\x75\x70\x73\x5f\x6c\x6f\x63\x61\x6c\0\x6e\x72\x5f\x77\x61\x6b\x65\x75\x70\
\x73\x5f\x72\x65\x6d\x6f\x74\x65\0\x6e\x72\x5f\x77\x61\x6b\x65\x75\x70\x73\x5f\
\x61\x66\x66\x69\x6e\x65\0\x6e\x72\x5f\x77\x61\x6b\x65\x75\x70\x73\x5f\x61\x66\
\x66\x69\x6e\x65\x5f\x61\x74\x74\x65\x6d\x70\x74\x73\0\x6e\x72\x5f\x77\x61\x6b\
\x65\x75\x70\x73\x5f\x70\x61\x73\x73\x69\x76\x65\0\x6e\x72\x5f\x77\x61\x6b\x65\
\x75\x70\x73\x5f\x69\x64\x6c\x65\0\x63\x6f\x72\x65\x5f\x66\x6f\x72\x63\x65\x69\
\x64\x6c\x65\x5f\x73\x75\x6d\0\x68\x6c\x69\x73\x74\x5f\x68\x65\x61\x64\0\x66\
\x69\x72\x73\x74\0\x63\x70\x75\x6d\x61\x73\x6b\x5f\x74\0\x63\x70\x75\x6d\x61\
\x73\x6b\0\x62\x69\x74\x73\0\x72\x63\x75\x5f\x73\x70\x65\x63\x69\x61\x6c\0\x62\
\0\x73\0\x6e\x65\x65\x64\x5f\x71\x73\0\x65\x78\x70\x5f\x68\x69\x6e\x74\0\x6e\
\x65\x65\x64\x5f\x6d\x62\0\x70\x63\x6f\x75\x6e\x74\0\x72\x75\x6e\x5f\x64\x65\
\x6c\x61\x79\0\x6d\x61\x78\x5f\x72\x75\x6e\x5f\x64\x65\x6c\x61\x79\0\x6d\x69\
\x6e\x5f\x72\x75\x6e\x5f\x64\x65\x6c\x61\x79\0\x6c\x61\x73\x74\x5f\x61\x72\x72\
\x69\x76\x61\x6c\0\x6c\x61\x73\x74\x5f\x71\x75\x65\x75\x65\x64\0\x70\x6c\x69\
\x73\x74\x5f\x6e\x6f\x64\x65\0\x70\x72\x69\x6f\x5f\x6c\x69\x73\x74\0\x6e\x6f\
\x64\x65\x5f\x6c\x69\x73\x74\0\x61\x72\x63\x68\x5f\x64\x61\x74\x61\0\x66\x6e\0\
\x6c\x6f\x6e\x67\0\x66\x75\x74\x65\x78\0\x6e\x61\x6e\x6f\x73\x6c\x65\x65\x70\0\
\x70\x6f\x6c\x6c\0\x75\x61\x64\x64\x72\0\x62\x69\x74\x73\x65\x74\0\x74\x69\x6d\
\x65\0\x75\x61\x64\x64\x72\x32\0\x63\x6c\x6f\x63\x6b\x69\x64\0\x63\x6c\x6f\x63\
\x6b\x69\x64\x5f\x74\0\x5f\x5f\x6b\x65\x72\x6e\x65\x6c\x5f\x63\x6c\x6f\x63\x6b\
\x69\x64\x5f\x74\0\x74\x69\x6d\x65\x73\x70\x65\x63\x5f\x74\x79\x70\x65\0\x54\
\x54\x5f\x4e\x4f\x4e\x45\0\x54\x54\x5f\x4e\x41\x54\x49\x56\x45\0\x54\x54\x5f\
\x43\x4f\x4d\x50\x41\x54\0\x72\x6d\x74\x70\0\x63\x6f\x6d\x70\x61\x74\x5f\x72\
\x6d\x74\x70\0\x75\x66\x64\x73\0\x6e\x66\x64\x73\0\x68\x61\x73\x5f\x74\x69\x6d\
\x65\x6f\x75\x74\0\x74\x76\x5f\x73\x65\x63\0\x74\x76\x5f\x6e\x73\x65\x63\0\x70\
\x69\x64\x5f\x74\0\x5f\x5f\x6b\x65\x72\x6e\x65\x6c\x5f\x70\x69\x64\x5f\x74\0\
\x68\x6c\x69\x73\x74\x5f\x6e\x6f\x64\x65\0\x70\x70\x72\x65\x76\0\x73\x74\x61\
\x72\x74\x74\x69\x6d\x65\0\x76\x74\x69\x6d\x65\x5f\x73\x74\x61\x74\x65\0\x56\
\x54\x49\x4d\x45\x5f\x49\x4e\x41\x43\x54\x49\x56\x45\0\x56\x54\x49\x4d\x45\x5f\
\x49\x44\x4c\x45\0\x56\x54\x49\x4d\x45\x5f\x53\x59\x53\0\x56\x54\x49\x4d\x45\
\x5f\x55\x53\x45\x52\0\x56\x54\x49\x4d\x45\x5f\x47\x55\x45\x53\x54\0\x62\x61\
\x73\x65\x73\0\x74\x69\x6d\x65\x72\x73\x5f\x61\x63\x74\x69\x76\x65\0\x65\x78\
\x70\x69\x72\x79\x5f\x61\x63\x74\x69\x76\x65\0\x70\x6f\x73\x69\x78\x5f\x63\x70\
\x75\x74\x69\x6d\x65\x72\x5f\x62\x61\x73\x65\0\x6e\x65\x78\x74\x65\x76\x74\0\
\x74\x71\x68\x65\x61\x64\0\x74\x69\x6d\x65\x72\x71\x75\x65\x75\x65\x5f\x68\x65\
\x61\x64\0\x72\x62\x5f\x72\x6f\x6f\x74\0\x72\x62\x5f\x72\x6f\x6f\x74\x5f\x63\
\x61\x63\x68\x65\x64\0\x72\x62\x5f\x6c\x65\x66\x74\x6d\x6f\x73\x74\0\x77\x6f\
\x72\x6b\0\x73\x63\x68\x65\x64\x75\x6c\x65\x64\0\x75\x69\x64\0\x67\x69\x64\0\
\x73\x75\x69\x64\0\x73\x67\x69\x64\0\x65\x75\x69\x64\0\x65\x67\x69\x64\0\x66\
\x73\x75\x69\x64\0\x66\x73\x67\x69\x64\0\x73\x65\x63\x75\x72\x65\x62\x69\x74\
\x73\0\x63\x61\x70\x5f\x69\x6e\x68\x65\x72\x69\x74\x61\x62\x6c\x65\0\x63\x61\
\x70\x5f\x70\x65\x72\x6d\x69\x74\x74\x65\x64\0\x63\x61\x70\x5f\x65\x66\x66\x65\
\x63\x74\x69\x76\x65\0\x63\x61\x70\x5f\x62\x73\x65\x74\0\x63\x61\x70\x5f\x61\
\x6d\x62\x69\x65\x6e\x74\0\x6a\x69\x74\x5f\x6b\x65\x79\x72\x69\x6e\x67\0\x73\
\x65\x73\x73\x69\x6f\x6e\x5f\x6b\x65\x79\x72\x69\x6e\x67\0\x70\x72\x6f\x63\x65\
\x73\x73\x5f\x6b\x65\x79\x72\x69\x6e\x67\0\x74\x68\x72\x65\x61\x64\x5f\x6b\x65\
\x79\x72\x69\x6e\x67\0\x72\x65\x71\x75\x65\x73\x74\x5f\x6b\x65\x79\x5f\x61\x75\
\x74\x68\0\x75\x73\x65\x72\0\x75\x63\x6f\x75\x6e\x74\x73\0\x67\x72\x6f\x75\x70\
\x5f\x69\x6e\x66\x6f\0\x6b\x75\x69\x64\x5f\x74\0\x75\x69\x64\x5f\x74\0\x5f\x5f\
\x6b\x65\x72\x6e\x65\x6c\x5f\x75\x69\x64\x33\x32\x5f\x74\0\x6b\x67\x69\x64\x5f\
\x74\0\x67\x69\x64\x5f\x74\0\x5f\x5f\x6b\x65\x72\x6e\x65\x6c\x5f\x67\x69\x64\
\x33\x32\x5f\x74\0\x6b\x65\x72\x6e\x65\x6c\x5f\x63\x61\x70\x5f\x74\0\x6e\x6f\
\x6e\x5f\x72\x63\x75\0\x73\x79\x73\x76\x5f\x73\x65\x6d\0\x75\x6e\x64\x6f\x5f\
\x6c\x69\x73\x74\0\x73\x79\x73\x76\x5f\x73\x68\x6d\0\x73\x68\x6d\x5f\x63\x6c\
\x69\x73\x74\0\x73\x69\x67\x73\x65\x74\x5f\x74\0\x73\x69\x67\0\x73\x69\x67\x70\
\x65\x6e\x64\x69\x6e\x67\0\x73\x69\x7a\x65\x5f\x74\0\x5f\x5f\x6b\x65\x72\x6e\
\x65\x6c\x5f\x73\x69\x7a\x65\x5f\x74\0\x5f\x5f\x6b\x65\x72\x6e\x65\x6c\x5f\x75\
\x6c\x6f\x6e\x67\x5f\x74\0\x6d\x6f\x64\x65\0\x66\x69\x6c\x74\x65\x72\x5f\x63\
\x6f\x75\x6e\x74\0\x66\x69\x6c\x74\x65\x72\0\x73\x79\x73\x63\x61\x6c\x6c\x5f\
\x75\x73\x65\x72\x5f\x64\x69\x73\x70\x61\x74\x63\x68\0\x77\x61\x6b\x65\x5f\x71\
\x5f\x6e\x6f\x64\x65\0\x6b\x65\x72\x6e\x65\x6c\x5f\x73\x69\x67\x69\x6e\x66\x6f\
\x5f\x74\0\x74\x61\x73\x6b\x5f\x69\x6f\x5f\x61\x63\x63\x6f\x75\x6e\x74\x69\x6e\
\x67\0\x72\x63\x68\x61\x72\0\x77\x63\x68\x61\x72\0\x73\x79\x73\x63\x72\0\x73\
\x79\x73\x63\x77\0\x72\x65\x61\x64\x5f\x62\x79\x74\x65\x73\0\x77\x72\x69\x74\
\x65\x5f\x62\x79\x74\x65\x73\0\x63\x61\x6e\x63\x65\x6c\x6c\x65\x64\x5f\x77\x72\
\x69\x74\x65\x5f\x62\x79\x74\x65\x73\0\x6e\x6f\x64\x65\x6d\x61\x73\x6b\x5f\x74\
\0\x73\x65\x71\x63\x6f\x75\x6e\x74\x5f\x73\x70\x69\x6e\x6c\x6f\x63\x6b\x5f\x74\
\0\x73\x65\x71\x63\x6f\x75\x6e\x74\x5f\x73\x70\x69\x6e\x6c\x6f\x63\x6b\0\x73\
\x68\x6f\x72\x74\0\x74\x6c\x62\x66\x6c\x75\x73\x68\x5f\x75\x6e\x6d\x61\x70\x5f\
\x62\x61\x74\x63\x68\0\x61\x72\x63\x68\0\x66\x6c\x75\x73\x68\x5f\x72\x65\x71\
\x75\x69\x72\x65\x64\0\x77\x72\x69\x74\x61\x62\x6c\x65\0\x61\x72\x63\x68\x5f\
\x74\x6c\x62\x66\x6c\x75\x73\x68\x5f\x75\x6e\x6d\x61\x70\x5f\x62\x61\x74\x63\
\x68\0\x70\x61\x67\x65\x5f\x66\x72\x61\x67\0\x70\x61\x67\x65\0\x6f\x66\x66\x73\
\x65\x74\0\x73\x69\x7a\x65\0\x62\x61\x63\x6b\x74\x72\x61\x63\x65\0\x6d\x61\x78\
\0\x74\x69\x6d\x65\x72\x5f\x6c\x69\x73\x74\0\x6c\x6c\x69\x73\x74\x5f\x68\x65\
\x61\x64\0\x72\x76\x5f\x74\x61\x73\x6b\x5f\x6d\x6f\x6e\x69\x74\x6f\x72\0\x64\
\x61\x5f\x6d\x6f\x6e\0\x6c\x74\x6c\x5f\x6d\x6f\x6e\0\x64\x61\x5f\x6d\x6f\x6e\
\x69\x74\x6f\x72\0\x6d\x6f\x6e\x69\x74\x6f\x72\x69\x6e\x67\0\x63\x75\x72\x72\
\x5f\x73\x74\x61\x74\x65\0\x6c\x74\x6c\x5f\x6d\x6f\x6e\x69\x74\x6f\x72\0\x74\
\x68\x72\x65\x61\x64\x5f\x73\x74\x72\x75\x63\x74\0\x63\x70\x75\x5f\x63\x6f\x6e\
\x74\x65\x78\x74\0\x75\x77\0\x66\x70\x5f\x74\x79\x70\x65\0\x66\x70\x73\x69\x6d\
\x64\x5f\x63\x70\x75\0\x73\x76\x65\x5f\x73\x74\x61\x74\x65\0\x73\x6d\x65\x5f\
\x73\x74\x61\x74\x65\0\x76\x6c\0\x76\x6c\x5f\x6f\x6e\x65\x78\x65\x63\0\x66\x61\
\x75\x6c\x74\x5f\x61\x64\x64\x72\x65\x73\x73\0\x66\x61\x75\x6c\x74\x5f\x63\x6f\
\x64\x65\0\x64\x65\x62\x75\x67\0\x6b\x65\x72\x6e\x65\x6c\x5f\x66\x70\x73\x69\
\x6d\x64\x5f\x73\x74\x61\x74\x65\0\x6b\x65\x72\x6e\x65\x6c\x5f\x66\x70\x73\x69\
\x6d\x64\x5f\x63\x70\x75\0\x6b\x65\x79\x73\x5f\x75\x73\x65\x72\0\x6b\x65\x79\
\x73\x5f\x6b\x65\x72\x6e\x65\x6c\0\x6d\x74\x65\x5f\x63\x74\x72\x6c\0\x73\x63\
\x74\x6c\x72\x5f\x75\x73\x65\x72\0\x73\x76\x63\x72\0\x74\x70\x69\x64\x72\x32\
\x5f\x65\x6c\x30\0\x70\x6f\x72\x5f\x65\x6c\x30\0\x78\x31\x39\0\x78\x32\x30\0\
\x78\x32\x31\0\x78\x32\x32\0\x78\x32\x33\0\x78\x32\x34\0\x78\x32\x35\0\x78\x32\
\x36\0\x78\x32\x37\0\x78\x32\x38\0\x74\x70\x5f\x76\x61\x6c\x75\x65\0\x74\x70\
\x32\x5f\x76\x61\x6c\x75\x65\0\x66\x70\x6d\x72\0\x70\x61\x64\0\x66\x70\x73\x69\
\x6d\x64\x5f\x73\x74\x61\x74\x65\0\x75\x73\x65\x72\x5f\x66\x70\x73\x69\x6d\x64\
\x5f\x73\x74\x61\x74\x65\0\x76\x72\x65\x67\x73\0\x66\x70\x73\x72\0\x66\x70\x63\
\x72\0\x5f\x5f\x72\x65\x73\x65\x72\x76\x65\x64\0\x75\x6e\x73\x69\x67\x6e\x65\
\x64\x20\x5f\x5f\x69\x6e\x74\x31\x32\x38\0\x46\x50\x5f\x53\x54\x41\x54\x45\x5f\
\x43\x55\x52\x52\x45\x4e\x54\0\x46\x50\x5f\x53\x54\x41\x54\x45\x5f\x46\x50\x53\
\x49\x4d\x44\0\x46\x50\x5f\x53\x54\x41\x54\x45\x5f\x53\x56\x45\0\x64\x65\x62\
\x75\x67\x5f\x69\x6e\x66\x6f\0\x73\x75\x73\x70\x65\x6e\x64\x65\x64\x5f\x73\x74\
\x65\x70\0\x62\x70\x73\x5f\x64\x69\x73\x61\x62\x6c\x65\x64\0\x77\x70\x73\x5f\
\x64\x69\x73\x61\x62\x6c\x65\x64\0\x68\x62\x70\x5f\x62\x72\x65\x61\x6b\0\x68\
\x62\x70\x5f\x77\x61\x74\x63\x68\0\x70\x65\x72\x66\x5f\x65\x76\x65\x6e\x74\0\
\x65\x76\x65\x6e\x74\x5f\x65\x6e\x74\x72\x79\0\x73\x69\x62\x6c\x69\x6e\x67\x5f\
\x6c\x69\x73\x74\0\x61\x63\x74\x69\x76\x65\x5f\x6c\x69\x73\x74\0\x67\x72\x6f\
\x75\x70\x5f\x69\x6e\x64\x65\x78\0\x6d\x69\x67\x72\x61\x74\x65\x5f\x65\x6e\x74\
\x72\x79\0\x68\x6c\x69\x73\x74\x5f\x65\x6e\x74\x72\x79\0\x61\x63\x74\x69\x76\
\x65\x5f\x65\x6e\x74\x72\x79\0\x6e\x72\x5f\x73\x69\x62\x6c\x69\x6e\x67\x73\0\
\x65\x76\x65\x6e\x74\x5f\x63\x61\x70\x73\0\x67\x72\x6f\x75\x70\x5f\x63\x61\x70\
\x73\0\x67\x72\x6f\x75\x70\x5f\x67\x65\x6e\x65\x72\x61\x74\x69\x6f\x6e\0\x70\
\x6d\x75\0\x70\x6d\x75\x5f\x70\x72\x69\x76\x61\x74\x65\0\x61\x74\x74\x61\x63\
\x68\x5f\x73\x74\x61\x74\x65\0\x63\x68\x69\x6c\x64\x5f\x63\x6f\x75\x6e\x74\0\
\x74\x6f\x74\x61\x6c\x5f\x74\x69\x6d\x65\x5f\x65\x6e\x61\x62\x6c\x65\x64\0\x74\
\x6f\x74\x61\x6c\x5f\x74\x69\x6d\x65\x5f\x72\x75\x6e\x6e\x69\x6e\x67\0\x74\x73\
\x74\x61\x6d\x70\0\x61\x74\x74\x72\0\x68\x65\x61\x64\x65\x72\x5f\x73\x69\x7a\
\x65\0\x69\x64\x5f\x68\x65\x61\x64\x65\x72\x5f\x73\x69\x7a\x65\0\x72\x65\x61\
\x64\x5f\x73\x69\x7a\x65\0\x68\x77\0\x70\x6d\x75\x5f\x63\x74\x78\0\x72\x65\x66\
\x63\x6f\x75\x6e\x74\0\x63\x68\x69\x6c\x64\x5f\x74\x6f\x74\x61\x6c\x5f\x74\x69\
\x6d\x65\x5f\x65\x6e\x61\x62\x6c\x65\x64\0\x63\x68\x69\x6c\x64\x5f\x74\x6f\x74\
\x61\x6c\x5f\x74\x69\x6d\x65\x5f\x72\x75\x6e\x6e\x69\x6e\x67\0\x63\x68\x69\x6c\
\x64\x5f\x6d\x75\x74\x65\x78\0\x63\x68\x69\x6c\x64\x5f\x6c\x69\x73\x74\0\x6f\
\x6e\x63\x70\x75\0\x6f\x77\x6e\x65\x72\x5f\x65\x6e\x74\x72\x79\0\x6d\x6d\x61\
\x70\x5f\x6d\x75\x74\x65\x78\0\x6d\x6d\x61\x70\x5f\x63\x6f\x75\x6e\x74\0\x72\
\x62\0\x72\x62\x5f\x65\x6e\x74\x72\x79\0\x72\x63\x75\x5f\x62\x61\x74\x63\x68\
\x65\x73\0\x72\x63\x75\x5f\x70\x65\x6e\x64\x69\x6e\x67\0\x77\x61\x69\x74\x71\0\
\x66\x61\x73\x79\x6e\x63\0\x70\x65\x6e\x64\x69\x6e\x67\x5f\x77\x61\x6b\x65\x75\
\x70\0\x70\x65\x6e\x64\x69\x6e\x67\x5f\x6b\x69\x6c\x6c\0\x70\x65\x6e\x64\x69\
\x6e\x67\x5f\x64\x69\x73\x61\x62\x6c\x65\0\x70\x65\x6e\x64\x69\x6e\x67\x5f\x61\
\x64\x64\x72\0\x70\x65\x6e\x64\x69\x6e\x67\x5f\x69\x72\x71\0\x70\x65\x6e\x64\
\x69\x6e\x67\x5f\x64\x69\x73\x61\x62\x6c\x65\x5f\x69\x72\x71\0\x70\x65\x6e\x64\
\x69\x6e\x67\x5f\x74\x61\x73\x6b\0\x70\x65\x6e\x64\x69\x6e\x67\x5f\x77\x6f\x72\
\x6b\0\x65\x76\x65\x6e\x74\x5f\x6c\x69\x6d\x69\x74\0\x61\x64\x64\x72\x5f\x66\
\x69\x6c\x74\x65\x72\x73\0\x61\x64\x64\x72\x5f\x66\x69\x6c\x74\x65\x72\x5f\x72\
\x61\x6e\x67\x65\x73\0\x61\x64\x64\x72\x5f\x66\x69\x6c\x74\x65\x72\x73\x5f\x67\
\x65\x6e\0\x61\x75\x78\x5f\x65\x76\x65\x6e\x74\0\x64\x65\x73\x74\x72\x6f\x79\0\
\x6e\x73\0\x6c\x6f\x73\x74\x5f\x73\x61\x6d\x70\x6c\x65\x73\0\x63\x6c\x6f\x63\
\x6b\0\x6f\x76\x65\x72\x66\x6c\x6f\x77\x5f\x68\x61\x6e\x64\x6c\x65\x72\0\x6f\
\x76\x65\x72\x66\x6c\x6f\x77\x5f\x68\x61\x6e\x64\x6c\x65\x72\x5f\x63\x6f\x6e\
\x74\x65\x78\x74\0\x70\x72\x6f\x67\0\x62\x70\x66\x5f\x63\x6f\x6f\x6b\x69\x65\0\
\x74\x70\x5f\x65\x76\x65\x6e\x74\0\x66\x74\x72\x61\x63\x65\x5f\x6f\x70\x73\0\
\x63\x67\x72\x70\0\x73\x62\x5f\x6c\x69\x73\x74\0\x70\x6d\x75\x5f\x6c\x69\x73\
\x74\0\x6f\x72\x69\x67\x5f\x74\x79\x70\x65\0\x70\x65\x72\x66\x5f\x65\x76\x65\
\x6e\x74\x5f\x73\x74\x61\x74\x65\0\x50\x45\x52\x46\x5f\x45\x56\x45\x4e\x54\x5f\
\x53\x54\x41\x54\x45\x5f\x44\x45\x41\x44\0\x50\x45\x52\x46\x5f\x45\x56\x45\x4e\
\x54\x5f\x53\x54\x41\x54\x45\x5f\x52\x45\x56\x4f\x4b\x45\x44\0\x50\x45\x52\x46\
\x5f\x45\x56\x45\x4e\x54\x5f\x53\x54\x41\x54\x45\x5f\x45\x58\x49\x54\0\x50\x45\
\x52\x46\x5f\x45\x56\x45\x4e\x54\x5f\x53\x54\x41\x54\x45\x5f\x45\x52\x52\x4f\
\x52\0\x50\x45\x52\x46\x5f\x45\x56\x45\x4e\x54\x5f\x53\x54\x41\x54\x45\x5f\x4f\
\x46\x46\0\x50\x45\x52\x46\x5f\x45\x56\x45\x4e\x54\x5f\x53\x54\x41\x54\x45\x5f\
\x49\x4e\x41\x43\x54\x49\x56\x45\0\x50\x45\x52\x46\x5f\x45\x56\x45\x4e\x54\x5f\
\x53\x54\x41\x54\x45\x5f\x41\x43\x54\x49\x56\x45\0\x6c\x6f\x63\x61\x6c\x36\x34\
\x5f\x74\0\x61\0\x6c\x6f\x63\x61\x6c\x5f\x74\0\x70\x65\x72\x66\x5f\x65\x76\x65\
\x6e\x74\x5f\x61\x74\x74\x72\0\x63\x6f\x6e\x66\x69\x67\0\x73\x61\x6d\x70\x6c\
\x65\x5f\x74\x79\x70\x65\0\x72\x65\x61\x64\x5f\x66\x6f\x72\x6d\x61\x74\0\x64\
\x69\x73\x61\x62\x6c\x65\x64\0\x69\x6e\x68\x65\x72\x69\x74\0\x65\x78\x63\x6c\
\x75\x73\x69\x76\x65\0\x65\x78\x63\x6c\x75\x64\x65\x5f\x75\x73\x65\x72\0\x65\
\x78\x63\x6c\x75\x64\x65\x5f\x6b\x65\x72\x6e\x65\x6c\0\x65\x78\x63\x6c\x75\x64\
\x65\x5f\x68\x76\0\x65\x78\x63\x6c\x75\x64\x65\x5f\x69\x64\x6c\x65\0\x6d\x6d\
\x61\x70\0\x66\x72\x65\x71\0\x69\x6e\x68\x65\x72\x69\x74\x5f\x73\x74\x61\x74\0\
\x65\x6e\x61\x62\x6c\x65\x5f\x6f\x6e\x5f\x65\x78\x65\x63\0\x77\x61\x74\x65\x72\
\x6d\x61\x72\x6b\0\x70\x72\x65\x63\x69\x73\x65\x5f\x69\x70\0\x6d\x6d\x61\x70\
\x5f\x64\x61\x74\x61\0\x73\x61\x6d\x70\x6c\x65\x5f\x69\x64\x5f\x61\x6c\x6c\0\
\x65\x78\x63\x6c\x75\x64\x65\x5f\x68\x6f\x73\x74\0\x65\x78\x63\x6c\x75\x64\x65\
\x5f\x67\x75\x65\x73\x74\0\x65\x78\x63\x6c\x75\x64\x65\x5f\x63\x61\x6c\x6c\x63\
\x68\x61\x69\x6e\x5f\x6b\x65\x72\x6e\x65\x6c\0\x65\x78\x63\x6c\x75\x64\x65\x5f\
\x63\x61\x6c\x6c\x63\x68\x61\x69\x6e\x5f\x75\x73\x65\x72\0\x6d\x6d\x61\x70\x32\
\0\x63\x6f\x6d\x6d\x5f\x65\x78\x65\x63\0\x75\x73\x65\x5f\x63\x6c\x6f\x63\x6b\
\x69\x64\0\x63\x6f\x6e\x74\x65\x78\x74\x5f\x73\x77\x69\x74\x63\x68\0\x77\x72\
\x69\x74\x65\x5f\x62\x61\x63\x6b\x77\x61\x72\x64\0\x6e\x61\x6d\x65\x73\x70\x61\
\x63\x65\x73\0\x6b\x73\x79\x6d\x62\x6f\x6c\0\x62\x70\x66\x5f\x65\x76\x65\x6e\
\x74\0\x61\x75\x78\x5f\x6f\x75\x74\x70\x75\x74\0\x63\x67\x72\x6f\x75\x70\0\x74\
\x65\x78\x74\x5f\x70\x6f\x6b\x65\0\x62\x75\x69\x6c\x64\x5f\x69\x64\0\x69\x6e\
\x68\x65\x72\x69\x74\x5f\x74\x68\x72\x65\x61\x64\0\x72\x65\x6d\x6f\x76\x65\x5f\
\x6f\x6e\x5f\x65\x78\x65\x63\0\x73\x69\x67\x74\x72\x61\x70\0\x5f\x5f\x72\x65\
\x73\x65\x72\x76\x65\x64\x5f\x31\0\x62\x70\x5f\x74\x79\x70\x65\0\x62\x72\x61\
\x6e\x63\x68\x5f\x73\x61\x6d\x70\x6c\x65\x5f\x74\x79\x70\x65\0\x73\x61\x6d\x70\
\x6c\x65\x5f\x72\x65\x67\x73\x5f\x75\x73\x65\x72\0\x73\x61\x6d\x70\x6c\x65\x5f\
\x73\x74\x61\x63\x6b\x5f\x75\x73\x65\x72\0\x73\x61\x6d\x70\x6c\x65\x5f\x72\x65\
\x67\x73\x5f\x69\x6e\x74\x72\0\x61\x75\x78\x5f\x77\x61\x74\x65\x72\x6d\x61\x72\
\x6b\0\x73\x61\x6d\x70\x6c\x65\x5f\x6d\x61\x78\x5f\x73\x74\x61\x63\x6b\0\x5f\
\x5f\x72\x65\x73\x65\x72\x76\x65\x64\x5f\x32\0\x61\x75\x78\x5f\x73\x61\x6d\x70\
\x6c\x65\x5f\x73\x69\x7a\x65\0\x73\x69\x67\x5f\x64\x61\x74\x61\0\x63\x6f\x6e\
\x66\x69\x67\x33\0\x73\x61\x6d\x70\x6c\x65\x5f\x70\x65\x72\x69\x6f\x64\0\x73\
\x61\x6d\x70\x6c\x65\x5f\x66\x72\x65\x71\0\x77\x61\x6b\x65\x75\x70\x5f\x65\x76\
\x65\x6e\x74\x73\0\x77\x61\x6b\x65\x75\x70\x5f\x77\x61\x74\x65\x72\x6d\x61\x72\
\x6b\0\x62\x70\x5f\x61\x64\x64\x72\0\x6b\x70\x72\x6f\x62\x65\x5f\x66\x75\x6e\
\x63\0\x75\x70\x72\x6f\x62\x65\x5f\x70\x61\x74\x68\0\x63\x6f\x6e\x66\x69\x67\
\x31\0\x62\x70\x5f\x6c\x65\x6e\0\x6b\x70\x72\x6f\x62\x65\x5f\x61\x64\x64\x72\0\
\x70\x72\x6f\x62\x65\x5f\x6f\x66\x66\x73\x65\x74\0\x63\x6f\x6e\x66\x69\x67\x32\
\0\x61\x75\x78\x5f\x61\x63\x74\x69\x6f\x6e\0\x61\x75\x78\x5f\x73\x74\x61\x72\
\x74\x5f\x70\x61\x75\x73\x65\x64\0\x61\x75\x78\x5f\x70\x61\x75\x73\x65\0\x61\
\x75\x78\x5f\x72\x65\x73\x75\x6d\x65\0\x5f\x5f\x72\x65\x73\x65\x72\x76\x65\x64\
\x5f\x33\0\x68\x77\x5f\x70\x65\x72\x66\x5f\x65\x76\x65\x6e\x74\0\x74\x61\x72\
\x67\x65\x74\0\x70\x72\x65\x76\x5f\x63\x6f\x75\x6e\x74\0\x69\x6e\x74\x65\x72\
\x72\x75\x70\x74\x73\x5f\x73\x65\x71\0\x69\x6e\x74\x65\x72\x72\x75\x70\x74\x73\
\0\x66\x72\x65\x71\x5f\x74\x69\x6d\x65\x5f\x73\x74\x61\x6d\x70\0\x66\x72\x65\
\x71\x5f\x63\x6f\x75\x6e\x74\x5f\x73\x74\x61\x6d\x70\0\x6c\x61\x73\x74\x5f\x74\
\x61\x67\0\x64\x79\x6e\x5f\x63\x6f\x6e\x73\x74\x72\x61\x69\x6e\x74\0\x63\x6f\
\x6e\x66\x69\x67\x5f\x62\x61\x73\x65\0\x65\x76\x65\x6e\x74\x5f\x62\x61\x73\x65\
\0\x65\x76\x65\x6e\x74\x5f\x62\x61\x73\x65\x5f\x72\x64\x70\x6d\x63\0\x69\x64\
\x78\0\x6c\x61\x73\x74\x5f\x63\x70\x75\0\x65\x78\x74\x72\x61\x5f\x72\x65\x67\0\
\x62\x72\x61\x6e\x63\x68\x5f\x72\x65\x67\0\x68\x77\x5f\x70\x65\x72\x66\x5f\x65\
\x76\x65\x6e\x74\x5f\x65\x78\x74\x72\x61\0\x72\x65\x67\0\x61\x6c\x6c\x6f\x63\0\
\x61\x75\x78\x5f\x63\x6f\x6e\x66\x69\x67\0\x61\x75\x78\x5f\x70\x61\x75\x73\x65\
\x64\0\x74\x70\x5f\x6c\x69\x73\x74\0\x70\x77\x72\x5f\x61\x63\x63\0\x70\x74\x73\
\x63\0\x69\x6e\x66\x6f\0\x62\x70\x5f\x6c\x69\x73\x74\0\x61\x72\x63\x68\x5f\x68\
\x77\x5f\x62\x72\x65\x61\x6b\x70\x6f\x69\x6e\x74\0\x74\x72\x69\x67\x67\x65\x72\
\0\x63\x74\x72\x6c\0\x61\x72\x63\x68\x5f\x68\x77\x5f\x62\x72\x65\x61\x6b\x70\
\x6f\x69\x6e\x74\x5f\x63\x74\x72\x6c\0\x6c\x65\x6e\0\x70\x72\x69\x76\x69\x6c\
\x65\x67\x65\0\x65\x6e\x61\x62\x6c\x65\x64\0\x72\x68\x6c\x69\x73\x74\x5f\x68\
\x65\x61\x64\0\x72\x68\x65\x61\x64\0\x72\x68\x61\x73\x68\x5f\x68\x65\x61\x64\0\
\x69\x6f\x6d\x6d\x75\x5f\x62\x61\x6e\x6b\0\x69\x6f\x6d\x6d\x75\x5f\x63\x6e\x74\
\x72\0\x70\x61\x64\x64\x69\x6e\x67\0\x63\x6f\x6e\x66\0\x63\x6f\x6e\x66\x31\0\
\x6c\x61\x73\x74\x5f\x70\x65\x72\x69\x6f\x64\0\x70\x65\x72\x69\x6f\x64\x5f\x6c\
\x65\x66\x74\0\x73\x61\x76\x65\x64\x5f\x6d\x65\x74\x72\x69\x63\0\x73\x61\x76\
\x65\x64\x5f\x73\x6c\x6f\x74\x73\0\x77\x61\x69\x74\x5f\x71\x75\x65\x75\x65\x5f\
\x68\x65\x61\x64\x5f\x74\0\x77\x61\x69\x74\x5f\x71\x75\x65\x75\x65\x5f\x68\x65\
\x61\x64\0\x68\x65\x61\x64\0\x69\x72\x71\x5f\x77\x6f\x72\x6b\0\x69\x72\x71\x77\
\x61\x69\x74\0\x70\x65\x72\x66\x5f\x61\x64\x64\x72\x5f\x66\x69\x6c\x74\x65\x72\
\x73\x5f\x68\x65\x61\x64\0\x6e\x72\x5f\x66\x69\x6c\x65\x5f\x66\x69\x6c\x74\x65\
\x72\x73\0\x70\x65\x72\x66\x5f\x6f\x76\x65\x72\x66\x6c\x6f\x77\x5f\x68\x61\x6e\
\x64\x6c\x65\x72\x5f\x74\0\x70\x65\x72\x66\x5f\x73\x61\x6d\x70\x6c\x65\x5f\x64\
\x61\x74\x61\0\x73\x61\x6d\x70\x6c\x65\x5f\x66\x6c\x61\x67\x73\0\x70\x65\x72\
\x69\x6f\x64\0\x64\x79\x6e\x5f\x73\x69\x7a\x65\0\x74\x69\x64\x5f\x65\x6e\x74\
\x72\x79\0\x63\x70\x75\x5f\x65\x6e\x74\x72\x79\0\x69\x70\0\x63\x61\x6c\x6c\x63\
\x68\x61\x69\x6e\0\x72\x61\x77\0\x62\x72\x5f\x73\x74\x61\x63\x6b\0\x62\x72\x5f\
\x73\x74\x61\x63\x6b\x5f\x63\x6e\x74\x72\0\x64\x61\x74\x61\x5f\x73\x72\x63\0\
\x74\x78\x6e\0\x72\x65\x67\x73\x5f\x75\x73\x65\x72\0\x72\x65\x67\x73\x5f\x69\
\x6e\x74\x72\0\x73\x74\x61\x63\x6b\x5f\x75\x73\x65\x72\x5f\x73\x69\x7a\x65\0\
\x73\x74\x72\x65\x61\x6d\x5f\x69\x64\0\x61\x64\x64\x72\0\x70\x68\x79\x73\x5f\
\x61\x64\x64\x72\0\x64\x61\x74\x61\x5f\x70\x61\x67\x65\x5f\x73\x69\x7a\x65\0\
\x63\x6f\x64\x65\x5f\x70\x61\x67\x65\x5f\x73\x69\x7a\x65\0\x61\x75\x78\x5f\x73\
\x69\x7a\x65\0\x74\x69\x64\0\x72\x65\x73\x65\x72\x76\x65\x64\0\x70\x65\x72\x66\
\x5f\x73\x61\x6d\x70\x6c\x65\x5f\x77\x65\x69\x67\x68\x74\0\x66\x75\x6c\x6c\0\
\x76\x61\x72\x31\x5f\x64\x77\0\x76\x61\x72\x32\x5f\x77\0\x76\x61\x72\x33\x5f\
\x77\0\x70\x65\x72\x66\x5f\x6d\x65\x6d\x5f\x64\x61\x74\x61\x5f\x73\x72\x63\0\
\x6d\x65\x6d\x5f\x6f\x70\0\x6d\x65\x6d\x5f\x6c\x76\x6c\0\x6d\x65\x6d\x5f\x73\
\x6e\x6f\x6f\x70\0\x6d\x65\x6d\x5f\x6c\x6f\x63\x6b\0\x6d\x65\x6d\x5f\x64\x74\
\x6c\x62\0\x6d\x65\x6d\x5f\x6c\x76\x6c\x5f\x6e\x75\x6d\0\x6d\x65\x6d\x5f\x72\
\x65\x6d\x6f\x74\x65\0\x6d\x65\x6d\x5f\x73\x6e\x6f\x6f\x70\x78\0\x6d\x65\x6d\
\x5f\x62\x6c\x6b\0\x6d\x65\x6d\x5f\x68\x6f\x70\x73\0\x6d\x65\x6d\x5f\x72\x73\
\x76\x64\0\x70\x65\x72\x66\x5f\x72\x65\x67\x73\0\x61\x62\x69\0\x70\x72\x69\x76\
\x61\x74\x65\0\x73\x61\x76\x65\x64\x5f\x66\x75\x6e\x63\0\x6c\x6f\x63\x61\x6c\
\x5f\x68\x61\x73\x68\0\x66\x75\x6e\x63\x5f\x68\x61\x73\x68\0\x6f\x6c\x64\x5f\
\x68\x61\x73\x68\0\x74\x72\x61\x6d\x70\x6f\x6c\x69\x6e\x65\0\x74\x72\x61\x6d\
\x70\x6f\x6c\x69\x6e\x65\x5f\x73\x69\x7a\x65\0\x73\x75\x62\x6f\x70\x5f\x6c\x69\
\x73\x74\0\x6f\x70\x73\x5f\x66\x75\x6e\x63\0\x6d\x61\x6e\x61\x67\x65\x64\0\x64\
\x69\x72\x65\x63\x74\x5f\x63\x61\x6c\x6c\0\x66\x74\x72\x61\x63\x65\x5f\x66\x75\
\x6e\x63\x5f\x74\0\x66\x74\x72\x61\x63\x65\x5f\x72\x65\x67\x73\0\x66\x74\x72\
\x61\x63\x65\x5f\x6f\x70\x73\x5f\x68\x61\x73\x68\0\x6e\x6f\x74\x72\x61\x63\x65\
\x5f\x68\x61\x73\x68\0\x66\x69\x6c\x74\x65\x72\x5f\x68\x61\x73\x68\0\x72\x65\
\x67\x65\x78\x5f\x6c\x6f\x63\x6b\0\x66\x74\x72\x61\x63\x65\x5f\x6f\x70\x73\x5f\
\x66\x75\x6e\x63\x5f\x74\0\x66\x74\x72\x61\x63\x65\x5f\x6f\x70\x73\x5f\x63\x6d\
\x64\0\x46\x54\x52\x41\x43\x45\x5f\x4f\x50\x53\x5f\x43\x4d\x44\x5f\x45\x4e\x41\
\x42\x4c\x45\x5f\x53\x48\x41\x52\x45\x5f\x49\x50\x4d\x4f\x44\x49\x46\x59\x5f\
\x53\x45\x4c\x46\0\x46\x54\x52\x41\x43\x45\x5f\x4f\x50\x53\x5f\x43\x4d\x44\x5f\
\x45\x4e\x41\x42\x4c\x45\x5f\x53\x48\x41\x52\x45\x5f\x49\x50\x4d\x4f\x44\x49\
\x46\x59\x5f\x50\x45\x45\x52\0\x46\x54\x52\x41\x43\x45\x5f\x4f\x50\x53\x5f\x43\
\x4d\x44\x5f\x44\x49\x53\x41\x42\x4c\x45\x5f\x53\x48\x41\x52\x45\x5f\x49\x50\
\x4d\x4f\x44\x49\x46\x59\x5f\x50\x45\x45\x52\0\x70\x74\x72\x61\x75\x74\x68\x5f\
\x6b\x65\x79\x73\x5f\x75\x73\x65\x72\0\x61\x70\x69\x61\0\x61\x70\x69\x62\0\x61\
\x70\x64\x61\0\x61\x70\x64\x62\0\x61\x70\x67\x61\0\x70\x74\x72\x61\x75\x74\x68\
\x5f\x6b\x65\x79\0\x6c\x6f\0\x68\x69\0\x70\x74\x72\x61\x75\x74\x68\x5f\x6b\x65\
\x79\x73\x5f\x6b\x65\x72\x6e\x65\x6c\0\x74\x72\x61\x63\x65\x5f\x75\x73\x65\x64\
\0\x74\x72\x61\x63\x65\x5f\x65\x76\x69\x63\x74\x69\x6f\x6e\x5f\x70\x72\x65\x70\
\x61\x72\x65\0\x4c\x49\x43\x45\x4e\x53\x45\0\x74\x61\x73\x6b\x5f\x67\x72\x6f\
\x75\x70\0\x61\x64\x64\x72\x65\x73\x73\x5f\x73\x70\x61\x63\x65\0\x75\x73\x65\
\x72\x5f\x6e\x61\x6d\x65\x73\x70\x61\x63\x65\0\x63\x6f\x6d\x70\x6c\x65\x74\x69\
\x6f\x6e\0\x66\x69\x6c\x65\0\x70\x69\x64\x5f\x6e\x61\x6d\x65\x73\x70\x61\x63\
\x65\0\x68\x72\x74\x69\x6d\x65\x72\x5f\x63\x6c\x6f\x63\x6b\x5f\x62\x61\x73\x65\
\0\x62\x70\x66\x5f\x70\x72\x6f\x67\0\x75\x73\x65\x72\x5f\x73\x74\x72\x75\x63\
\x74\0\x6f\x62\x6a\x5f\x63\x67\x72\x6f\x75\x70\0\x6d\x65\x6d\x5f\x63\x67\x72\
\x6f\x75\x70\0\x62\x70\x66\x5f\x6c\x6f\x63\x61\x6c\x5f\x73\x74\x6f\x72\x61\x67\
\x65\0\x66\x74\x72\x61\x63\x65\x5f\x68\x61\x73\x68\0\x76\x6d\x5f\x73\x74\x72\
\x75\x63\x74\0\x70\x69\x70\x65\x5f\x69\x6e\x6f\x64\x65\x5f\x69\x6e\x66\x6f\0\
\x66\x61\x73\x79\x6e\x63\x5f\x73\x74\x72\x75\x63\x74\0\x63\x73\x73\x5f\x73\x65\
\x74\0\x66\x73\x5f\x73\x74\x72\x75\x63\x74\0\x67\x65\x6e\x64\x69\x73\x6b\0\x74\
\x72\x61\x63\x65\x5f\x65\x76\x65\x6e\x74\x5f\x63\x61\x6c\x6c\0\x65\x76\x65\x6e\
\x74\x5f\x66\x69\x6c\x74\x65\x72\0\x70\x65\x72\x66\x5f\x65\x76\x65\x6e\x74\x5f\
\x70\x6d\x75\x5f\x63\x6f\x6e\x74\x65\x78\x74\0\x70\x65\x72\x66\x5f\x65\x76\x65\
\x6e\x74\x5f\x63\x6f\x6e\x74\x65\x78\x74\0\x70\x65\x72\x66\x5f\x62\x75\x66\x66\
\x65\x72\0\x70\x65\x72\x66\x5f\x61\x64\x64\x72\x5f\x66\x69\x6c\x74\x65\x72\x5f\
\x72\x61\x6e\x67\x65\0\x70\x65\x72\x66\x5f\x63\x61\x6c\x6c\x63\x68\x61\x69\x6e\
\x5f\x65\x6e\x74\x72\x79\0\x70\x65\x72\x66\x5f\x72\x61\x77\x5f\x72\x65\x63\x6f\
\x72\x64\0\x70\x65\x72\x66\x5f\x62\x72\x61\x6e\x63\x68\x5f\x73\x74\x61\x63\x6b\
\0\x70\x65\x72\x66\x5f\x63\x67\x72\x6f\x75\x70\0\x73\x63\x78\x5f\x64\x69\x73\
\x70\x61\x74\x63\x68\x5f\x71\0\x72\x63\x75\x5f\x6e\x6f\x64\x65\0\x73\x69\x67\
\x6e\x61\x6c\x5f\x73\x74\x72\x75\x63\x74\0\x5f\x5f\x6b\x65\x72\x6e\x65\x6c\x5f\
\x74\x69\x6d\x65\x73\x70\x65\x63\0\x6f\x6c\x64\x5f\x74\x69\x6d\x65\x73\x70\x65\
\x63\x33\x32\0\x70\x6f\x6c\x6c\x66\x64\0\x73\x65\x6d\x5f\x75\x6e\x64\x6f\x5f\
\x6c\x69\x73\x74\0\x66\x69\x6c\x65\x73\x5f\x73\x74\x72\x75\x63\x74\0\x69\x6f\
\x5f\x75\x72\x69\x6e\x67\x5f\x74\x61\x73\x6b\0\x62\x6c\x6b\x5f\x70\x6c\x75\x67\
\0\x66\x75\x74\x65\x78\x5f\x70\x72\x69\x76\x61\x74\x65\x5f\x68\x61\x73\x68\0\
\x73\x69\x67\x68\x61\x6e\x64\x5f\x73\x74\x72\x75\x63\x74\0\x73\x65\x63\x63\x6f\
\x6d\x70\x5f\x66\x69\x6c\x74\x65\x72\0\x72\x74\x5f\x6d\x75\x74\x65\x78\x5f\x77\
\x61\x69\x74\x65\x72\0\x6b\x65\x72\x6e\x65\x6c\x5f\x73\x69\x67\x69\x6e\x66\x6f\
\0\x72\x6f\x62\x75\x73\x74\x5f\x6c\x69\x73\x74\x5f\x68\x65\x61\x64\0\x63\x6f\
\x6d\x70\x61\x74\x5f\x72\x6f\x62\x75\x73\x74\x5f\x6c\x69\x73\x74\x5f\x68\x65\
\x61\x64\0\x66\x75\x74\x65\x78\x5f\x70\x69\x5f\x73\x74\x61\x74\x65\0\x74\x61\
\x73\x6b\x5f\x64\x65\x6c\x61\x79\x5f\x69\x6e\x66\x6f\0\x75\x70\x72\x6f\x62\x65\
\x5f\x74\x61\x73\x6b\0\x62\x70\x66\x5f\x72\x75\x6e\x5f\x63\x74\x78\0\x69\x6f\
\x6d\x6d\x75\x5f\x6d\x6d\x5f\x64\x61\x74\x61\0\x6c\x69\x6e\x75\x78\x5f\x62\x69\
\x6e\x66\x6d\x74\0\x6b\x69\x6f\x63\x74\x78\x5f\x74\x61\x62\x6c\x65\0\x6d\x6d\
\x75\x5f\x6e\x6f\x74\x69\x66\x69\x65\x72\x5f\x73\x75\x62\x73\x63\x72\x69\x70\
\x74\x69\x6f\x6e\x73\0\x2f\x68\x6f\x6d\x65\x2f\x68\x61\x72\x73\x68\x34\x37\x38\
\x36\x2f\x67\x70\x75\x5f\x65\x78\x74\x2d\x76\x30\x2e\x30\x2e\x32\x31\x2f\x65\
\x78\x74\x65\x6e\x73\x69\x6f\x6e\x2f\x63\x68\x75\x6e\x6b\x5f\x74\x72\x61\x63\
\x65\x2e\x62\x70\x66\x2e\x63\0\x69\x6e\x74\x20\x42\x50\x46\x5f\x4b\x50\x52\x4f\
\x42\x45\x28\x74\x72\x61\x63\x65\x5f\x61\x63\x74\x69\x76\x61\x74\x65\x2c\x20\
\x76\x6f\x69\x64\x20\x2a\x70\x6d\x6d\x2c\x20\x76\x6f\x69\x64\x20\x2a\x63\x68\
\x75\x6e\x6b\x2c\x20\x76\x6f\x69\x64\x20\x2a\x6c\x69\x73\x74\x29\0\x20\x20\x20\
\x20\x75\x36\x34\x20\x2a\x76\x61\x6c\x20\x3d\x20\x62\x70\x66\x5f\x6d\x61\x70\
\x5f\x6c\x6f\x6f\x6b\x75\x70\x5f\x65\x6c\x65\x6d\x28\x26\x73\x74\x61\x74\x73\
\x2c\x20\x26\x6b\x65\x79\x29\x3b\0\x20\x20\x20\x20\x69\x66\x20\x28\x76\x61\x6c\
\x29\0\x20\x20\x20\x20\x20\x20\x20\x20\x5f\x5f\x73\x79\x6e\x63\x5f\x66\x65\x74\
\x63\x68\x5f\x61\x6e\x64\x5f\x61\x64\x64\x28\x76\x61\x6c\x2c\x20\x31\x29\x3b\0\
\x20\x20\x20\x20\x65\x20\x3d\x20\x62\x70\x66\x5f\x72\x69\x6e\x67\x62\x75\x66\
\x5f\x72\x65\x73\x65\x72\x76\x65\x28\x26\x65\x76\x65\x6e\x74\x73\x2c\x20\x73\
\x69\x7a\x65\x6f\x66\x28\x2a\x65\x29\x2c\x20\x30\x29\x3b\0\x20\x20\x20\x20\x69\
\x66\x20\x28\x21\x65\x29\x20\x7b\0\x20\x20\x20\x20\x69\x66\x20\x28\x63\x68\x75\
\x6e\x6b\x20\x21\x3d\x20\x30\x20\x26\x26\x20\x68\x6f\x6f\x6b\x5f\x74\x79\x70\
\x65\x20\x21\x3d\x20\x48\x4f\x4f\x4b\x5f\x45\x56\x49\x43\x54\x49\x4f\x4e\x5f\
\x50\x52\x45\x50\x41\x52\x45\x29\x20\x7b\0\x20\x20\x20\x20\x20\x20\x20\x20\x76\
\x61\x5f\x62\x6c\x6f\x63\x6b\x20\x3d\x20\x42\x50\x46\x5f\x43\x4f\x52\x45\x5f\
\x52\x45\x41\x44\x28\x67\x70\x75\x5f\x63\x68\x75\x6e\x6b\x2c\x20\x76\x61\x5f\
\x62\x6c\x6f\x63\x6b\x29\x3b\0\x20\x20\x20\x20\x20\x20\x20\x20\x69\x66\x20\x28\
\x76\x61\x5f\x62\x6c\x6f\x63\x6b\x5f\x70\x74\x72\x20\x21\x3d\x20\x30\x29\x20\
\x7b\0\x20\x20\x20\x20\x20\x20\x20\x20\x20\x20\x20\x20\x76\x61\x5f\x73\x74\x61\
\x72\x74\x20\x3d\x20\x42\x50\x46\x5f\x43\x4f\x52\x45\x5f\x52\x45\x41\x44\x28\
\x76\x61\x5f\x62\x6c\x6f\x63\x6b\x2c\x20\x73\x74\x61\x72\x74\x29\x3b\0\x20\x20\
\x20\x20\x20\x20\x20\x20\x20\x20\x20\x20\x76\x61\x5f\x65\x6e\x64\x20\x3d\x20\
\x42\x50\x46\x5f\x43\x4f\x52\x45\x5f\x52\x45\x41\x44\x28\x76\x61\x5f\x62\x6c\
\x6f\x63\x6b\x2c\x20\x65\x6e\x64\x29\x3b\0\x20\x20\x20\x20\x20\x20\x20\x20\x20\
\x20\x20\x20\x75\x76\x6d\x5f\x76\x61\x5f\x72\x61\x6e\x67\x65\x5f\x6d\x61\x6e\
\x61\x67\x65\x64\x5f\x74\x20\x2a\x6d\x61\x6e\x61\x67\x65\x64\x5f\x72\x61\x6e\
\x67\x65\x20\x3d\x20\x42\x50\x46\x5f\x43\x4f\x52\x45\x5f\x52\x45\x41\x44\x28\
\x76\x61\x5f\x62\x6c\x6f\x63\x6b\x2c\x20\x6d\x61\x6e\x61\x67\x65\x64\x5f\x72\
\x61\x6e\x67\x65\x29\x3b\0\x20\x20\x20\x20\x20\x20\x20\x20\x20\x20\x20\x20\x69\
\x66\x20\x28\x6d\x61\x6e\x61\x67\x65\x64\x5f\x72\x61\x6e\x67\x65\x20\x21\x3d\
\x20\x30\x29\x20\x7b\0\x20\x20\x20\x20\x20\x20\x20\x20\x20\x20\x20\x20\x20\x20\
\x20\x20\x75\x76\x6d\x5f\x76\x61\x5f\x73\x70\x61\x63\x65\x5f\x74\x20\x2a\x76\
\x61\x5f\x73\x70\x61\x63\x65\x20\x3d\x20\x42\x50\x46\x5f\x43\x4f\x52\x45\x5f\
\x52\x45\x41\x44\x28\x6d\x61\x6e\x61\x67\x65\x64\x5f\x72\x61\x6e\x67\x65\x2c\
\x20\x76\x61\x5f\x72\x61\x6e\x67\x65\x2e\x76\x61\x5f\x73\x70\x61\x63\x65\x29\
\x3b\0\x20\x20\x20\x20\x20\x20\x20\x20\x20\x20\x20\x20\x20\x20\x20\x20\x69\x66\
\x20\x28\x76\x61\x5f\x73\x70\x61\x63\x65\x20\x21\x3d\x20\x30\x29\x20\x7b\0\x20\
\x20\x20\x20\x20\x20\x20\x20\x20\x20\x20\x20\x20\x20\x20\x20\x20\x20\x20\x20\
\x73\x74\x72\x75\x63\x74\x20\x6d\x6d\x5f\x73\x74\x72\x75\x63\x74\x20\x2a\x6d\
\x6d\x20\x3d\x20\x42\x50\x46\x5f\x43\x4f\x52\x45\x5f\x52\x45\x41\x44\x28\x76\
\x61\x5f\x73\x70\x61\x63\x65\x2c\x20\x76\x61\x5f\x73\x70\x61\x63\x65\x5f\x6d\
\x6d\x2e\x6d\x6d\x29\x3b\0\x20\x20\x20\x20\x20\x20\x20\x20\x20\x20\x20\x20\x20\
\x20\x20\x20\x20\x20\x20\x20\x69\x66\x20\x28\x6d\x6d\x20\x21\x3d\x20\x30\x29\
\x20\x7b\0\x20\x20\x20\x20\x20\x20\x20\x20\x20\x20\x20\x20\x20\x20\x20\x20\x20\
\x20\x20\x20\x20\x20\x20\x20\x73\x74\x72\x75\x63\x74\x20\x74\x61\x73\x6b\x5f\
\x73\x74\x72\x75\x63\x74\x20\x2a\x6f\x77\x6e\x65\x72\x20\x3d\x20\x42\x50\x46\
\x5f\x43\x4f\x52\x45\x5f\x52\x45\x41\x44\x28\x6d\x6d\x2c\x20\x6f\x77\x6e\x65\
\x72\x29\x3b\0\x20\x20\x20\x20\x20\x20\x20\x20\x20\x20\x20\x20\x20\x20\x20\x20\
\x20\x20\x20\x20\x20\x20\x20\x20\x69\x66\x20\x28\x6f\x77\x6e\x65\x72\x20\x21\
\x3d\x20\x30\x29\x20\x7b\0\x20\x20\x20\x20\x20\x20\x20\x20\x20\x20\x20\x20\x20\
\x20\x20\x20\x20\x20\x20\x20\x20\x20\x20\x20\x20\x20\x20\x20\x6f\x77\x6e\x65\
\x72\x5f\x70\x69\x64\x20\x3d\x20\x42\x50\x46\x5f\x43\x4f\x52\x45\x5f\x52\x45\
\x41\x44\x28\x6f\x77\x6e\x65\x72\x2c\x20\x74\x67\x69\x64\x29\x3b\0\x20\x20\x20\
\x20\x20\x20\x20\x20\x20\x20\x20\x20\x62\x70\x66\x5f\x70\x72\x6f\x62\x65\x5f\
\x72\x65\x61\x64\x5f\x6b\x65\x72\x6e\x65\x6c\x28\x26\x63\x68\x75\x6e\x6b\x5f\
\x63\x6f\x70\x79\x2c\x20\x73\x69\x7a\x65\x6f\x66\x28\x63\x68\x75\x6e\x6b\x5f\
\x63\x6f\x70\x79\x29\x2c\x20\x67\x70\x75\x5f\x63\x68\x75\x6e\x6b\x29\x3b\0\x20\
\x20\x20\x20\x20\x20\x20\x20\x20\x20\x20\x20\x76\x61\x5f\x70\x61\x67\x65\x5f\
\x69\x6e\x64\x65\x78\x20\x3d\x20\x63\x68\x75\x6e\x6b\x5f\x63\x6f\x70\x79\x2e\
\x76\x61\x5f\x62\x6c\x6f\x63\x6b\x5f\x70\x61\x67\x65\x5f\x69\x6e\x64\x65\x78\
\x3b\0\x20\x20\x20\x20\x65\x2d\x3e\x74\x69\x6d\x65\x73\x74\x61\x6d\x70\x5f\x6e\
\x73\x20\x3d\x20\x62\x70\x66\x5f\x6b\x74\x69\x6d\x65\x5f\x67\x65\x74\x5f\x6e\
\x73\x28\x29\x3b\0\x20\x20\x20\x20\x65\x2d\x3e\x63\x70\x75\x20\x3d\x20\x62\x70\
\x66\x5f\x67\x65\x74\x5f\x73\x6d\x70\x5f\x70\x72\x6f\x63\x65\x73\x73\x6f\x72\
\x5f\x69\x64\x28\x29\x3b\0\x20\x20\x20\x20\x65\x2d\x3e\x70\x69\x64\x20\x3d\x20\
\x62\x70\x66\x5f\x67\x65\x74\x5f\x63\x75\x72\x72\x65\x6e\x74\x5f\x70\x69\x64\
\x5f\x74\x67\x69\x64\x28\x29\x20\x3e\x3e\x20\x33\x32\x3b\0\x20\x20\x20\x20\x65\
\x2d\x3e\x76\x61\x5f\x73\x70\x61\x63\x65\x20\x3d\x20\x76\x61\x5f\x73\x70\x61\
\x63\x65\x5f\x70\x74\x72\x3b\0\x20\x20\x20\x20\x65\x2d\x3e\x6f\x77\x6e\x65\x72\
\x5f\x70\x69\x64\x20\x3d\x20\x6f\x77\x6e\x65\x72\x5f\x70\x69\x64\x3b\0\x20\x20\
\x20\x20\x65\x2d\x3e\x76\x61\x5f\x70\x61\x67\x65\x5f\x69\x6e\x64\x65\x78\x20\
\x3d\x20\x76\x61\x5f\x70\x61\x67\x65\x5f\x69\x6e\x64\x65\x78\x3b\0\x20\x20\x20\
\x20\x65\x2d\x3e\x76\x61\x5f\x65\x6e\x64\x20\x3d\x20\x76\x61\x5f\x65\x6e\x64\
\x3b\0\x20\x20\x20\x20\x65\x2d\x3e\x76\x61\x5f\x73\x74\x61\x72\x74\x20\x3d\x20\
\x76\x61\x5f\x73\x74\x61\x72\x74\x3b\0\x20\x20\x20\x20\x65\x2d\x3e\x76\x61\x5f\
\x62\x6c\x6f\x63\x6b\x20\x3d\x20\x76\x61\x5f\x62\x6c\x6f\x63\x6b\x5f\x70\x74\
\x72\x3b\0\x20\x20\x20\x20\x65\x2d\x3e\x6c\x69\x73\x74\x5f\x61\x64\x64\x72\x20\
\x3d\x20\x6c\x69\x73\x74\x3b\0\x20\x20\x20\x20\x65\x2d\x3e\x63\x68\x75\x6e\x6b\
\x5f\x61\x64\x64\x72\x20\x3d\x20\x63\x68\x75\x6e\x6b\x3b\0\x20\x20\x20\x20\x65\
\x2d\x3e\x68\x6f\x6f\x6b\x5f\x74\x79\x70\x65\x20\x3d\x20\x68\x6f\x6f\x6b\x5f\
\x74\x79\x70\x65\x3b\0\x20\x20\x20\x20\x62\x70\x66\x5f\x72\x69\x6e\x67\x62\x75\
\x66\x5f\x73\x75\x62\x6d\x69\x74\x28\x65\x2c\x20\x30\x29\x3b\0\x69\x6e\x74\x20\
\x42\x50\x46\x5f\x4b\x50\x52\x4f\x42\x45\x28\x74\x72\x61\x63\x65\x5f\x75\x73\
\x65\x64\x2c\x20\x76\x6f\x69\x64\x20\x2a\x70\x6d\x6d\x2c\x20\x76\x6f\x69\x64\
\x20\x2a\x63\x68\x75\x6e\x6b\x2c\x20\x76\x6f\x69\x64\x20\x2a\x6c\x69\x73\x74\
\x29\0\x69\x6e\x74\x20\x42\x50\x46\x5f\x4b\x50\x52\x4f\x42\x45\x28\x74\x72\x61\
\x63\x65\x5f\x65\x76\x69\x63\x74\x69\x6f\x6e\x5f\x70\x72\x65\x70\x61\x72\x65\
\x2c\x20\x76\x6f\x69\x64\x20\x2a\x70\x6d\x6d\x2c\x20\x76\x6f\x69\x64\x20\x2a\
\x75\x73\x65\x64\x5f\x6c\x69\x73\x74\x2c\x20\x76\x6f\x69\x64\x20\x2a\x75\x6e\
\x75\x73\x65\x64\x5f\x6c\x69\x73\x74\x29\0\x30\x3a\x30\x3a\x32\0\x30\x3a\x30\
\x3a\x31\0\x30\x3a\x33\0\x30\x3a\x34\0\x30\x3a\x32\0\x30\x3a\x30\x3a\x30\0\x30\
\x3a\x31\x3a\x30\0\x30\x3a\x30\x3a\x35\x36\0\x30\x3a\x39\x33\0\x30\x3a\x31\x3a\
\x37\0\x6c\x69\x63\x65\x6e\x73\x65\0\x2e\x6d\x61\x70\x73\0\x6b\x70\x72\x6f\x62\
\x65\x2f\x75\x76\x6d\x5f\x62\x70\x66\x5f\x63\x61\x6c\x6c\x5f\x70\x6d\x6d\x5f\
\x63\x68\x75\x6e\x6b\x5f\x61\x63\x74\x69\x76\x61\x74\x65\0\x6b\x70\x72\x6f\x62\
\x65\x2f\x75\x76\x6d\x5f\x62\x70\x66\x5f\x63\x61\x6c\x6c\x5f\x70\x6d\x6d\x5f\
\x63\x68\x75\x6e\x6b\x5f\x75\x73\x65\x64\0\x6b\x70\x72\x6f\x62\x65\x2f\x75\x76\
\x6d\x5f\x62\x70\x66\x5f\x63\x61\x6c\x6c\x5f\x70\x6d\x6d\x5f\x65\x76\x69\x63\
\x74\x69\x6f\x6e\x5f\x70\x72\x65\x70\x61\x72\x65\0\0\0\0\0\0\0\x9f\xeb\x01\0\
\x20\0\0\0\0\0\0\0\x34\0\0\0\x34\0\0\0\x1c\x09\0\0\x50\x09\0\0\x9c\x01\0\0\x08\
\0\0\0\x4b\x3c\0\0\x01\0\0\0\0\0\0\0\x23\0\0\0\x72\x3c\0\0\x01\0\0\0\0\0\0\0\
\xa8\x01\0\0\x95\x3c\0\0\x01\0\0\0\0\0\0\0\xa9\x01\0\0\x10\0\0\0\x4b\x3c\0\0\
\x3b\0\0\0\0\0\0\0\xe2\x34\0\0\x1e\x35\0\0\x05\xe0\x01\0\x28\0\0\0\xe2\x34\0\0\
\0\0\0\0\0\0\0\0\x30\0\0\0\xe2\x34\0\0\x61\x35\0\0\x10\xa4\0\0\x48\0\0\0\xe2\
\x34\0\0\x93\x35\0\0\x09\xa8\0\0\x58\0\0\0\xe2\x34\0\0\xa0\x35\0\0\x09\xac\0\0\
\x60\0\0\0\xe2\x34\0\0\xc6\x35\0\0\x09\xe0\0\0\x90\0\0\0\xe2\x34\0\0\xfb\x35\0\
\0\x09\xe4\0\0\xb0\0\0\0\xe2\x34\0\0\0\0\0\0\0\0\0\0\xb8\0\0\0\xe2\x34\0\0\x61\
\x35\0\0\x10\xa4\0\0\xd0\0\0\0\xe2\x34\0\0\x93\x35\0\0\x09\xa8\0\0\xe0\0\0\0\
\xe2\x34\0\0\xa0\x35\0\0\x09\xac\0\0\x28\x01\0\0\xe2\x34\0\0\x09\x36\0\0\x14\
\xfc\0\0\x50\x01\0\0\xe2\x34\0\0\0\0\0\0\0\0\0\0\x58\x01\0\0\xe2\x34\0\0\x45\
\x36\0\0\x14\x10\x01\0\x70\x01\0\0\xe2\x34\0\0\x45\x36\0\0\x14\x10\x01\0\x88\
\x01\0\0\xe2\x34\0\0\x7c\x36\0\0\x0d\x1c\x01\0\xc0\x01\0\0\xe2\x34\0\0\x9d\x36\
\0\0\x18\x24\x01\0\xf0\x01\0\0\xe2\x34\0\0\x9d\x36\0\0\x18\x24\x01\0\xf8\x01\0\
\0\xe2\x34\0\0\xd4\x36\0\0\x16\x28\x01\0\x08\x02\0\0\xe2\x34\0\0\x9d\x36\0\0\
\x18\x24\x01\0\x10\x02\0\0\xe2\x34\0\0\xd4\x36\0\0\x16\x28\x01\0\x40\x02\0\0\
\xe2\x34\0\0\xd4\x36\0\0\x16\x28\x01\0\x50\x02\0\0\xe2\x34\0\0\x9d\x36\0\0\x18\
\x24\x01\0\x58\x02\0\0\xe2\x34\0\0\x07\x37\0\0\x35\x34\x01\0\x70\x02\0\0\xe2\
\x34\0\0\x07\x37\0\0\x35\x34\x01\0\x80\x02\0\0\xe2\x34\0\0\x63\x37\0\0\x11\x38\
\x01\0\xa8\x02\0\0\xe2\x34\0\0\x89\x37\0\0\x2c\x3c\x01\0\xc0\x02\0\0\xe2\x34\0\
\0\x89\x37\0\0\x2c\x3c\x01\0\xd0\x02\0\0\xe2\x34\0\0\xe5\x37\0\0\x15\x4c\x01\0\
\xf8\x02\0\0\xe2\x34\0\0\x0a\x38\0\0\x2c\x50\x01\0\x10\x03\0\0\xe2\x34\0\0\x0a\
\x38\0\0\x2c\x50\x01\0\x18\x03\0\0\xe2\x34\0\0\x5e\x38\0\0\x19\x54\x01\0\x38\
\x03\0\0\xe2\x34\0\0\x81\x38\0\0\x35\x58\x01\0\x50\x03\0\0\xe2\x34\0\0\x81\x38\
\0\0\x35\x58\x01\0\x58\x03\0\0\xe2\x34\0\0\xcf\x38\0\0\x1d\x5c\x01\0\x78\x03\0\
\0\xe2\x34\0\0\xf9\x38\0\0\x29\x60\x01\0\x90\x03\0\0\xe2\x34\0\0\xf9\x38\0\0\
\x29\x60\x01\0\xa8\x03\0\0\xe2\x34\0\0\0\0\0\0\0\0\0\0\xb0\x03\0\0\xe2\x34\0\0\
\x3d\x39\0\0\x0d\x84\x01\0\xd8\x03\0\0\xe2\x34\0\0\x8c\x39\0\0\x28\x88\x01\0\
\xe0\x03\0\0\xe2\x34\0\0\x8c\x39\0\0\x1d\x88\x01\0\0\x04\0\0\xe2\x34\0\0\xc8\
\x39\0\0\x17\x98\x01\0\x28\x04\0\0\xe2\x34\0\0\xc8\x39\0\0\x15\x98\x01\0\x30\
\x04\0\0\xe2\x34\0\0\xf2\x39\0\0\x0e\x9c\x01\0\x38\x04\0\0\xe2\x34\0\0\xf2\x39\
\0\0\x0c\x9c\x01\0\x40\x04\0\0\xe2\x34\0\0\x1b\x3a\0\0\x0e\xa0\x01\0\x48\x04\0\
\0\xe2\x34\0\0\x4a\x3a\0\0\x11\xa8\x01\0\x58\x04\0\0\xe2\x34\0\0\x6a\x3a\0\0\
\x12\xa4\x01\0\x60\x04\0\0\xe2\x34\0\0\x88\x3a\0\0\x16\xc4\x01\0\x68\x04\0\0\
\xe2\x34\0\0\xae\x3a\0\0\x0f\xc0\x01\0\x78\x04\0\0\xe2\x34\0\0\xc6\x3a\0\0\x11\
\xbc\x01\0\x88\x04\0\0\xe2\x34\0\0\xe2\x3a\0\0\x11\xb8\x01\0\x98\x04\0\0\xe2\
\x34\0\0\x02\x3b\0\0\x12\xb4\x01\0\xa8\x04\0\0\xe2\x34\0\0\x1b\x3b\0\0\x13\xb0\
\x01\0\xb8\x04\0\0\xe2\x34\0\0\x36\x3b\0\0\x12\xac\x01\0\xc0\x04\0\0\xe2\x34\0\
\0\x1b\x3a\0\0\x29\xa0\x01\0\xc8\x04\0\0\xe2\x34\0\0\x1b\x3a\0\0\x0c\xa0\x01\0\
\xd0\x04\0\0\xe2\x34\0\0\x54\x3b\0\0\x05\xcc\x01\0\xe8\x04\0\0\xe2\x34\0\0\x1e\
\x35\0\0\x05\xe0\x01\0\x72\x3c\0\0\x3b\0\0\0\0\0\0\0\xe2\x34\0\0\x72\x3b\0\0\
\x05\x04\x02\0\x28\0\0\0\xe2\x34\0\0\0\0\0\0\0\0\0\0\x30\0\0\0\xe2\x34\0\0\x61\
\x35\0\0\x10\xa4\0\0\x48\0\0\0\xe2\x34\0\0\x93\x35\0\0\x09\xa8\0\0\x50\0\0\0\
\xe2\x34\0\0\xa0\x35\0\0\x09\xac\0\0\x58\0\0\0\xe2\x34\0\0\xc6\x35\0\0\x09\xe0\
\0\0\x88\0\0\0\xe2\x34\0\0\xfb\x35\0\0\x09\xe4\0\0\xa8\0\0\0\xe2\x34\0\0\0\0\0\
\0\0\0\0\0\xb0\0\0\0\xe2\x34\0\0\x61\x35\0\0\x10\xa4\0\0\xc8\0\0\0\xe2\x34\0\0\
\x93\x35\0\0\x09\xa8\0\0\xd8\0\0\0\xe2\x34\0\0\xa0\x35\0\0\x09\xac\0\0\x28\x01\
\0\0\xe2\x34\0\0\x09\x36\0\0\x14\xfc\0\0\x50\x01\0\0\xe2\x34\0\0\0\0\0\0\0\0\0\
\0\x58\x01\0\0\xe2\x34\0\0\x45\x36\0\0\x14\x10\x01\0\x70\x01\0\0\xe2\x34\0\0\
\x45\x36\0\0\x14\x10\x01\0\x88\x01\0\0\xe2\x34\0\0\x7c\x36\0\0\x0d\x1c\x01\0\
\xc0\x01\0\0\xe2\x34\0\0\x9d\x36\0\0\x18\x24\x01\0\xf0\x01\0\0\xe2\x34\0\0\x9d\
\x36\0\0\x18\x24\x01\0\xf8\x01\0\0\xe2\x34\0\0\xd4\x36\0\0\x16\x28\x01\0\x08\
\x02\0\0\xe2\x34\0\0\x9d\x36\0\0\x18\x24\x01\0\x10\x02\0\0\xe2\x34\0\0\xd4\x36\
\0\0\x16\x28\x01\0\x40\x02\0\0\xe2\x34\0\0\xd4\x36\0\0\x16\x28\x01\0\x50\x02\0\
\0\xe2\x34\0\0\x9d\x36\0\0\x18\x24\x01\0\x58\x02\0\0\xe2\x34\0\0\x07\x37\0\0\
\x35\x34\x01\0\x70\x02\0\0\xe2\x34\0\0\x07\x37\0\0\x35\x34\x01\0\x80\x02\0\0\
\xe2\x34\0\0\x63\x37\0\0\x11\x38\x01\0\xa8\x02\0\0\xe2\x34\0\0\x89\x37\0\0\x2c\
\x3c\x01\0\xc0\x02\0\0\xe2\x34\0\0\x89\x37\0\0\x2c\x3c\x01\0\xd0\x02\0\0\xe2\
\x34\0\0\xe5\x37\0\0\x15\x4c\x01\0\xf8\x02\0\0\xe2\x34\0\0\x0a\x38\0\0\x2c\x50\
\x01\0\x10\x03\0\0\xe2\x34\0\0\x0a\x38\0\0\x2c\x50\x01\0\x18\x03\0\0\xe2\x34\0\
\0\x5e\x38\0\0\x19\x54\x01\0\x38\x03\0\0\xe2\x34\0\0\x81\x38\0\0\x35\x58\x01\0\
\x50\x03\0\0\xe2\x34\0\0\x81\x38\0\0\x35\x58\x01\0\x58\x03\0\0\xe2\x34\0\0\xcf\
\x38\0\0\x1d\x5c\x01\0\x78\x03\0\0\xe2\x34\0\0\xf9\x38\0\0\x29\x60\x01\0\x90\
\x03\0\0\xe2\x34\0\0\xf9\x38\0\0\x29\x60\x01\0\xa8\x03\0\0\xe2\x34\0\0\0\0\0\0\
\0\0\0\0\xb0\x03\0\0\xe2\x34\0\0\x3d\x39\0\0\x0d\x84\x01\0\xd8\x03\0\0\xe2\x34\
\0\0\x8c\x39\0\0\x28\x88\x01\0\xe0\x03\0\0\xe2\x34\0\0\x8c\x39\0\0\x1d\x88\x01\
\0\0\x04\0\0\xe2\x34\0\0\xc8\x39\0\0\x17\x98\x01\0\x28\x04\0\0\xe2\x34\0\0\xc8\
\x39\0\0\x15\x98\x01\0\x30\x04\0\0\xe2\x34\0\0\xf2\x39\0\0\x0e\x9c\x01\0\x38\
\x04\0\0\xe2\x34\0\0\xf2\x39\0\0\x0c\x9c\x01\0\x40\x04\0\0\xe2\x34\0\0\x1b\x3a\
\0\0\x0e\xa0\x01\0\x48\x04\0\0\xe2\x34\0\0\x4a\x3a\0\0\x11\xa8\x01\0\x58\x04\0\
\0\xe2\x34\0\0\x6a\x3a\0\0\x12\xa4\x01\0\x60\x04\0\0\xe2\x34\0\0\x88\x3a\0\0\
\x16\xc4\x01\0\x68\x04\0\0\xe2\x34\0\0\xae\x3a\0\0\x0f\xc0\x01\0\x78\x04\0\0\
\xe2\x34\0\0\xc6\x3a\0\0\x11\xbc\x01\0\x88\x04\0\0\xe2\x34\0\0\xe2\x3a\0\0\x11\
\xb8\x01\0\x98\x04\0\0\xe2\x34\0\0\x02\x3b\0\0\x12\xb4\x01\0\xa8\x04\0\0\xe2\
\x34\0\0\x1b\x3b\0\0\x13\xb0\x01\0\xb8\x04\0\0\xe2\x34\0\0\x36\x3b\0\0\x12\xac\
\x01\0\xc0\x04\0\0\xe2\x34\0\0\x1b\x3a\0\0\x29\xa0\x01\0\xc8\x04\0\0\xe2\x34\0\
\0\x1b\x3a\0\0\x0c\xa0\x01\0\xd0\x04\0\0\xe2\x34\0\0\x54\x3b\0\0\x05\xcc\x01\0\
\xe8\x04\0\0\xe2\x34\0\0\x72\x3b\0\0\x05\x04\x02\0\x95\x3c\0\0\x1a\0\0\0\0\0\0\
\0\xe2\x34\0\0\xb1\x3b\0\0\x05\x28\x02\0\x28\0\0\0\xe2\x34\0\0\0\0\0\0\0\0\0\0\
\x30\0\0\0\xe2\x34\0\0\x61\x35\0\0\x10\xa4\0\0\x48\0\0\0\xe2\x34\0\0\x93\x35\0\
\0\x09\xa8\0\0\x58\0\0\0\xe2\x34\0\0\xa0\x35\0\0\x09\xac\0\0\x68\0\0\0\xe2\x34\
\0\0\xc6\x35\0\0\x09\xe0\0\0\x98\0\0\0\xe2\x34\0\0\xfb\x35\0\0\x09\xe4\0\0\xb8\
\0\0\0\xe2\x34\0\0\0\0\0\0\0\0\0\0\xc0\0\0\0\xe2\x34\0\0\x61\x35\0\0\x10\xa4\0\
\0\xd8\0\0\0\xe2\x34\0\0\x93\x35\0\0\x09\xa8\0\0\xe8\0\0\0\xe2\x34\0\0\xa0\x35\
\0\0\x09\xac\0\0\xf8\0\0\0\xe2\x34\0\0\xc8\x39\0\0\x17\x98\x01\0\0\x01\0\0\xe2\
\x34\0\0\xc8\x39\0\0\x15\x98\x01\0\x08\x01\0\0\xe2\x34\0\0\xf2\x39\0\0\x0e\x9c\
\x01\0\x10\x01\0\0\xe2\x34\0\0\xf2\x39\0\0\x0c\x9c\x01\0\x18\x01\0\0\xe2\x34\0\
\0\x1b\x3a\0\0\x0e\xa0\x01\0\x20\x01\0\0\xe2\x34\0\0\x02\x3b\0\0\x12\xb4\x01\0\
\x28\x01\0\0\xe2\x34\0\0\x1b\x3b\0\0\x13\xb0\x01\0\x38\x01\0\0\xe2\x34\0\0\x36\
\x3b\0\0\x12\xac\x01\0\x40\x01\0\0\xe2\x34\0\0\x1b\x3a\0\0\x29\xa0\x01\0\x48\
\x01\0\0\xe2\x34\0\0\x1b\x3a\0\0\x0c\xa0\x01\0\x50\x01\0\0\xe2\x34\0\0\x4a\x3a\
\0\0\x11\xa8\x01\0\x58\x01\0\0\xe2\x34\0\0\x6a\x3a\0\0\x12\xa4\x01\0\x60\x01\0\
\0\xe2\x34\0\0\xc6\x3a\0\0\x11\xbc\x01\0\x80\x01\0\0\xe2\x34\0\0\x54\x3b\0\0\
\x05\xcc\x01\0\x98\x01\0\0\xe2\x34\0\0\xb1\x3b\0\0\x05\x28\x02\0\x10\0\0\0\x4b\
\x3c\0\0\x0b\0\0\0\0\0\0\0\x1a\0\0\0\x07\x3c\0\0\0\0\0\0\x08\0\0\0\x1a\0\0\0\
\x0d\x3c\0\0\0\0\0\0\x30\x01\0\0\x24\0\0\0\x13\x3c\0\0\0\0\0\0\x98\x01\0\0\x2a\
\0\0\0\x13\x3c\0\0\0\0\0\0\xd8\x01\0\0\x2a\0\0\0\x17\x3c\0\0\0\0\0\0\x20\x02\0\
\0\x2a\0\0\0\x1b\x3c\0\0\0\0\0\0\x90\x02\0\0\x31\0\0\0\x1f\x3c\0\0\0\0\0\0\xd8\
\x02\0\0\x3c\0\0\0\x25\x3c\0\0\0\0\0\0\x20\x03\0\0\x42\0\0\0\x2b\x3c\0\0\0\0\0\
\0\x60\x03\0\0\x8c\0\0\0\x32\x3c\0\0\0\0\0\0\xd8\x03\0\0\x24\0\0\0\x37\x3c\0\0\
\0\0\0\0\x72\x3c\0\0\x0b\0\0\0\0\0\0\0\x1a\0\0\0\x07\x3c\0\0\0\0\0\0\x08\0\0\0\
\x1a\0\0\0\x0d\x3c\0\0\0\0\0\0\x30\x01\0\0\x24\0\0\0\x13\x3c\0\0\0\0\0\0\x98\
\x01\0\0\x2a\0\0\0\x13\x3c\0\0\0\0\0\0\xd8\x01\0\0\x2a\0\0\0\x17\x3c\0\0\0\0\0\
\0\x20\x02\0\0\x2a\0\0\0\x1b\x3c\0\0\0\0\0\0\x90\x02\0\0\x31\0\0\0\x1f\x3c\0\0\
\0\0\0\0\xd8\x02\0\0\x3c\0\0\0\x25\x3c\0\0\0\0\0\0\x20\x03\0\0\x42\0\0\0\x2b\
\x3c\0\0\0\0\0\0\x60\x03\0\0\x8c\0\0\0\x32\x3c\0\0\0\0\0\0\xd8\x03\0\0\x24\0\0\
\0\x37\x3c\0\0\0\0\0\0\x95\x3c\0\0\x02\0\0\0\0\0\0\0\x1a\0\0\0\x07\x3c\0\0\0\0\
\0\0\x08\0\0\0\x1a\0\0\0\x0d\x3c\0\0\0\0\0\0\0\0\0\0\0\0\0\0\0\0\0\0\0\0\0\0\0\
\0\0\0\0\0\0\0\0\0\0\0\0\0\0\0\0\0\0\0\0\0\0\0\0\0\0\0\0\0\0\0\0\0\0\0\0\0\0\0\
\0\0\0\0\0\0\0\0\0\0\0\0\x01\0\0\0\x03\0\0\0\x20\0\0\0\0\0\0\0\0\0\0\0\0\0\0\0\
\x40\0\0\0\0\0\0\0\xd8\x01\0\0\0\0\0\0\0\0\0\0\0\0\0\0\x01\0\0\0\0\0\0\0\0\0\0\
\0\0\0\0\0\x09\0\0\0\x02\0\0\0\0\0\0\0\0\0\0\0\0\0\0\0\0\0\0\0\x18\x02\0\0\0\0\
\0\0\x40\x02\0\0\0\0\0\0\x01\0\0\0\0\0\0\0\x08\0\0\0\0\0\0\0\x18\0\0\0\0\0\0\0\
\x11\0\0\0\x01\0\0\0\x06\0\0\0\0\0\0\0\0\0\0\0\0\0\0\0\x58\x04\0\0\0\0\0\0\xf8\
\x04\0\0\0\0\0\0\0\0\0\0\0\0\0\0\x08\0\0\0\0\0\0\0\0\0\0\0\0\0\0\0\x38\0\0\0\
\x01\0\0\0\x06\0\0\0\0\0\0\0\0\0\0\0\0\0\0\0\x50\x09\0\0\0\0\0\0\xf8\x04\0\0\0\
\0\0\0\0\0\0\0\0\0\0\0\x08\0\0\0\0\0\0\0\0\0\0\0\0\0\0\0\x5b\0\0\0\x01\0\0\0\
\x06\0\0\0\0\0\0\0\0\0\0\0\0\0\0\0\x48\x0e\0\0\0\0\0\0\xa8\x01\0\0\0\0\0\0\0\0\
\0\0\0\0\0\0\x08\0\0\0\0\0\0\0\0\0\0\0\0\0\0\0\x84\0\0\0\x01\0\0\0\x03\0\0\0\0\
\0\0\0\0\0\0\0\0\0\0\0\xf0\x0f\0\0\0\0\0\0\x04\0\0\0\0\0\0\0\0\0\0\0\0\0\0\0\
\x01\0\0\0\0\0\0\0\0\0\0\0\0\0\0\0\x8c\0\0\0\x01\0\0\0\x03\0\0\0\0\0\0\0\0\0\0\
\0\0\0\0\0\xf8\x0f\0\0\0\0\0\0\x30\0\0\0\0\0\0\0\0\0\0\0\0\0\0\0\x08\0\0\0\0\0\
\0\0\0\0\0\0\0\0\0\0\x4b\x01\0\0\x09\0\0\0\x40\0\0\0\0\0\0\0\0\0\0\0\0\0\0\0\
\x28\x10\0\0\0\0\0\0\x30\0\0\0\0\0\0\0\x02\0\0\0\x03\0\0\0\x08\0\0\0\0\0\0\0\
\x10\0\0\0\0\0\0\0\x76\x01\0\0\x09\0\0\0\x40\0\0\0\0\0\0\0\0\0\0\0\0\0\0\0\x58\
\x10\0\0\0\0\0\0\x30\0\0\0\0\0\0\0\x02\0\0\0\x04\0\0\0\x08\0\0\0\0\0\0\0\x10\0\
\0\0\0\0\0\0\x9d\x01\0\0\x09\0\0\0\x40\0\0\0\0\0\0\0\0\0\0\0\0\0\0\0\x88\x10\0\
\0\0\0\0\0\x30\0\0\0\0\0\0\0\x02\0\0\0\x05\0\0\0\x08\0\0\0\0\0\0\0\x10\0\0\0\0\
\0\0\0\xca\x01\0\0\x01\0\0\0\0\0\0\0\0\0\0\0\0\0\0\0\0\0\0\0\xb8\x10\0\0\0\0\0\
\0\x32\x8b\0\0\0\0\0\0\0\0\0\0\0\0\0\0\x08\0\0\0\0\0\0\0\0\0\0\0\0\0\0\0\xcf\
\x01\0\0\x01\0\0\0\0\0\0\0\0\0\0\0\0\0\0\0\0\0\0\0\xf0\x9b\0\0\0\0\0\0\x0c\x0b\
\0\0\0\0\0\0\0\0\0\0\0\0\0\0\x08\0\0\0\0\0\0\0\0\0\0\0\0\0\0\0";

	*sz = sizeof(data) - 1;
	return (const void *)data;
}

#ifdef __cplusplus
struct chunk_trace_bpf *chunk_trace_bpf::open(const struct bpf_object_open_opts *opts) { return chunk_trace_bpf__open_opts(opts); }
struct chunk_trace_bpf *chunk_trace_bpf::open_and_load() { return chunk_trace_bpf__open_and_load(); }
int chunk_trace_bpf::load(struct chunk_trace_bpf *skel) { return chunk_trace_bpf__load(skel); }
int chunk_trace_bpf::attach(struct chunk_trace_bpf *skel) { return chunk_trace_bpf__attach(skel); }
void chunk_trace_bpf::detach(struct chunk_trace_bpf *skel) { chunk_trace_bpf__detach(skel); }
void chunk_trace_bpf::destroy(struct chunk_trace_bpf *skel) { chunk_trace_bpf__destroy(skel); }
const void *chunk_trace_bpf::elf_bytes(size_t *sz) { return chunk_trace_bpf__elf_bytes(sz); }
#endif /* __cplusplus */

__attribute__((unused)) static void
chunk_trace_bpf__assert(struct chunk_trace_bpf *s __attribute__((unused)))
{
#ifdef __cplusplus
#define _Static_assert static_assert
#endif
#ifdef __cplusplus
#undef _Static_assert
#endif
}

#endif /* __CHUNK_TRACE_BPF_SKEL_H__ */
