lifecycle kind=9 request=0x91577dac4804e983 peer=0x9624dc9ab1c699fe position=0 token_id=0 queue=1 status=0 flags=0x0
begin step=3 scheduled=70 prefill=70 decode=0 queue=0 active=1 slices=1 kv_permyriad=15 flags=0x0
slice step=3 request=0x91577dac4804e983 phase=1 tokens=70
packed_begin step=3 generation=3 tokens=70 slices=1 flags=0x0
packed_slice step=3 generation=3 request=0x91577dac4804e983 index=0 rows=[0,70) tokens=70 phase=1
packed_token step=3 generation=3 request=0x91577dac4804e983 row=0 position=0 token_id=151644 phase=1 flags=0x0
packed_token step=3 generation=3 request=0x91577dac4804e983 row=1 position=1 token_id=872 phase=1 flags=0x0
packed_token step=3 generation=3 request=0x91577dac4804e983 row=2 position=2 token_id=198 phase=1 flags=0x0
packed_token step=3 generation=3 request=0x91577dac4804e983 row=3 position=3 token_id=14674 phase=1 flags=0x0
packed_token step=3 generation=3 request=0x91577dac4804e983 row=4 position=4 token_id=16312 phase=1 flags=0x0
packed_token step=3 generation=3 request=0x91577dac4804e983 row=5 position=5 token_id=284 phase=1 flags=0x0
packed_token step=3 generation=3 request=0x91577dac4804e983 row=6 position=6 token_id=501 phase=1 flags=0x0
packed_token step=3 generation=3 request=0x91577dac4804e983 row=7 position=7 token_id=5056 phase=1 flags=0x0
packed_token step=3 generation=3 request=0x91577dac4804e983 row=8 position=8 token_id=1428 phase=1 flags=0x0
packed_token step=3 generation=3 request=0x91577dac4804e983 row=9 position=9 token_id=75324 phase=1 flags=0x0
packed_token step=3 generation=3 request=0x91577dac4804e983 row=10 position=10 token_id=53190 phase=1 flags=0x0
packed_token step=3 generation=3 request=0x91577dac4804e983 row=11 position=11 token_id=2239 phase=1 flags=0x0
packed_token step=3 generation=3 request=0x91577dac4804e983 row=12 position=12 token_id=279 phase=1 flags=0x0
packed_token step=3 generation=3 request=0x91577dac4804e983 row=13 position=13 token_id=536 phase=1 flags=0x0
packed_token step=3 generation=3 request=0x91577dac4804e983 row=14 position=14 token_id=315 phase=1 flags=0x0
packed_token step=3 generation=3 request=0x91577dac4804e983 row=15 position=15 token_id=39223 phase=1 flags=0x0
packed_token step=3 generation=3 request=0x91577dac4804e983 row=16 position=16 token_id=892 phase=1 flags=0x0
packed_token step=3 generation=3 request=0x91577dac4804e983 row=17 position=17 token_id=374 phase=1 flags=0x0
packed_token step=3 generation=3 request=0x91577dac4804e983 row=18 position=18 token_id=1447 phase=1 flags=0x0
packed_token step=3 generation=3 request=0x91577dac4804e983 row=19 position=19 token_id=888 phase=1 flags=0x0
packed_token step=3 generation=3 request=0x91577dac4804e983 row=20 position=20 token_id=536 phase=1 flags=0x0
packed_token step=3 generation=3 request=0x91577dac4804e983 row=21 position=21 token_id=39223 phase=1 flags=0x0
packed_token step=3 generation=3 request=0x91577dac4804e983 row=22 position=22 token_id=1476 phase=1 flags=0x0
packed_token step=3 generation=3 request=0x91577dac4804e983 row=23 position=23 token_id=569 phase=1 flags=0x0
packed_token step=3 generation=3 request=0x91577dac4804e983 row=24 position=24 token_id=31666 phase=1 flags=0x0
packed_token step=3 generation=3 request=0x91577dac4804e983 row=25 position=25 token_id=3153 phase=1 flags=0x0
packed_token step=3 generation=3 request=0x91577dac4804e983 row=26 position=26 token_id=284 phase=1 flags=0x0
packed_token step=3 generation=3 request=0x91577dac4804e983 row=27 position=27 token_id=330 phase=1 flags=0x0
packed_token step=3 generation=3 request=0x91577dac4804e983 row=28 position=28 token_id=3102 phase=1 flags=0x0
packed_token step=3 generation=3 request=0x91577dac4804e983 row=29 position=29 token_id=497 phase=1 flags=0x0
packed_token step=3 generation=3 request=0x91577dac4804e983 row=30 position=30 token_id=2567 phase=1 flags=0x0
packed_token step=3 generation=3 request=0x91577dac4804e983 row=31 position=31 token_id=284 phase=1 flags=0x0
packed_token step=3 generation=3 request=0x91577dac4804e983 row=32 position=32 token_id=830 phase=1 flags=0x0
packed_token step=3 generation=3 request=0x91577dac4804e983 row=33 position=33 token_id=11 phase=1 flags=0x0
packed_token step=3 generation=3 request=0x91577dac4804e983 row=34 position=34 token_id=308 phase=1 flags=0x0
packed_token step=3 generation=3 request=0x91577dac4804e983 row=35 position=35 token_id=483 phase=1 flags=0x0
packed_token step=3 generation=3 request=0x91577dac4804e983 row=36 position=36 token_id=480 phase=1 flags=0x0
packed_token step=3 generation=3 request=0x91577dac4804e983 row=37 position=37 token_id=284 phase=1 flags=0x0
packed_token step=3 generation=3 request=0x91577dac4804e983 row=38 position=38 token_id=830 phase=1 flags=0x0
packed_token step=3 generation=3 request=0x91577dac4804e983 row=39 position=39 token_id=340 phase=1 flags=0x0
packed_token step=3 generation=3 request=0x91577dac4804e983 row=40 position=40 token_id=2617 phase=1 flags=0x0
packed_token step=3 generation=3 request=0x91577dac4804e983 row=41 position=41 token_id=923 phase=1 flags=0x0
packed_token step=3 generation=3 request=0x91577dac4804e983 row=42 position=42 token_id=2802 phase=1 flags=0x0
packed_token step=3 generation=3 request=0x91577dac4804e983 row=43 position=43 token_id=280 phase=1 flags=0x0
packed_token step=3 generation=3 request=0x91577dac4804e983 row=44 position=44 token_id=569 phase=1 flags=0x0
packed_token step=3 generation=3 request=0x91577dac4804e983 row=45 position=45 token_id=31666 phase=1 flags=0x0
packed_token step=3 generation=3 request=0x91577dac4804e983 row=46 position=46 token_id=3153 phase=1 flags=0x0
packed_token step=3 generation=3 request=0x91577dac4804e983 row=47 position=47 token_id=284 phase=1 flags=0x0
packed_token step=3 generation=3 request=0x91577dac4804e983 row=48 position=48 token_id=330 phase=1 flags=0x0
packed_token step=3 generation=3 request=0x91577dac4804e983 row=49 position=49 token_id=2933 phase=1 flags=0x0
packed_token step=3 generation=3 request=0x91577dac4804e983 row=50 position=50 token_id=497 phase=1 flags=0x0
packed_token step=3 generation=3 request=0x91577dac4804e983 row=51 position=51 token_id=2567 phase=1 flags=0x0
packed_token step=3 generation=3 request=0x91577dac4804e983 row=52 position=52 token_id=284 phase=1 flags=0x0
packed_token step=3 generation=3 request=0x91577dac4804e983 row=53 position=53 token_id=830 phase=1 flags=0x0
packed_token step=3 generation=3 request=0x91577dac4804e983 row=54 position=54 token_id=11 phase=1 flags=0x0
packed_token step=3 generation=3 request=0x91577dac4804e983 row=55 position=55 token_id=308 phase=1 flags=0x0
packed_token step=3 generation=3 request=0x91577dac4804e983 row=56 position=56 token_id=483 phase=1 flags=0x0
packed_token step=3 generation=3 request=0x91577dac4804e983 row=57 position=57 token_id=480 phase=1 flags=0x0
packed_token step=3 generation=3 request=0x91577dac4804e983 row=58 position=58 token_id=284 phase=1 flags=0x0
packed_token step=3 generation=3 request=0x91577dac4804e983 row=59 position=59 token_id=830 phase=1 flags=0x0
packed_token step=3 generation=3 request=0x91577dac4804e983 row=60 position=60 token_id=340 phase=1 flags=0x0
packed_token step=3 generation=3 request=0x91577dac4804e983 row=61 position=61 token_id=2617 phase=1 flags=0x0
packed_token step=3 generation=3 request=0x91577dac4804e983 row=62 position=62 token_id=923 phase=1 flags=0x0
packed_token step=3 generation=3 request=0x91577dac4804e983 row=63 position=63 token_id=3250 phase=1 flags=0x0
packed_token step=3 generation=3 request=0x91577dac4804e983 row=64 position=64 token_id=26 phase=1 flags=0x0
packed_token step=3 generation=3 request=0x91577dac4804e983 row=65 position=65 token_id=151645 phase=1 flags=0x0
packed_token step=3 generation=3 request=0x91577dac4804e983 row=66 position=66 token_id=198 phase=1 flags=0x0
packed_token step=3 generation=3 request=0x91577dac4804e983 row=67 position=67 token_id=151644 phase=1 flags=0x0
packed_token step=3 generation=3 request=0x91577dac4804e983 row=68 position=68 token_id=77091 phase=1 flags=0x0
packed_token step=3 generation=3 request=0x91577dac4804e983 row=69 position=69 token_id=198 phase=1 flags=0x0
end step=3 status=0 flags=0x0
accepted_token step=3 request=0x91577dac4804e983 output_position=0 token_id=151667 flags=0x0
lifecycle kind=9 request=0xbcc17e824bf7f7e5 peer=0x9624db9ab1c6984b position=0 token_id=0 queue=1 status=0 flags=0x0
lifecycle kind=9 request=0x8b864d0b1b96a716 peer=0x9624da9ab1c69698 position=0 token_id=0 queue=2 status=0 flags=0x0
lifecycle kind=9 request=0xd74af64826ca2ccb peer=0x9624e19ab1c6a27d position=0 token_id=0 queue=3 status=0 flags=0x0
lifecycle kind=9 request=0x8ffcb8302ea32d38 peer=0x9624e09ab1c6a0ca position=0 token_id=0 queue=4 status=0 flags=0x0
lifecycle kind=9 request=0x321980c06a38a9e6 peer=0x9624df9ab1c69f17 position=0 token_id=0 queue=5 status=0 flags=0x0
lifecycle kind=9 request=0x357c20a7837608ba peer=0x9624de9ab1c69d64 position=0 token_id=0 queue=6 status=0 flags=0x0
begin step=4 scheduled=209 prefill=208 decode=1 queue=0 active=7 slices=7 kv_permyriad=64 flags=0x0
slice step=4 request=0x91577dac4804e983 phase=2 tokens=1
slice step=4 request=0xbcc17e824bf7f7e5 phase=1 tokens=25
slice step=4 request=0x8b864d0b1b96a716 phase=1 tokens=70
slice step=4 request=0xd74af64826ca2ccb phase=1 tokens=58
slice step=4 request=0x8ffcb8302ea32d38 phase=1 tokens=24
slice step=4 request=0x321980c06a38a9e6 phase=1 tokens=18
slice step=4 request=0x357c20a7837608ba phase=1 tokens=13
packed_begin step=4 generation=4 tokens=209 slices=7 flags=0x0
packed_slice step=4 generation=4 request=0x91577dac4804e983 index=0 rows=[0,1) tokens=1 phase=2
packed_slice step=4 generation=4 request=0xbcc17e824bf7f7e5 index=1 rows=[1,26) tokens=25 phase=1
packed_slice step=4 generation=4 request=0x8b864d0b1b96a716 index=2 rows=[26,96) tokens=70 phase=1
packed_slice step=4 generation=4 request=0xd74af64826ca2ccb index=3 rows=[96,154) tokens=58 phase=1
packed_slice step=4 generation=4 request=0x8ffcb8302ea32d38 index=4 rows=[154,178) tokens=24 phase=1
packed_slice step=4 generation=4 request=0x321980c06a38a9e6 index=5 rows=[178,196) tokens=18 phase=1
packed_slice step=4 generation=4 request=0x357c20a7837608ba index=6 rows=[196,209) tokens=13 phase=1
packed_token step=4 generation=4 request=0x357c20a7837608ba row=196 position=0 token_id=151644 phase=1 flags=0x0
packed_token step=4 generation=4 request=0x357c20a7837608ba row=197 position=1 token_id=872 phase=1 flags=0x0
packed_token step=4 generation=4 request=0x357c20a7837608ba row=198 position=2 token_id=198 phase=1 flags=0x0
packed_token step=4 generation=4 request=0x357c20a7837608ba row=199 position=3 token_id=38164 phase=1 flags=0x0
packed_token step=4 generation=4 request=0x357c20a7837608ba row=200 position=4 token_id=34878 phase=1 flags=0x0
packed_token step=4 generation=4 request=0x357c20a7837608ba row=201 position=5 token_id=34878 phase=1 flags=0x0
packed_token step=4 generation=4 request=0x357c20a7837608ba row=202 position=6 token_id=67084 phase=1 flags=0x0
packed_token step=4 generation=4 request=0x357c20a7837608ba row=203 position=7 token_id=603 phase=1 flags=0x0
packed_token step=4 generation=4 request=0x357c20a7837608ba row=204 position=8 token_id=151645 phase=1 flags=0x0
packed_token step=4 generation=4 request=0x357c20a7837608ba row=205 position=9 token_id=198 phase=1 flags=0x0
packed_token step=4 generation=4 request=0x357c20a7837608ba row=206 position=10 token_id=151644 phase=1 flags=0x0
packed_token step=4 generation=4 request=0x357c20a7837608ba row=207 position=11 token_id=77091 phase=1 flags=0x0
packed_token step=4 generation=4 request=0x357c20a7837608ba row=208 position=12 token_id=198 phase=1 flags=0x0
end step=4 status=0 flags=0x0
accepted_token step=4 request=0x357c20a7837608ba output_position=0 token_id=151667 flags=0x0
lifecycle kind=9 request=0x5fe317ef3fada691 peer=0x1e48db0927d08250 position=0 token_id=0 queue=1 status=0 flags=0x0
begin step=5 scheduled=84 prefill=77 decode=7 queue=0 active=8 slices=8 kv_permyriad=79 flags=0x0
slice step=5 request=0x91577dac4804e983 phase=2 tokens=1
slice step=5 request=0xbcc17e824bf7f7e5 phase=2 tokens=1
slice step=5 request=0x8b864d0b1b96a716 phase=2 tokens=1
slice step=5 request=0xd74af64826ca2ccb phase=2 tokens=1
slice step=5 request=0x8ffcb8302ea32d38 phase=2 tokens=1
slice step=5 request=0x321980c06a38a9e6 phase=2 tokens=1
slice step=5 request=0x357c20a7837608ba phase=2 tokens=1
slice step=5 request=0x5fe317ef3fada691 phase=1 tokens=77
packed_begin step=5 generation=5 tokens=84 slices=8 flags=0x0
packed_slice step=5 generation=5 request=0x91577dac4804e983 index=0 rows=[0,1) tokens=1 phase=2
packed_slice step=5 generation=5 request=0xbcc17e824bf7f7e5 index=1 rows=[1,2) tokens=1 phase=2
packed_slice step=5 generation=5 request=0x8b864d0b1b96a716 index=2 rows=[2,3) tokens=1 phase=2
packed_slice step=5 generation=5 request=0xd74af64826ca2ccb index=3 rows=[3,4) tokens=1 phase=2
packed_slice step=5 generation=5 request=0x8ffcb8302ea32d38 index=4 rows=[4,5) tokens=1 phase=2
packed_slice step=5 generation=5 request=0x321980c06a38a9e6 index=5 rows=[5,6) tokens=1 phase=2
packed_slice step=5 generation=5 request=0x357c20a7837608ba index=6 rows=[6,7) tokens=1 phase=2
packed_slice step=5 generation=5 request=0x5fe317ef3fada691 index=7 rows=[7,84) tokens=77 phase=1
packed_token step=5 generation=5 request=0x5fe317ef3fada691 row=7 position=0 token_id=151644 phase=1 flags=0x0
packed_token step=5 generation=5 request=0x5fe317ef3fada691 row=8 position=1 token_id=872 phase=1 flags=0x0
packed_token step=5 generation=5 request=0x5fe317ef3fada691 row=9 position=2 token_id=198 phase=1 flags=0x0
packed_token step=5 generation=5 request=0x5fe317ef3fada691 row=10 position=3 token_id=48849 phase=1 flags=0x0
packed_token step=5 generation=5 request=0x5fe317ef3fada691 row=11 position=4 token_id=752 phase=1 flags=0x0
packed_token step=5 generation=5 request=0x5fe317ef3fada691 row=12 position=5 token_id=1526 phase=1 flags=0x0
packed_token step=5 generation=5 request=0x5fe317ef3fada691 row=13 position=6 token_id=11 phase=1 flags=0x0
packed_token step=5 generation=5 request=0x5fe317ef3fada691 row=14 position=7 token_id=3019 phase=1 flags=0x0
packed_token step=5 generation=5 request=0x5fe317ef3fada691 row=15 position=8 token_id=553 phase=1 flags=0x0
packed_token step=5 generation=5 request=0x5fe317ef3fada691 row=16 position=9 token_id=3019 phase=1 flags=0x0
packed_token step=5 generation=5 request=0x5fe317ef3fada691 row=17 position=10 token_id=11 phase=1 flags=0x0
packed_token step=5 generation=5 request=0x5fe317ef3fada691 row=18 position=11 token_id=1128 phase=1 flags=0x0
packed_token step=5 generation=5 request=0x5fe317ef3fada691 row=19 position=12 token_id=8573 phase=1 flags=0x0
packed_token step=5 generation=5 request=0x5fe317ef3fada691 row=20 position=13 token_id=4766 phase=1 flags=0x0
packed_token step=5 generation=5 request=0x5fe317ef3fada691 row=21 position=14 token_id=264 phase=1 flags=0x0
packed_token step=5 generation=5 request=0x5fe317ef3fada691 row=22 position=15 token_id=348 phase=1 flags=0x0
packed_token step=5 generation=5 request=0x5fe317ef3fada691 row=23 position=16 token_id=4086 phase=1 flags=0x0
packed_token step=5 generation=5 request=0x5fe317ef3fada691 row=24 position=17 token_id=44 phase=1 flags=0x0
packed_token step=5 generation=5 request=0x5fe317ef3fada691 row=25 position=18 token_id=647 phase=1 flags=0x0
packed_token step=5 generation=5 request=0x5fe317ef3fada691 row=26 position=19 token_id=16 phase=1 flags=0x0
packed_token step=5 generation=5 request=0x5fe317ef3fada691 row=27 position=20 token_id=4712 phase=1 flags=0x0
packed_token step=5 generation=5 request=0x5fe317ef3fada691 row=28 position=21 token_id=3019 phase=1 flags=0x0
packed_token step=5 generation=5 request=0x5fe317ef3fada691 row=29 position=22 token_id=979 phase=1 flags=0x0
packed_token step=5 generation=5 request=0x5fe317ef3fada691 row=30 position=23 token_id=264 phase=1 flags=0x0
packed_token step=5 generation=5 request=0x5fe317ef3fada691 row=31 position=24 token_id=3175 phase=1 flags=0x0
packed_token step=5 generation=5 request=0x5fe317ef3fada691 row=32 position=25 token_id=16895 phase=1 flags=0x0
packed_token step=5 generation=5 request=0x5fe317ef3fada691 row=33 position=26 token_id=1681 phase=1 flags=0x0
packed_token step=5 generation=5 request=0x5fe317ef3fada691 row=34 position=27 token_id=374 phase=1 flags=0x0
packed_token step=5 generation=5 request=0x5fe317ef3fada691 row=35 position=28 token_id=13537 phase=1 flags=0x0
packed_token step=5 generation=5 request=0x5fe317ef3fada691 row=36 position=29 token_id=25 phase=1 flags=0x0
packed_token step=5 generation=5 request=0x5fe317ef3fada691 row=37 position=30 token_id=1246 phase=1 flags=0x0
packed_token step=5 generation=5 request=0x5fe317ef3fada691 row=38 position=31 token_id=279 phase=1 flags=0x0
packed_token step=5 generation=5 request=0x5fe317ef3fada691 row=39 position=32 token_id=28809 phase=1 flags=0x0
packed_token step=5 generation=5 request=0x5fe317ef3fada691 row=40 position=33 token_id=21895 phase=1 flags=0x0
packed_token step=5 generation=5 request=0x5fe317ef3fada691 row=41 position=34 token_id=432 phase=1 flags=0x0
packed_token step=5 generation=5 request=0x5fe317ef3fada691 row=42 position=35 token_id=11 phase=1 flags=0x0
packed_token step=5 generation=5 request=0x5fe317ef3fada691 row=43 position=36 token_id=1246 phase=1 flags=0x0
packed_token step=5 generation=5 request=0x5fe317ef3fada691 row=44 position=37 token_id=1181 phase=1 flags=0x0
packed_token step=5 generation=5 request=0x5fe317ef3fada691 row=45 position=38 token_id=11211 phase=1 flags=0x0
packed_token step=5 generation=5 request=0x5fe317ef3fada691 row=46 position=39 token_id=525 phase=1 flags=0x0
packed_token step=5 generation=5 request=0x5fe317ef3fada691 row=47 position=40 token_id=19375 phase=1 flags=0x0
packed_token step=5 generation=5 request=0x5fe317ef3fada691 row=48 position=41 token_id=1119 phase=1 flags=0x0
packed_token step=5 generation=5 request=0x5fe317ef3fada691 row=49 position=42 token_id=6978 phase=1 flags=0x0
packed_token step=5 generation=5 request=0x5fe317ef3fada691 row=50 position=43 token_id=369 phase=1 flags=0x0
packed_token step=5 generation=5 request=0x5fe317ef3fada691 row=51 position=44 token_id=279 phase=1 flags=0x0
packed_token step=5 generation=5 request=0x5fe317ef3fada691 row=52 position=45 token_id=22670 phase=1 flags=0x0
packed_token step=5 generation=5 request=0x5fe317ef3fada691 row=53 position=46 token_id=11 phase=1 flags=0x0
packed_token step=5 generation=5 request=0x5fe317ef3fada691 row=54 position=47 token_id=892 phase=1 flags=0x0
packed_token step=5 generation=5 request=0x5fe317ef3fada691 row=55 position=48 token_id=54809 phase=1 flags=0x0
packed_token step=5 generation=5 request=0x5fe317ef3fada691 row=56 position=49 token_id=63515 phase=1 flags=0x0
packed_token step=5 generation=5 request=0x5fe317ef3fada691 row=57 position=50 token_id=1817 phase=1 flags=0x0
packed_token step=5 generation=5 request=0x5fe317ef3fada691 row=58 position=51 token_id=42578 phase=1 flags=0x0
packed_token step=5 generation=5 request=0x5fe317ef3fada691 row=59 position=52 token_id=6193 phase=1 flags=0x0
packed_token step=5 generation=5 request=0x5fe317ef3fada691 row=60 position=53 token_id=6845 phase=1 flags=0x0
packed_token step=5 generation=5 request=0x5fe317ef3fada691 row=61 position=54 token_id=288 phase=1 flags=0x0
packed_token step=5 generation=5 request=0x5fe317ef3fada691 row=62 position=55 token_id=304 phase=1 flags=0x0
packed_token step=5 generation=5 request=0x5fe317ef3fada691 row=63 position=56 token_id=1973 phase=1 flags=0x0
packed_token step=5 generation=5 request=0x5fe317ef3fada691 row=64 position=57 token_id=11 phase=1 flags=0x0
packed_token step=5 generation=5 request=0x5fe317ef3fada691 row=65 position=58 token_id=323 phase=1 flags=0x0
packed_token step=5 generation=5 request=0x5fe317ef3fada691 row=66 position=59 token_id=1380 phase=1 flags=0x0
packed_token step=5 generation=5 request=0x5fe317ef3fada691 row=67 position=60 token_id=279 phase=1 flags=0x0
packed_token step=5 generation=5 request=0x5fe317ef3fada691 row=68 position=61 token_id=84648 phase=1 flags=0x0
packed_token step=5 generation=5 request=0x5fe317ef3fada691 row=69 position=62 token_id=6500 phase=1 flags=0x0
packed_token step=5 generation=5 request=0x5fe317ef3fada691 row=70 position=63 token_id=374 phase=1 flags=0x0
packed_token step=5 generation=5 request=0x5fe317ef3fada691 row=71 position=64 token_id=5326 phase=1 flags=0x0
packed_token step=5 generation=5 request=0x5fe317ef3fada691 row=72 position=65 token_id=13 phase=1 flags=0x0
packed_token step=5 generation=5 request=0x5fe317ef3fada691 row=73 position=66 token_id=2823 phase=1 flags=0x0
packed_token step=5 generation=5 request=0x5fe317ef3fada691 row=74 position=67 token_id=3151 phase=1 flags=0x0
packed_token step=5 generation=5 request=0x5fe317ef3fada691 row=75 position=68 token_id=911 phase=1 flags=0x0
packed_token step=5 generation=5 request=0x5fe317ef3fada691 row=76 position=69 token_id=279 phase=1 flags=0x0
packed_token step=5 generation=5 request=0x5fe317ef3fada691 row=77 position=70 token_id=21391 phase=1 flags=0x0
packed_token step=5 generation=5 request=0x5fe317ef3fada691 row=78 position=71 token_id=13 phase=1 flags=0x0
packed_token step=5 generation=5 request=0x5fe317ef3fada691 row=79 position=72 token_id=151645 phase=1 flags=0x0
packed_token step=5 generation=5 request=0x5fe317ef3fada691 row=80 position=73 token_id=198 phase=1 flags=0x0
packed_token step=5 generation=5 request=0x5fe317ef3fada691 row=81 position=74 token_id=151644 phase=1 flags=0x0
packed_token step=5 generation=5 request=0x5fe317ef3fada691 row=82 position=75 token_id=77091 phase=1 flags=0x0
packed_token step=5 generation=5 request=0x5fe317ef3fada691 row=83 position=76 token_id=198 phase=1 flags=0x0
end step=5 status=0 flags=0x0
accepted_token step=5 request=0x5fe317ef3fada691 output_position=0 token_id=151667 flags=0x0
begin step=6 scheduled=8 prefill=0 decode=8 queue=0 active=8 slices=8 kv_permyriad=79 flags=0x0
slice step=6 request=0x91577dac4804e983 phase=2 tokens=1
slice step=6 request=0xbcc17e824bf7f7e5 phase=2 tokens=1
slice step=6 request=0x8b864d0b1b96a716 phase=2 tokens=1
slice step=6 request=0xd74af64826ca2ccb phase=2 tokens=1
slice step=6 request=0x8ffcb8302ea32d38 phase=2 tokens=1
slice step=6 request=0x321980c06a38a9e6 phase=2 tokens=1
slice step=6 request=0x357c20a7837608ba phase=2 tokens=1
slice step=6 request=0x5fe317ef3fada691 phase=2 tokens=1
packed_begin step=6 generation=6 tokens=8 slices=8 flags=0x0
packed_slice step=6 generation=6 request=0x91577dac4804e983 index=0 rows=[0,1) tokens=1 phase=2
packed_slice step=6 generation=6 request=0xbcc17e824bf7f7e5 index=1 rows=[1,2) tokens=1 phase=2
packed_slice step=6 generation=6 request=0x8b864d0b1b96a716 index=2 rows=[2,3) tokens=1 phase=2
packed_slice step=6 generation=6 request=0xd74af64826ca2ccb index=3 rows=[3,4) tokens=1 phase=2
packed_slice step=6 generation=6 request=0x8ffcb8302ea32d38 index=4 rows=[4,5) tokens=1 phase=2
packed_slice step=6 generation=6 request=0x321980c06a38a9e6 index=5 rows=[5,6) tokens=1 phase=2
packed_slice step=6 generation=6 request=0x357c20a7837608ba index=6 rows=[6,7) tokens=1 phase=2
packed_slice step=6 generation=6 request=0x5fe317ef3fada691 index=7 rows=[7,8) tokens=1 phase=2
packed_token step=6 generation=6 request=0x5fe317ef3fada691 row=7 position=77 token_id=151667 phase=2 flags=0x0
end step=6 status=0 flags=0x0
accepted_token step=6 request=0x5fe317ef3fada691 output_position=1 token_id=198 flags=0x0
begin step=7 scheduled=8 prefill=0 decode=8 queue=0 active=8 slices=8 kv_permyriad=79 flags=0x0
slice step=7 request=0x91577dac4804e983 phase=2 tokens=1
slice step=7 request=0xbcc17e824bf7f7e5 phase=2 tokens=1
slice step=7 request=0x8b864d0b1b96a716 phase=2 tokens=1
slice step=7 request=0xd74af64826ca2ccb phase=2 tokens=1
slice step=7 request=0x8ffcb8302ea32d38 phase=2 tokens=1
slice step=7 request=0x321980c06a38a9e6 phase=2 tokens=1
slice step=7 request=0x357c20a7837608ba phase=2 tokens=1
slice step=7 request=0x5fe317ef3fada691 phase=2 tokens=1
packed_begin step=7 generation=7 tokens=8 slices=8 flags=0x0
packed_slice step=7 generation=7 request=0x91577dac4804e983 index=0 rows=[0,1) tokens=1 phase=2
packed_slice step=7 generation=7 request=0xbcc17e824bf7f7e5 index=1 rows=[1,2) tokens=1 phase=2
packed_slice step=7 generation=7 request=0x8b864d0b1b96a716 index=2 rows=[2,3) tokens=1 phase=2
packed_slice step=7 generation=7 request=0xd74af64826ca2ccb index=3 rows=[3,4) tokens=1 phase=2
packed_slice step=7 generation=7 request=0x8ffcb8302ea32d38 index=4 rows=[4,5) tokens=1 phase=2
packed_slice step=7 generation=7 request=0x321980c06a38a9e6 index=5 rows=[5,6) tokens=1 phase=2
packed_slice step=7 generation=7 request=0x357c20a7837608ba index=6 rows=[6,7) tokens=1 phase=2
packed_slice step=7 generation=7 request=0x5fe317ef3fada691 index=7 rows=[7,8) tokens=1 phase=2
packed_token step=7 generation=7 request=0x5fe317ef3fada691 row=7 position=78 token_id=198 phase=2 flags=0x0
end step=7 status=0 flags=0x0
accepted_token step=7 request=0x5fe317ef3fada691 output_position=2 token_id=32313 flags=0x0
begin step=8 scheduled=8 prefill=0 decode=8 queue=0 active=8 slices=8 kv_permyriad=82 flags=0x0
slice step=8 request=0x91577dac4804e983 phase=2 tokens=1
slice step=8 request=0xbcc17e824bf7f7e5 phase=2 tokens=1
slice step=8 request=0x8b864d0b1b96a716 phase=2 tokens=1
slice step=8 request=0xd74af64826ca2ccb phase=2 tokens=1
slice step=8 request=0x8ffcb8302ea32d38 phase=2 tokens=1
slice step=8 request=0x321980c06a38a9e6 phase=2 tokens=1
slice step=8 request=0x357c20a7837608ba phase=2 tokens=1
slice step=8 request=0x5fe317ef3fada691 phase=2 tokens=1
packed_begin step=8 generation=8 tokens=8 slices=8 flags=0x0
packed_slice step=8 generation=8 request=0x91577dac4804e983 index=0 rows=[0,1) tokens=1 phase=2
packed_slice step=8 generation=8 request=0xbcc17e824bf7f7e5 index=1 rows=[1,2) tokens=1 phase=2
packed_slice step=8 generation=8 request=0x8b864d0b1b96a716 index=2 rows=[2,3) tokens=1 phase=2
packed_slice step=8 generation=8 request=0xd74af64826ca2ccb index=3 rows=[3,4) tokens=1 phase=2
packed_slice step=8 generation=8 request=0x8ffcb8302ea32d38 index=4 rows=[4,5) tokens=1 phase=2
packed_slice step=8 generation=8 request=0x321980c06a38a9e6 index=5 rows=[5,6) tokens=1 phase=2
packed_slice step=8 generation=8 request=0x357c20a7837608ba index=6 rows=[6,7) tokens=1 phase=2
packed_slice step=8 generation=8 request=0x5fe317ef3fada691 index=7 rows=[7,8) tokens=1 phase=2
packed_token step=8 generation=8 request=0x5fe317ef3fada691 row=7 position=79 token_id=32313 phase=2 flags=0x0
end step=8 status=0 flags=0x0
accepted_token step=8 request=0x5fe317ef3fada691 output_position=3 token_id=11 flags=0x0
begin step=9 scheduled=8 prefill=0 decode=8 queue=0 active=8 slices=8 kv_permyriad=85 flags=0x0
slice step=9 request=0x91577dac4804e983 phase=2 tokens=1
slice step=9 request=0xbcc17e824bf7f7e5 phase=2 tokens=1
slice step=9 request=0x8b864d0b1b96a716 phase=2 tokens=1
slice step=9 request=0xd74af64826ca2ccb phase=2 tokens=1
slice step=9 request=0x8ffcb8302ea32d38 phase=2 tokens=1
slice step=9 request=0x321980c06a38a9e6 phase=2 tokens=1
slice step=9 request=0x357c20a7837608ba phase=2 tokens=1
slice step=9 request=0x5fe317ef3fada691 phase=2 tokens=1
packed_begin step=9 generation=9 tokens=8 slices=8 flags=0x0
packed_slice step=9 generation=9 request=0x91577dac4804e983 index=0 rows=[0,1) tokens=1 phase=2
packed_slice step=9 generation=9 request=0xbcc17e824bf7f7e5 index=1 rows=[1,2) tokens=1 phase=2
packed_slice step=9 generation=9 request=0x8b864d0b1b96a716 index=2 rows=[2,3) tokens=1 phase=2
packed_slice step=9 generation=9 request=0xd74af64826ca2ccb index=3 rows=[3,4) tokens=1 phase=2
packed_slice step=9 generation=9 request=0x8ffcb8302ea32d38 index=4 rows=[4,5) tokens=1 phase=2
packed_slice step=9 generation=9 request=0x321980c06a38a9e6 index=5 rows=[5,6) tokens=1 phase=2
packed_slice step=9 generation=9 request=0x357c20a7837608ba index=6 rows=[6,7) tokens=1 phase=2
packed_slice step=9 generation=9 request=0x5fe317ef3fada691 index=7 rows=[7,8) tokens=1 phase=2
packed_token step=9 generation=9 request=0x5fe317ef3fada691 row=7 position=80 token_id=11 phase=2 flags=0x0
end step=9 status=0 flags=0x0
accepted_token step=9 request=0x5fe317ef3fada691 output_position=4 token_id=773 flags=0x0
begin step=10 scheduled=8 prefill=0 decode=8 queue=0 active=8 slices=8 kv_permyriad=85 flags=0x0
slice step=10 request=0x91577dac4804e983 phase=2 tokens=1
slice step=10 request=0xbcc17e824bf7f7e5 phase=2 tokens=1
slice step=10 request=0x8b864d0b1b96a716 phase=2 tokens=1
slice step=10 request=0xd74af64826ca2ccb phase=2 tokens=1
slice step=10 request=0x8ffcb8302ea32d38 phase=2 tokens=1
slice step=10 request=0x321980c06a38a9e6 phase=2 tokens=1
slice step=10 request=0x357c20a7837608ba phase=2 tokens=1
slice step=10 request=0x5fe317ef3fada691 phase=2 tokens=1
packed_begin step=10 generation=10 tokens=8 slices=8 flags=0x0
packed_slice step=10 generation=10 request=0x91577dac4804e983 index=0 rows=[0,1) tokens=1 phase=2
packed_slice step=10 generation=10 request=0xbcc17e824bf7f7e5 index=1 rows=[1,2) tokens=1 phase=2
packed_slice step=10 generation=10 request=0x8b864d0b1b96a716 index=2 rows=[2,3) tokens=1 phase=2
packed_slice step=10 generation=10 request=0xd74af64826ca2ccb index=3 rows=[3,4) tokens=1 phase=2
packed_slice step=10 generation=10 request=0x8ffcb8302ea32d38 index=4 rows=[4,5) tokens=1 phase=2
packed_slice step=10 generation=10 request=0x321980c06a38a9e6 index=5 rows=[5,6) tokens=1 phase=2
packed_slice step=10 generation=10 request=0x357c20a7837608ba index=6 rows=[6,7) tokens=1 phase=2
packed_slice step=10 generation=10 request=0x5fe317ef3fada691 index=7 rows=[7,8) tokens=1 phase=2
packed_token step=10 generation=10 request=0x5fe317ef3fada691 row=7 position=81 token_id=773 phase=2 flags=0x0
end step=10 status=0 flags=0x0
accepted_token step=10 request=0x5fe317ef3fada691 output_position=5 token_id=358 flags=0x0
begin step=11 scheduled=8 prefill=0 decode=8 queue=0 active=8 slices=8 kv_permyriad=88 flags=0x0
slice step=11 request=0x91577dac4804e983 phase=2 tokens=1
slice step=11 request=0xbcc17e824bf7f7e5 phase=2 tokens=1
slice step=11 request=0x8b864d0b1b96a716 phase=2 tokens=1
slice step=11 request=0xd74af64826ca2ccb phase=2 tokens=1
slice step=11 request=0x8ffcb8302ea32d38 phase=2 tokens=1
slice step=11 request=0x321980c06a38a9e6 phase=2 tokens=1
slice step=11 request=0x357c20a7837608ba phase=2 tokens=1
slice step=11 request=0x5fe317ef3fada691 phase=2 tokens=1
packed_begin step=11 generation=11 tokens=8 slices=8 flags=0x0
packed_slice step=11 generation=11 request=0x91577dac4804e983 index=0 rows=[0,1) tokens=1 phase=2
packed_slice step=11 generation=11 request=0xbcc17e824bf7f7e5 index=1 rows=[1,2) tokens=1 phase=2
packed_slice step=11 generation=11 request=0x8b864d0b1b96a716 index=2 rows=[2,3) tokens=1 phase=2
packed_slice step=11 generation=11 request=0xd74af64826ca2ccb index=3 rows=[3,4) tokens=1 phase=2
packed_slice step=11 generation=11 request=0x8ffcb8302ea32d38 index=4 rows=[4,5) tokens=1 phase=2
packed_slice step=11 generation=11 request=0x321980c06a38a9e6 index=5 rows=[5,6) tokens=1 phase=2
packed_slice step=11 generation=11 request=0x357c20a7837608ba index=6 rows=[6,7) tokens=1 phase=2
packed_slice step=11 generation=11 request=0x5fe317ef3fada691 index=7 rows=[7,8) tokens=1 phase=2
packed_token step=11 generation=11 request=0x5fe317ef3fada691 row=7 position=82 token_id=358 phase=2 flags=0x0
end step=11 status=0 flags=0x0
accepted_token step=11 request=0x5fe317ef3fada691 output_position=6 token_id=1184 flags=0x0
begin step=12 scheduled=8 prefill=0 decode=8 queue=0 active=8 slices=8 kv_permyriad=91 flags=0x0
slice step=12 request=0x91577dac4804e983 phase=2 tokens=1
slice step=12 request=0xbcc17e824bf7f7e5 phase=2 tokens=1
slice step=12 request=0x8b864d0b1b96a716 phase=2 tokens=1
slice step=12 request=0xd74af64826ca2ccb phase=2 tokens=1
slice step=12 request=0x8ffcb8302ea32d38 phase=2 tokens=1
slice step=12 request=0x321980c06a38a9e6 phase=2 tokens=1
slice step=12 request=0x357c20a7837608ba phase=2 tokens=1
slice step=12 request=0x5fe317ef3fada691 phase=2 tokens=1
packed_begin step=12 generation=12 tokens=8 slices=8 flags=0x0
packed_slice step=12 generation=12 request=0x91577dac4804e983 index=0 rows=[0,1) tokens=1 phase=2
packed_slice step=12 generation=12 request=0xbcc17e824bf7f7e5 index=1 rows=[1,2) tokens=1 phase=2
packed_slice step=12 generation=12 request=0x8b864d0b1b96a716 index=2 rows=[2,3) tokens=1 phase=2
packed_slice step=12 generation=12 request=0xd74af64826ca2ccb index=3 rows=[3,4) tokens=1 phase=2
packed_slice step=12 generation=12 request=0x8ffcb8302ea32d38 index=4 rows=[4,5) tokens=1 phase=2
packed_slice step=12 generation=12 request=0x321980c06a38a9e6 index=5 rows=[5,6) tokens=1 phase=2
packed_slice step=12 generation=12 request=0x357c20a7837608ba index=6 rows=[6,7) tokens=1 phase=2
packed_slice step=12 generation=12 request=0x5fe317ef3fada691 index=7 rows=[7,8) tokens=1 phase=2
packed_token step=12 generation=12 request=0x5fe317ef3fada691 row=7 position=83 token_id=1184 phase=2 flags=0x0
end step=12 status=0 flags=0x0
accepted_token step=12 request=0x5fe317ef3fada691 output_position=7 token_id=311 flags=0x0
begin step=13 scheduled=8 prefill=0 decode=8 queue=0 active=8 slices=8 kv_permyriad=94 flags=0x0
slice step=13 request=0x91577dac4804e983 phase=2 tokens=1
slice step=13 request=0xbcc17e824bf7f7e5 phase=2 tokens=1
slice step=13 request=0x8b864d0b1b96a716 phase=2 tokens=1
slice step=13 request=0xd74af64826ca2ccb phase=2 tokens=1
slice step=13 request=0x8ffcb8302ea32d38 phase=2 tokens=1
slice step=13 request=0x321980c06a38a9e6 phase=2 tokens=1
slice step=13 request=0x357c20a7837608ba phase=2 tokens=1
slice step=13 request=0x5fe317ef3fada691 phase=2 tokens=1
packed_begin step=13 generation=13 tokens=8 slices=8 flags=0x0
packed_slice step=13 generation=13 request=0x91577dac4804e983 index=0 rows=[0,1) tokens=1 phase=2
packed_slice step=13 generation=13 request=0xbcc17e824bf7f7e5 index=1 rows=[1,2) tokens=1 phase=2
packed_slice step=13 generation=13 request=0x8b864d0b1b96a716 index=2 rows=[2,3) tokens=1 phase=2
packed_slice step=13 generation=13 request=0xd74af64826ca2ccb index=3 rows=[3,4) tokens=1 phase=2
packed_slice step=13 generation=13 request=0x8ffcb8302ea32d38 index=4 rows=[4,5) tokens=1 phase=2
packed_slice step=13 generation=13 request=0x321980c06a38a9e6 index=5 rows=[5,6) tokens=1 phase=2
packed_slice step=13 generation=13 request=0x357c20a7837608ba index=6 rows=[6,7) tokens=1 phase=2
packed_slice step=13 generation=13 request=0x5fe317ef3fada691 index=7 rows=[7,8) tokens=1 phase=2
packed_token step=13 generation=13 request=0x5fe317ef3fada691 row=7 position=84 token_id=311 phase=2 flags=0x0
end step=13 status=0 flags=0x0
accepted_token step=13 request=0x5fe317ef3fada691 output_position=8 token_id=4227 flags=0x0
begin step=14 scheduled=8 prefill=0 decode=8 queue=0 active=8 slices=8 kv_permyriad=97 flags=0x0
slice step=14 request=0x91577dac4804e983 phase=2 tokens=1
slice step=14 request=0xbcc17e824bf7f7e5 phase=2 tokens=1
slice step=14 request=0x8b864d0b1b96a716 phase=2 tokens=1
slice step=14 request=0xd74af64826ca2ccb phase=2 tokens=1
slice step=14 request=0x8ffcb8302ea32d38 phase=2 tokens=1
slice step=14 request=0x321980c06a38a9e6 phase=2 tokens=1
slice step=14 request=0x357c20a7837608ba phase=2 tokens=1
slice step=14 request=0x5fe317ef3fada691 phase=2 tokens=1
packed_begin step=14 generation=14 tokens=8 slices=8 flags=0x0
packed_slice step=14 generation=14 request=0x91577dac4804e983 index=0 rows=[0,1) tokens=1 phase=2
packed_slice step=14 generation=14 request=0xbcc17e824bf7f7e5 index=1 rows=[1,2) tokens=1 phase=2
packed_slice step=14 generation=14 request=0x8b864d0b1b96a716 index=2 rows=[2,3) tokens=1 phase=2
packed_slice step=14 generation=14 request=0xd74af64826ca2ccb index=3 rows=[3,4) tokens=1 phase=2
packed_slice step=14 generation=14 request=0x8ffcb8302ea32d38 index=4 rows=[4,5) tokens=1 phase=2
packed_slice step=14 generation=14 request=0x321980c06a38a9e6 index=5 rows=[5,6) tokens=1 phase=2
packed_slice step=14 generation=14 request=0x357c20a7837608ba index=6 rows=[6,7) tokens=1 phase=2
packed_slice step=14 generation=14 request=0x5fe317ef3fada691 index=7 rows=[7,8) tokens=1 phase=2
packed_token step=14 generation=14 request=0x5fe317ef3fada691 row=7 position=85 token_id=4227 phase=2 flags=0x0
end step=14 status=0 flags=0x0
accepted_token step=14 request=0x5fe317ef3fada691 output_position=9 token_id=1526 flags=0x0
begin step=15 scheduled=8 prefill=0 decode=8 queue=0 active=8 slices=8 kv_permyriad=100 flags=0x0
slice step=15 request=0x91577dac4804e983 phase=2 tokens=1
slice step=15 request=0xbcc17e824bf7f7e5 phase=2 tokens=1
slice step=15 request=0x8b864d0b1b96a716 phase=2 tokens=1
slice step=15 request=0xd74af64826ca2ccb phase=2 tokens=1
slice step=15 request=0x8ffcb8302ea32d38 phase=2 tokens=1
slice step=15 request=0x321980c06a38a9e6 phase=2 tokens=1
slice step=15 request=0x357c20a7837608ba phase=2 tokens=1
slice step=15 request=0x5fe317ef3fada691 phase=2 tokens=1
packed_begin step=15 generation=15 tokens=8 slices=8 flags=0x0
packed_slice step=15 generation=15 request=0x91577dac4804e983 index=0 rows=[0,1) tokens=1 phase=2
packed_slice step=15 generation=15 request=0xbcc17e824bf7f7e5 index=1 rows=[1,2) tokens=1 phase=2
packed_slice step=15 generation=15 request=0x8b864d0b1b96a716 index=2 rows=[2,3) tokens=1 phase=2
packed_slice step=15 generation=15 request=0xd74af64826ca2ccb index=3 rows=[3,4) tokens=1 phase=2
packed_slice step=15 generation=15 request=0x8ffcb8302ea32d38 index=4 rows=[4,5) tokens=1 phase=2
packed_slice step=15 generation=15 request=0x321980c06a38a9e6 index=5 rows=[5,6) tokens=1 phase=2
packed_slice step=15 generation=15 request=0x357c20a7837608ba index=6 rows=[6,7) tokens=1 phase=2
packed_slice step=15 generation=15 request=0x5fe317ef3fada691 index=7 rows=[7,8) tokens=1 phase=2
packed_token step=15 generation=15 request=0x5fe317ef3fada691 row=7 position=86 token_id=1526 phase=2 flags=0x0
end step=15 status=0 flags=0x0
accepted_token step=15 request=0x5fe317ef3fada691 output_position=10 token_id=1128 flags=0x0
begin step=16 scheduled=8 prefill=0 decode=8 queue=0 active=8 slices=8 kv_permyriad=100 flags=0x0
slice step=16 request=0x91577dac4804e983 phase=2 tokens=1
slice step=16 request=0xbcc17e824bf7f7e5 phase=2 tokens=1
slice step=16 request=0x8b864d0b1b96a716 phase=2 tokens=1
slice step=16 request=0xd74af64826ca2ccb phase=2 tokens=1
slice step=16 request=0x8ffcb8302ea32d38 phase=2 tokens=1
slice step=16 request=0x321980c06a38a9e6 phase=2 tokens=1
slice step=16 request=0x357c20a7837608ba phase=2 tokens=1
slice step=16 request=0x5fe317ef3fada691 phase=2 tokens=1
packed_begin step=16 generation=16 tokens=8 slices=8 flags=0x0
packed_slice step=16 generation=16 request=0x91577dac4804e983 index=0 rows=[0,1) tokens=1 phase=2
packed_slice step=16 generation=16 request=0xbcc17e824bf7f7e5 index=1 rows=[1,2) tokens=1 phase=2
packed_slice step=16 generation=16 request=0x8b864d0b1b96a716 index=2 rows=[2,3) tokens=1 phase=2
packed_slice step=16 generation=16 request=0xd74af64826ca2ccb index=3 rows=[3,4) tokens=1 phase=2
packed_slice step=16 generation=16 request=0x8ffcb8302ea32d38 index=4 rows=[4,5) tokens=1 phase=2
packed_slice step=16 generation=16 request=0x321980c06a38a9e6 index=5 rows=[5,6) tokens=1 phase=2
packed_slice step=16 generation=16 request=0x357c20a7837608ba index=6 rows=[6,7) tokens=1 phase=2
packed_slice step=16 generation=16 request=0x5fe317ef3fada691 index=7 rows=[7,8) tokens=1 phase=2
packed_token step=16 generation=16 request=0x5fe317ef3fada691 row=7 position=87 token_id=1128 phase=2 flags=0x0
end step=16 status=0 flags=0x0
accepted_token step=16 request=0x5fe317ef3fada691 output_position=11 token_id=8573 flags=0x0
begin step=17 scheduled=8 prefill=0 decode=8 queue=0 active=8 slices=8 kv_permyriad=100 flags=0x0
slice step=17 request=0x91577dac4804e983 phase=2 tokens=1
slice step=17 request=0xbcc17e824bf7f7e5 phase=2 tokens=1
slice step=17 request=0x8b864d0b1b96a716 phase=2 tokens=1
slice step=17 request=0xd74af64826ca2ccb phase=2 tokens=1
slice step=17 request=0x8ffcb8302ea32d38 phase=2 tokens=1
slice step=17 request=0x321980c06a38a9e6 phase=2 tokens=1
slice step=17 request=0x357c20a7837608ba phase=2 tokens=1
slice step=17 request=0x5fe317ef3fada691 phase=2 tokens=1
packed_begin step=17 generation=17 tokens=8 slices=8 flags=0x0
packed_slice step=17 generation=17 request=0x91577dac4804e983 index=0 rows=[0,1) tokens=1 phase=2
packed_slice step=17 generation=17 request=0xbcc17e824bf7f7e5 index=1 rows=[1,2) tokens=1 phase=2
packed_slice step=17 generation=17 request=0x8b864d0b1b96a716 index=2 rows=[2,3) tokens=1 phase=2
packed_slice step=17 generation=17 request=0xd74af64826ca2ccb index=3 rows=[3,4) tokens=1 phase=2
packed_slice step=17 generation=17 request=0x8ffcb8302ea32d38 index=4 rows=[4,5) tokens=1 phase=2
packed_slice step=17 generation=17 request=0x321980c06a38a9e6 index=5 rows=[5,6) tokens=1 phase=2
packed_slice step=17 generation=17 request=0x357c20a7837608ba index=6 rows=[6,7) tokens=1 phase=2
packed_slice step=17 generation=17 request=0x5fe317ef3fada691 index=7 rows=[7,8) tokens=1 phase=2
packed_token step=17 generation=17 request=0x5fe317ef3fada691 row=7 position=88 token_id=8573 phase=2 flags=0x0
end step=17 status=0 flags=0x0
accepted_token step=17 request=0x5fe317ef3fada691 output_position=12 token_id=4766 flags=0x0
begin step=18 scheduled=8 prefill=0 decode=8 queue=0 active=8 slices=8 kv_permyriad=100 flags=0x0
slice step=18 request=0x91577dac4804e983 phase=2 tokens=1
slice step=18 request=0xbcc17e824bf7f7e5 phase=2 tokens=1
slice step=18 request=0x8b864d0b1b96a716 phase=2 tokens=1
slice step=18 request=0xd74af64826ca2ccb phase=2 tokens=1
slice step=18 request=0x8ffcb8302ea32d38 phase=2 tokens=1
slice step=18 request=0x321980c06a38a9e6 phase=2 tokens=1
slice step=18 request=0x357c20a7837608ba phase=2 tokens=1
slice step=18 request=0x5fe317ef3fada691 phase=2 tokens=1
packed_begin step=18 generation=18 tokens=8 slices=8 flags=0x0
packed_slice step=18 generation=18 request=0x91577dac4804e983 index=0 rows=[0,1) tokens=1 phase=2
packed_slice step=18 generation=18 request=0xbcc17e824bf7f7e5 index=1 rows=[1,2) tokens=1 phase=2
packed_slice step=18 generation=18 request=0x8b864d0b1b96a716 index=2 rows=[2,3) tokens=1 phase=2
packed_slice step=18 generation=18 request=0xd74af64826ca2ccb index=3 rows=[3,4) tokens=1 phase=2
packed_slice step=18 generation=18 request=0x8ffcb8302ea32d38 index=4 rows=[4,5) tokens=1 phase=2
packed_slice step=18 generation=18 request=0x321980c06a38a9e6 index=5 rows=[5,6) tokens=1 phase=2
packed_slice step=18 generation=18 request=0x357c20a7837608ba index=6 rows=[6,7) tokens=1 phase=2
packed_slice step=18 generation=18 request=0x5fe317ef3fada691 index=7 rows=[7,8) tokens=1 phase=2
packed_token step=18 generation=18 request=0x5fe317ef3fada691 row=7 position=89 token_id=4766 phase=2 flags=0x0
end step=18 status=0 flags=0x0
accepted_token step=18 request=0x5fe317ef3fada691 output_position=13 token_id=279 flags=0x0
begin step=19 scheduled=8 prefill=0 decode=8 queue=0 active=8 slices=8 kv_permyriad=103 flags=0x0
slice step=19 request=0x91577dac4804e983 phase=2 tokens=1
slice step=19 request=0xbcc17e824bf7f7e5 phase=2 tokens=1
slice step=19 request=0x8b864d0b1b96a716 phase=2 tokens=1
slice step=19 request=0xd74af64826ca2ccb phase=2 tokens=1
slice step=19 request=0x8ffcb8302ea32d38 phase=2 tokens=1
slice step=19 request=0x321980c06a38a9e6 phase=2 tokens=1
slice step=19 request=0x357c20a7837608ba phase=2 tokens=1
slice step=19 request=0x5fe317ef3fada691 phase=2 tokens=1
packed_begin step=19 generation=19 tokens=8 slices=8 flags=0x0
packed_slice step=19 generation=19 request=0x91577dac4804e983 index=0 rows=[0,1) tokens=1 phase=2
packed_slice step=19 generation=19 request=0xbcc17e824bf7f7e5 index=1 rows=[1,2) tokens=1 phase=2
packed_slice step=19 generation=19 request=0x8b864d0b1b96a716 index=2 rows=[2,3) tokens=1 phase=2
packed_slice step=19 generation=19 request=0xd74af64826ca2ccb index=3 rows=[3,4) tokens=1 phase=2
packed_slice step=19 generation=19 request=0x8ffcb8302ea32d38 index=4 rows=[4,5) tokens=1 phase=2
packed_slice step=19 generation=19 request=0x321980c06a38a9e6 index=5 rows=[5,6) tokens=1 phase=2
packed_slice step=19 generation=19 request=0x357c20a7837608ba index=6 rows=[6,7) tokens=1 phase=2
packed_slice step=19 generation=19 request=0x5fe317ef3fada691 index=7 rows=[7,8) tokens=1 phase=2
packed_token step=19 generation=19 request=0x5fe317ef3fada691 row=7 position=90 token_id=279 phase=2 flags=0x0
end step=19 status=0 flags=0x0
accepted_token step=19 request=0x5fe317ef3fada691 output_position=14 token_id=348 flags=0x0
begin step=20 scheduled=8 prefill=0 decode=8 queue=0 active=8 slices=8 kv_permyriad=103 flags=0x0
slice step=20 request=0x91577dac4804e983 phase=2 tokens=1
slice step=20 request=0xbcc17e824bf7f7e5 phase=2 tokens=1
slice step=20 request=0x8b864d0b1b96a716 phase=2 tokens=1
slice step=20 request=0xd74af64826ca2ccb phase=2 tokens=1
slice step=20 request=0x8ffcb8302ea32d38 phase=2 tokens=1
slice step=20 request=0x321980c06a38a9e6 phase=2 tokens=1
slice step=20 request=0x357c20a7837608ba phase=2 tokens=1
slice step=20 request=0x5fe317ef3fada691 phase=2 tokens=1
packed_begin step=20 generation=20 tokens=8 slices=8 flags=0x0
packed_slice step=20 generation=20 request=0x91577dac4804e983 index=0 rows=[0,1) tokens=1 phase=2
packed_slice step=20 generation=20 request=0xbcc17e824bf7f7e5 index=1 rows=[1,2) tokens=1 phase=2
packed_slice step=20 generation=20 request=0x8b864d0b1b96a716 index=2 rows=[2,3) tokens=1 phase=2
packed_slice step=20 generation=20 request=0xd74af64826ca2ccb index=3 rows=[3,4) tokens=1 phase=2
packed_slice step=20 generation=20 request=0x8ffcb8302ea32d38 index=4 rows=[4,5) tokens=1 phase=2
packed_slice step=20 generation=20 request=0x321980c06a38a9e6 index=5 rows=[5,6) tokens=1 phase=2
packed_slice step=20 generation=20 request=0x357c20a7837608ba index=6 rows=[6,7) tokens=1 phase=2
packed_slice step=20 generation=20 request=0x5fe317ef3fada691 index=7 rows=[7,8) tokens=1 phase=2
packed_token step=20 generation=20 request=0x5fe317ef3fada691 row=7 position=91 token_id=348 phase=2 flags=0x0
end step=20 status=0 flags=0x0
accepted_token step=20 request=0x5fe317ef3fada691 output_position=15 token_id=4086 flags=0x0
begin step=21 scheduled=8 prefill=0 decode=8 queue=0 active=8 slices=8 kv_permyriad=103 flags=0x0
slice step=21 request=0x91577dac4804e983 phase=2 tokens=1
slice step=21 request=0xbcc17e824bf7f7e5 phase=2 tokens=1
slice step=21 request=0x8b864d0b1b96a716 phase=2 tokens=1
slice step=21 request=0xd74af64826ca2ccb phase=2 tokens=1
slice step=21 request=0x8ffcb8302ea32d38 phase=2 tokens=1
slice step=21 request=0x321980c06a38a9e6 phase=2 tokens=1
slice step=21 request=0x357c20a7837608ba phase=2 tokens=1
slice step=21 request=0x5fe317ef3fada691 phase=2 tokens=1
packed_begin step=21 generation=21 tokens=8 slices=8 flags=0x0
packed_slice step=21 generation=21 request=0x91577dac4804e983 index=0 rows=[0,1) tokens=1 phase=2
packed_slice step=21 generation=21 request=0xbcc17e824bf7f7e5 index=1 rows=[1,2) tokens=1 phase=2
packed_slice step=21 generation=21 request=0x8b864d0b1b96a716 index=2 rows=[2,3) tokens=1 phase=2
packed_slice step=21 generation=21 request=0xd74af64826ca2ccb index=3 rows=[3,4) tokens=1 phase=2
packed_slice step=21 generation=21 request=0x8ffcb8302ea32d38 index=4 rows=[4,5) tokens=1 phase=2
packed_slice step=21 generation=21 request=0x321980c06a38a9e6 index=5 rows=[5,6) tokens=1 phase=2
packed_slice step=21 generation=21 request=0x357c20a7837608ba index=6 rows=[6,7) tokens=1 phase=2
packed_slice step=21 generation=21 request=0x5fe317ef3fada691 index=7 rows=[7,8) tokens=1 phase=2
packed_token step=21 generation=21 request=0x5fe317ef3fada691 row=7 position=92 token_id=4086 phase=2 flags=0x0
end step=21 status=0 flags=0x0
accepted_token step=21 request=0x5fe317ef3fada691 output_position=16 token_id=44 flags=0x0
begin step=22 scheduled=8 prefill=0 decode=8 queue=0 active=8 slices=8 kv_permyriad=103 flags=0x0
slice step=22 request=0x91577dac4804e983 phase=2 tokens=1
slice step=22 request=0xbcc17e824bf7f7e5 phase=2 tokens=1
slice step=22 request=0x8b864d0b1b96a716 phase=2 tokens=1
slice step=22 request=0xd74af64826ca2ccb phase=2 tokens=1
slice step=22 request=0x8ffcb8302ea32d38 phase=2 tokens=1
slice step=22 request=0x321980c06a38a9e6 phase=2 tokens=1
slice step=22 request=0x357c20a7837608ba phase=2 tokens=1
slice step=22 request=0x5fe317ef3fada691 phase=2 tokens=1
packed_begin step=22 generation=22 tokens=8 slices=8 flags=0x0
packed_slice step=22 generation=22 request=0x91577dac4804e983 index=0 rows=[0,1) tokens=1 phase=2
packed_slice step=22 generation=22 request=0xbcc17e824bf7f7e5 index=1 rows=[1,2) tokens=1 phase=2
packed_slice step=22 generation=22 request=0x8b864d0b1b96a716 index=2 rows=[2,3) tokens=1 phase=2
packed_slice step=22 generation=22 request=0xd74af64826ca2ccb index=3 rows=[3,4) tokens=1 phase=2
packed_slice step=22 generation=22 request=0x8ffcb8302ea32d38 index=4 rows=[4,5) tokens=1 phase=2
packed_slice step=22 generation=22 request=0x321980c06a38a9e6 index=5 rows=[5,6) tokens=1 phase=2
packed_slice step=22 generation=22 request=0x357c20a7837608ba index=6 rows=[6,7) tokens=1 phase=2
packed_slice step=22 generation=22 request=0x5fe317ef3fada691 index=7 rows=[7,8) tokens=1 phase=2
packed_token step=22 generation=22 request=0x5fe317ef3fada691 row=7 position=93 token_id=44 phase=2 flags=0x0
end step=22 status=0 flags=0x0
accepted_token step=22 request=0x5fe317ef3fada691 output_position=17 token_id=647 flags=0x0
begin step=23 scheduled=8 prefill=0 decode=8 queue=0 active=8 slices=8 kv_permyriad=103 flags=0x0
slice step=23 request=0x91577dac4804e983 phase=2 tokens=1
slice step=23 request=0xbcc17e824bf7f7e5 phase=2 tokens=1
slice step=23 request=0x8b864d0b1b96a716 phase=2 tokens=1
slice step=23 request=0xd74af64826ca2ccb phase=2 tokens=1
slice step=23 request=0x8ffcb8302ea32d38 phase=2 tokens=1
slice step=23 request=0x321980c06a38a9e6 phase=2 tokens=1
slice step=23 request=0x357c20a7837608ba phase=2 tokens=1
slice step=23 request=0x5fe317ef3fada691 phase=2 tokens=1
packed_begin step=23 generation=23 tokens=8 slices=8 flags=0x0
packed_slice step=23 generation=23 request=0x91577dac4804e983 index=0 rows=[0,1) tokens=1 phase=2
packed_slice step=23 generation=23 request=0xbcc17e824bf7f7e5 index=1 rows=[1,2) tokens=1 phase=2
packed_slice step=23 generation=23 request=0x8b864d0b1b96a716 index=2 rows=[2,3) tokens=1 phase=2
packed_slice step=23 generation=23 request=0xd74af64826ca2ccb index=3 rows=[3,4) tokens=1 phase=2
packed_slice step=23 generation=23 request=0x8ffcb8302ea32d38 index=4 rows=[4,5) tokens=1 phase=2
packed_slice step=23 generation=23 request=0x321980c06a38a9e6 index=5 rows=[5,6) tokens=1 phase=2
packed_slice step=23 generation=23 request=0x357c20a7837608ba index=6 rows=[6,7) tokens=1 phase=2
packed_slice step=23 generation=23 request=0x5fe317ef3fada691 index=7 rows=[7,8) tokens=1 phase=2
packed_token step=23 generation=23 request=0x5fe317ef3fada691 row=7 position=94 token_id=647 phase=2 flags=0x0
end step=23 status=0 flags=0x0
accepted_token step=23 request=0x5fe317ef3fada691 output_position=18 token_id=16 flags=0x0
begin step=24 scheduled=8 prefill=0 decode=8 queue=0 active=8 slices=8 kv_permyriad=106 flags=0x0
slice step=24 request=0x91577dac4804e983 phase=2 tokens=1
slice step=24 request=0xbcc17e824bf7f7e5 phase=2 tokens=1
slice step=24 request=0x8b864d0b1b96a716 phase=2 tokens=1
slice step=24 request=0xd74af64826ca2ccb phase=2 tokens=1
slice step=24 request=0x8ffcb8302ea32d38 phase=2 tokens=1
slice step=24 request=0x321980c06a38a9e6 phase=2 tokens=1
slice step=24 request=0x357c20a7837608ba phase=2 tokens=1
slice step=24 request=0x5fe317ef3fada691 phase=2 tokens=1
packed_begin step=24 generation=24 tokens=8 slices=8 flags=0x0
packed_slice step=24 generation=24 request=0x91577dac4804e983 index=0 rows=[0,1) tokens=1 phase=2
packed_slice step=24 generation=24 request=0xbcc17e824bf7f7e5 index=1 rows=[1,2) tokens=1 phase=2
packed_slice step=24 generation=24 request=0x8b864d0b1b96a716 index=2 rows=[2,3) tokens=1 phase=2
packed_slice step=24 generation=24 request=0xd74af64826ca2ccb index=3 rows=[3,4) tokens=1 phase=2
packed_slice step=24 generation=24 request=0x8ffcb8302ea32d38 index=4 rows=[4,5) tokens=1 phase=2
packed_slice step=24 generation=24 request=0x321980c06a38a9e6 index=5 rows=[5,6) tokens=1 phase=2
packed_slice step=24 generation=24 request=0x357c20a7837608ba index=6 rows=[6,7) tokens=1 phase=2
packed_slice step=24 generation=24 request=0x5fe317ef3fada691 index=7 rows=[7,8) tokens=1 phase=2
packed_token step=24 generation=24 request=0x5fe317ef3fada691 row=7 position=95 token_id=16 phase=2 flags=0x0
end step=24 status=0 flags=0x0
accepted_token step=24 request=0x5fe317ef3fada691 output_position=19 token_id=4712 flags=0x0
begin step=25 scheduled=8 prefill=0 decode=8 queue=0 active=8 slices=8 kv_permyriad=109 flags=0x0
slice step=25 request=0x91577dac4804e983 phase=2 tokens=1
slice step=25 request=0xbcc17e824bf7f7e5 phase=2 tokens=1
slice step=25 request=0x8b864d0b1b96a716 phase=2 tokens=1
slice step=25 request=0xd74af64826ca2ccb phase=2 tokens=1
slice step=25 request=0x8ffcb8302ea32d38 phase=2 tokens=1
slice step=25 request=0x321980c06a38a9e6 phase=2 tokens=1
slice step=25 request=0x357c20a7837608ba phase=2 tokens=1
slice step=25 request=0x5fe317ef3fada691 phase=2 tokens=1
packed_begin step=25 generation=25 tokens=8 slices=8 flags=0x0
packed_slice step=25 generation=25 request=0x91577dac4804e983 index=0 rows=[0,1) tokens=1 phase=2
packed_slice step=25 generation=25 request=0xbcc17e824bf7f7e5 index=1 rows=[1,2) tokens=1 phase=2
packed_slice step=25 generation=25 request=0x8b864d0b1b96a716 index=2 rows=[2,3) tokens=1 phase=2
packed_slice step=25 generation=25 request=0xd74af64826ca2ccb index=3 rows=[3,4) tokens=1 phase=2
packed_slice step=25 generation=25 request=0x8ffcb8302ea32d38 index=4 rows=[4,5) tokens=1 phase=2
packed_slice step=25 generation=25 request=0x321980c06a38a9e6 index=5 rows=[5,6) tokens=1 phase=2
packed_slice step=25 generation=25 request=0x357c20a7837608ba index=6 rows=[6,7) tokens=1 phase=2
packed_slice step=25 generation=25 request=0x5fe317ef3fada691 index=7 rows=[7,8) tokens=1 phase=2
packed_token step=25 generation=25 request=0x5fe317ef3fada691 row=7 position=96 token_id=4712 phase=2 flags=0x0
end step=25 status=0 flags=0x0
accepted_token step=25 request=0x5fe317ef3fada691 output_position=20 token_id=979 flags=0x0
begin step=26 scheduled=8 prefill=0 decode=8 queue=0 active=8 slices=8 kv_permyriad=109 flags=0x0
slice step=26 request=0x91577dac4804e983 phase=2 tokens=1
slice step=26 request=0xbcc17e824bf7f7e5 phase=2 tokens=1
slice step=26 request=0x8b864d0b1b96a716 phase=2 tokens=1
slice step=26 request=0xd74af64826ca2ccb phase=2 tokens=1
slice step=26 request=0x8ffcb8302ea32d38 phase=2 tokens=1
slice step=26 request=0x321980c06a38a9e6 phase=2 tokens=1
slice step=26 request=0x357c20a7837608ba phase=2 tokens=1
slice step=26 request=0x5fe317ef3fada691 phase=2 tokens=1
packed_begin step=26 generation=26 tokens=8 slices=8 flags=0x0
packed_slice step=26 generation=26 request=0x91577dac4804e983 index=0 rows=[0,1) tokens=1 phase=2
packed_slice step=26 generation=26 request=0xbcc17e824bf7f7e5 index=1 rows=[1,2) tokens=1 phase=2
packed_slice step=26 generation=26 request=0x8b864d0b1b96a716 index=2 rows=[2,3) tokens=1 phase=2
packed_slice step=26 generation=26 request=0xd74af64826ca2ccb index=3 rows=[3,4) tokens=1 phase=2
packed_slice step=26 generation=26 request=0x8ffcb8302ea32d38 index=4 rows=[4,5) tokens=1 phase=2
packed_slice step=26 generation=26 request=0x321980c06a38a9e6 index=5 rows=[5,6) tokens=1 phase=2
packed_slice step=26 generation=26 request=0x357c20a7837608ba index=6 rows=[6,7) tokens=1 phase=2
packed_slice step=26 generation=26 request=0x5fe317ef3fada691 index=7 rows=[7,8) tokens=1 phase=2
packed_token step=26 generation=26 request=0x5fe317ef3fada691 row=7 position=97 token_id=979 phase=2 flags=0x0
end step=26 status=0 flags=0x0
accepted_token step=26 request=0x5fe317ef3fada691 output_position=21 token_id=264 flags=0x0
begin step=27 scheduled=8 prefill=0 decode=8 queue=0 active=8 slices=8 kv_permyriad=112 flags=0x0
slice step=27 request=0x91577dac4804e983 phase=2 tokens=1
slice step=27 request=0xbcc17e824bf7f7e5 phase=2 tokens=1
slice step=27 request=0x8b864d0b1b96a716 phase=2 tokens=1
slice step=27 request=0xd74af64826ca2ccb phase=2 tokens=1
slice step=27 request=0x8ffcb8302ea32d38 phase=2 tokens=1
slice step=27 request=0x321980c06a38a9e6 phase=2 tokens=1
slice step=27 request=0x357c20a7837608ba phase=2 tokens=1
slice step=27 request=0x5fe317ef3fada691 phase=2 tokens=1
packed_begin step=27 generation=27 tokens=8 slices=8 flags=0x0
packed_slice step=27 generation=27 request=0x91577dac4804e983 index=0 rows=[0,1) tokens=1 phase=2
packed_slice step=27 generation=27 request=0xbcc17e824bf7f7e5 index=1 rows=[1,2) tokens=1 phase=2
packed_slice step=27 generation=27 request=0x8b864d0b1b96a716 index=2 rows=[2,3) tokens=1 phase=2
packed_slice step=27 generation=27 request=0xd74af64826ca2ccb index=3 rows=[3,4) tokens=1 phase=2
packed_slice step=27 generation=27 request=0x8ffcb8302ea32d38 index=4 rows=[4,5) tokens=1 phase=2
packed_slice step=27 generation=27 request=0x321980c06a38a9e6 index=5 rows=[5,6) tokens=1 phase=2
packed_slice step=27 generation=27 request=0x357c20a7837608ba index=6 rows=[6,7) tokens=1 phase=2
packed_slice step=27 generation=27 request=0x5fe317ef3fada691 index=7 rows=[7,8) tokens=1 phase=2
packed_token step=27 generation=27 request=0x5fe317ef3fada691 row=7 position=98 token_id=264 phase=2 flags=0x0
end step=27 status=0 flags=0x0
accepted_token step=27 request=0x5fe317ef3fada691 output_position=22 token_id=3175 flags=0x0
begin step=28 scheduled=8 prefill=0 decode=8 queue=0 active=8 slices=8 kv_permyriad=116 flags=0x0
slice step=28 request=0x91577dac4804e983 phase=2 tokens=1
slice step=28 request=0xbcc17e824bf7f7e5 phase=2 tokens=1
slice step=28 request=0x8b864d0b1b96a716 phase=2 tokens=1
slice step=28 request=0xd74af64826ca2ccb phase=2 tokens=1
slice step=28 request=0x8ffcb8302ea32d38 phase=2 tokens=1
slice step=28 request=0x321980c06a38a9e6 phase=2 tokens=1
slice step=28 request=0x357c20a7837608ba phase=2 tokens=1
slice step=28 request=0x5fe317ef3fada691 phase=2 tokens=1
packed_begin step=28 generation=28 tokens=8 slices=8 flags=0x0
packed_slice step=28 generation=28 request=0x91577dac4804e983 index=0 rows=[0,1) tokens=1 phase=2
packed_slice step=28 generation=28 request=0xbcc17e824bf7f7e5 index=1 rows=[1,2) tokens=1 phase=2
packed_slice step=28 generation=28 request=0x8b864d0b1b96a716 index=2 rows=[2,3) tokens=1 phase=2
packed_slice step=28 generation=28 request=0xd74af64826ca2ccb index=3 rows=[3,4) tokens=1 phase=2
packed_slice step=28 generation=28 request=0x8ffcb8302ea32d38 index=4 rows=[4,5) tokens=1 phase=2
packed_slice step=28 generation=28 request=0x321980c06a38a9e6 index=5 rows=[5,6) tokens=1 phase=2
packed_slice step=28 generation=28 request=0x357c20a7837608ba index=6 rows=[6,7) tokens=1 phase=2
packed_slice step=28 generation=28 request=0x5fe317ef3fada691 index=7 rows=[7,8) tokens=1 phase=2
packed_token step=28 generation=28 request=0x5fe317ef3fada691 row=7 position=99 token_id=3175 phase=2 flags=0x0
end step=28 status=0 flags=0x0
accepted_token step=28 request=0x5fe317ef3fada691 output_position=23 token_id=16895 flags=0x0
begin step=29 scheduled=8 prefill=0 decode=8 queue=0 active=8 slices=8 kv_permyriad=119 flags=0x0
slice step=29 request=0x91577dac4804e983 phase=2 tokens=1
slice step=29 request=0xbcc17e824bf7f7e5 phase=2 tokens=1
slice step=29 request=0x8b864d0b1b96a716 phase=2 tokens=1
slice step=29 request=0xd74af64826ca2ccb phase=2 tokens=1
slice step=29 request=0x8ffcb8302ea32d38 phase=2 tokens=1
slice step=29 request=0x321980c06a38a9e6 phase=2 tokens=1
slice step=29 request=0x357c20a7837608ba phase=2 tokens=1
slice step=29 request=0x5fe317ef3fada691 phase=2 tokens=1
packed_begin step=29 generation=29 tokens=8 slices=8 flags=0x0
packed_slice step=29 generation=29 request=0x91577dac4804e983 index=0 rows=[0,1) tokens=1 phase=2
packed_slice step=29 generation=29 request=0xbcc17e824bf7f7e5 index=1 rows=[1,2) tokens=1 phase=2
packed_slice step=29 generation=29 request=0x8b864d0b1b96a716 index=2 rows=[2,3) tokens=1 phase=2
packed_slice step=29 generation=29 request=0xd74af64826ca2ccb index=3 rows=[3,4) tokens=1 phase=2
packed_slice step=29 generation=29 request=0x8ffcb8302ea32d38 index=4 rows=[4,5) tokens=1 phase=2
packed_slice step=29 generation=29 request=0x321980c06a38a9e6 index=5 rows=[5,6) tokens=1 phase=2
packed_slice step=29 generation=29 request=0x357c20a7837608ba index=6 rows=[6,7) tokens=1 phase=2
packed_slice step=29 generation=29 request=0x5fe317ef3fada691 index=7 rows=[7,8) tokens=1 phase=2
packed_token step=29 generation=29 request=0x5fe317ef3fada691 row=7 position=100 token_id=16895 phase=2 flags=0x0
end step=29 status=0 flags=0x0
accepted_token step=29 request=0x5fe317ef3fada691 output_position=24 token_id=1681 flags=0x0
begin step=30 scheduled=8 prefill=0 decode=8 queue=0 active=8 slices=8 kv_permyriad=122 flags=0x0
slice step=30 request=0x91577dac4804e983 phase=2 tokens=1
slice step=30 request=0xbcc17e824bf7f7e5 phase=2 tokens=1
slice step=30 request=0x8b864d0b1b96a716 phase=2 tokens=1
slice step=30 request=0xd74af64826ca2ccb phase=2 tokens=1
slice step=30 request=0x8ffcb8302ea32d38 phase=2 tokens=1
slice step=30 request=0x321980c06a38a9e6 phase=2 tokens=1
slice step=30 request=0x357c20a7837608ba phase=2 tokens=1
slice step=30 request=0x5fe317ef3fada691 phase=2 tokens=1
packed_begin step=30 generation=30 tokens=8 slices=8 flags=0x0
packed_slice step=30 generation=30 request=0x91577dac4804e983 index=0 rows=[0,1) tokens=1 phase=2
packed_slice step=30 generation=30 request=0xbcc17e824bf7f7e5 index=1 rows=[1,2) tokens=1 phase=2
packed_slice step=30 generation=30 request=0x8b864d0b1b96a716 index=2 rows=[2,3) tokens=1 phase=2
packed_slice step=30 generation=30 request=0xd74af64826ca2ccb index=3 rows=[3,4) tokens=1 phase=2
packed_slice step=30 generation=30 request=0x8ffcb8302ea32d38 index=4 rows=[4,5) tokens=1 phase=2
packed_slice step=30 generation=30 request=0x321980c06a38a9e6 index=5 rows=[5,6) tokens=1 phase=2
packed_slice step=30 generation=30 request=0x357c20a7837608ba index=6 rows=[6,7) tokens=1 phase=2
packed_slice step=30 generation=30 request=0x5fe317ef3fada691 index=7 rows=[7,8) tokens=1 phase=2
packed_token step=30 generation=30 request=0x5fe317ef3fada691 row=7 position=101 token_id=1681 phase=2 flags=0x0
end step=30 status=0 flags=0x0
accepted_token step=30 request=0x5fe317ef3fada691 output_position=25 token_id=374 flags=0x0
begin step=31 scheduled=8 prefill=0 decode=8 queue=0 active=8 slices=8 kv_permyriad=125 flags=0x0
slice step=31 request=0x91577dac4804e983 phase=2 tokens=1
slice step=31 request=0xbcc17e824bf7f7e5 phase=2 tokens=1
slice step=31 request=0x8b864d0b1b96a716 phase=2 tokens=1
slice step=31 request=0xd74af64826ca2ccb phase=2 tokens=1
slice step=31 request=0x8ffcb8302ea32d38 phase=2 tokens=1
slice step=31 request=0x321980c06a38a9e6 phase=2 tokens=1
slice step=31 request=0x357c20a7837608ba phase=2 tokens=1
slice step=31 request=0x5fe317ef3fada691 phase=2 tokens=1
packed_begin step=31 generation=31 tokens=8 slices=8 flags=0x0
packed_slice step=31 generation=31 request=0x91577dac4804e983 index=0 rows=[0,1) tokens=1 phase=2
packed_slice step=31 generation=31 request=0xbcc17e824bf7f7e5 index=1 rows=[1,2) tokens=1 phase=2
packed_slice step=31 generation=31 request=0x8b864d0b1b96a716 index=2 rows=[2,3) tokens=1 phase=2
packed_slice step=31 generation=31 request=0xd74af64826ca2ccb index=3 rows=[3,4) tokens=1 phase=2
packed_slice step=31 generation=31 request=0x8ffcb8302ea32d38 index=4 rows=[4,5) tokens=1 phase=2
packed_slice step=31 generation=31 request=0x321980c06a38a9e6 index=5 rows=[5,6) tokens=1 phase=2
packed_slice step=31 generation=31 request=0x357c20a7837608ba index=6 rows=[6,7) tokens=1 phase=2
packed_slice step=31 generation=31 request=0x5fe317ef3fada691 index=7 rows=[7,8) tokens=1 phase=2
packed_token step=31 generation=31 request=0x5fe317ef3fada691 row=7 position=102 token_id=374 phase=2 flags=0x0
end step=31 status=0 flags=0x0
accepted_token step=31 request=0x5fe317ef3fada691 output_position=26 token_id=13537 flags=0x0
begin step=32 scheduled=8 prefill=0 decode=8 queue=0 active=8 slices=8 kv_permyriad=125 flags=0x0
slice step=32 request=0x91577dac4804e983 phase=2 tokens=1
slice step=32 request=0xbcc17e824bf7f7e5 phase=2 tokens=1
slice step=32 request=0x8b864d0b1b96a716 phase=2 tokens=1
slice step=32 request=0xd74af64826ca2ccb phase=2 tokens=1
slice step=32 request=0x8ffcb8302ea32d38 phase=2 tokens=1
slice step=32 request=0x321980c06a38a9e6 phase=2 tokens=1
slice step=32 request=0x357c20a7837608ba phase=2 tokens=1
slice step=32 request=0x5fe317ef3fada691 phase=2 tokens=1
packed_begin step=32 generation=32 tokens=8 slices=8 flags=0x0
packed_slice step=32 generation=32 request=0x91577dac4804e983 index=0 rows=[0,1) tokens=1 phase=2
packed_slice step=32 generation=32 request=0xbcc17e824bf7f7e5 index=1 rows=[1,2) tokens=1 phase=2
packed_slice step=32 generation=32 request=0x8b864d0b1b96a716 index=2 rows=[2,3) tokens=1 phase=2
packed_slice step=32 generation=32 request=0xd74af64826ca2ccb index=3 rows=[3,4) tokens=1 phase=2
packed_slice step=32 generation=32 request=0x8ffcb8302ea32d38 index=4 rows=[4,5) tokens=1 phase=2
packed_slice step=32 generation=32 request=0x321980c06a38a9e6 index=5 rows=[5,6) tokens=1 phase=2
packed_slice step=32 generation=32 request=0x357c20a7837608ba index=6 rows=[6,7) tokens=1 phase=2
packed_slice step=32 generation=32 request=0x5fe317ef3fada691 index=7 rows=[7,8) tokens=1 phase=2
packed_token step=32 generation=32 request=0x5fe317ef3fada691 row=7 position=103 token_id=13537 phase=2 flags=0x0
end step=32 status=0 flags=0x0
accepted_token step=32 request=0x5fe317ef3fada691 output_position=27 token_id=13 flags=0x0
begin step=33 scheduled=8 prefill=0 decode=8 queue=0 active=8 slices=8 kv_permyriad=125 flags=0x0
slice step=33 request=0x91577dac4804e983 phase=2 tokens=1
slice step=33 request=0xbcc17e824bf7f7e5 phase=2 tokens=1
slice step=33 request=0x8b864d0b1b96a716 phase=2 tokens=1
slice step=33 request=0xd74af64826ca2ccb phase=2 tokens=1
slice step=33 request=0x8ffcb8302ea32d38 phase=2 tokens=1
slice step=33 request=0x321980c06a38a9e6 phase=2 tokens=1
slice step=33 request=0x357c20a7837608ba phase=2 tokens=1
slice step=33 request=0x5fe317ef3fada691 phase=2 tokens=1
packed_begin step=33 generation=33 tokens=8 slices=8 flags=0x0
packed_slice step=33 generation=33 request=0x91577dac4804e983 index=0 rows=[0,1) tokens=1 phase=2
packed_slice step=33 generation=33 request=0xbcc17e824bf7f7e5 index=1 rows=[1,2) tokens=1 phase=2
packed_slice step=33 generation=33 request=0x8b864d0b1b96a716 index=2 rows=[2,3) tokens=1 phase=2
packed_slice step=33 generation=33 request=0xd74af64826ca2ccb index=3 rows=[3,4) tokens=1 phase=2
packed_slice step=33 generation=33 request=0x8ffcb8302ea32d38 index=4 rows=[4,5) tokens=1 phase=2
packed_slice step=33 generation=33 request=0x321980c06a38a9e6 index=5 rows=[5,6) tokens=1 phase=2
packed_slice step=33 generation=33 request=0x357c20a7837608ba index=6 rows=[6,7) tokens=1 phase=2
packed_slice step=33 generation=33 request=0x5fe317ef3fada691 index=7 rows=[7,8) tokens=1 phase=2
packed_token step=33 generation=33 request=0x5fe317ef3fada691 row=7 position=104 token_id=13 phase=2 flags=0x0
end step=33 status=0 flags=0x0
accepted_token step=33 request=0x5fe317ef3fada691 output_position=28 token_id=6771 flags=0x0
begin step=34 scheduled=8 prefill=0 decode=8 queue=0 active=8 slices=8 kv_permyriad=125 flags=0x0
slice step=34 request=0x91577dac4804e983 phase=2 tokens=1
slice step=34 request=0xbcc17e824bf7f7e5 phase=2 tokens=1
slice step=34 request=0x8b864d0b1b96a716 phase=2 tokens=1
slice step=34 request=0xd74af64826ca2ccb phase=2 tokens=1
slice step=34 request=0x8ffcb8302ea32d38 phase=2 tokens=1
slice step=34 request=0x321980c06a38a9e6 phase=2 tokens=1
slice step=34 request=0x357c20a7837608ba phase=2 tokens=1
slice step=34 request=0x5fe317ef3fada691 phase=2 tokens=1
packed_begin step=34 generation=34 tokens=8 slices=8 flags=0x0
packed_slice step=34 generation=34 request=0x91577dac4804e983 index=0 rows=[0,1) tokens=1 phase=2
packed_slice step=34 generation=34 request=0xbcc17e824bf7f7e5 index=1 rows=[1,2) tokens=1 phase=2
packed_slice step=34 generation=34 request=0x8b864d0b1b96a716 index=2 rows=[2,3) tokens=1 phase=2
packed_slice step=34 generation=34 request=0xd74af64826ca2ccb index=3 rows=[3,4) tokens=1 phase=2
packed_slice step=34 generation=34 request=0x8ffcb8302ea32d38 index=4 rows=[4,5) tokens=1 phase=2
packed_slice step=34 generation=34 request=0x321980c06a38a9e6 index=5 rows=[5,6) tokens=1 phase=2
packed_slice step=34 generation=34 request=0x357c20a7837608ba index=6 rows=[6,7) tokens=1 phase=2
packed_slice step=34 generation=34 request=0x5fe317ef3fada691 index=7 rows=[7,8) tokens=1 phase=2
packed_token step=34 generation=34 request=0x5fe317ef3fada691 row=7 position=105 token_id=6771 phase=2 flags=0x0
end step=34 status=0 flags=0x0
accepted_token step=34 request=0x5fe317ef3fada691 output_position=29 token_id=752 flags=0x0
begin step=35 scheduled=8 prefill=0 decode=8 queue=0 active=8 slices=8 kv_permyriad=128 flags=0x0
slice step=35 request=0x91577dac4804e983 phase=2 tokens=1
slice step=35 request=0xbcc17e824bf7f7e5 phase=2 tokens=1
slice step=35 request=0x8b864d0b1b96a716 phase=2 tokens=1
slice step=35 request=0xd74af64826ca2ccb phase=2 tokens=1
slice step=35 request=0x8ffcb8302ea32d38 phase=2 tokens=1
slice step=35 request=0x321980c06a38a9e6 phase=2 tokens=1
slice step=35 request=0x357c20a7837608ba phase=2 tokens=1
slice step=35 request=0x5fe317ef3fada691 phase=2 tokens=1
packed_begin step=35 generation=35 tokens=8 slices=8 flags=0x0
packed_slice step=35 generation=35 request=0x91577dac4804e983 index=0 rows=[0,1) tokens=1 phase=2
packed_slice step=35 generation=35 request=0xbcc17e824bf7f7e5 index=1 rows=[1,2) tokens=1 phase=2
packed_slice step=35 generation=35 request=0x8b864d0b1b96a716 index=2 rows=[2,3) tokens=1 phase=2
packed_slice step=35 generation=35 request=0xd74af64826ca2ccb index=3 rows=[3,4) tokens=1 phase=2
packed_slice step=35 generation=35 request=0x8ffcb8302ea32d38 index=4 rows=[4,5) tokens=1 phase=2
packed_slice step=35 generation=35 request=0x321980c06a38a9e6 index=5 rows=[5,6) tokens=1 phase=2
packed_slice step=35 generation=35 request=0x357c20a7837608ba index=6 rows=[6,7) tokens=1 phase=2
packed_slice step=35 generation=35 request=0x5fe317ef3fada691 index=7 rows=[7,8) tokens=1 phase=2
packed_token step=35 generation=35 request=0x5fe317ef3fada691 row=7 position=106 token_id=752 phase=2 flags=0x0
end step=35 status=0 flags=0x0
accepted_token step=35 request=0x5fe317ef3fada691 output_position=30 token_id=1191 flags=0x0
begin step=36 scheduled=8 prefill=0 decode=8 queue=0 active=8 slices=8 kv_permyriad=128 flags=0x0
slice step=36 request=0x91577dac4804e983 phase=2 tokens=1
slice step=36 request=0xbcc17e824bf7f7e5 phase=2 tokens=1
slice step=36 request=0x8b864d0b1b96a716 phase=2 tokens=1
slice step=36 request=0xd74af64826ca2ccb phase=2 tokens=1
slice step=36 request=0x8ffcb8302ea32d38 phase=2 tokens=1
slice step=36 request=0x321980c06a38a9e6 phase=2 tokens=1
slice step=36 request=0x357c20a7837608ba phase=2 tokens=1
slice step=36 request=0x5fe317ef3fada691 phase=2 tokens=1
packed_begin step=36 generation=36 tokens=8 slices=8 flags=0x0
packed_slice step=36 generation=36 request=0x91577dac4804e983 index=0 rows=[0,1) tokens=1 phase=2
packed_slice step=36 generation=36 request=0xbcc17e824bf7f7e5 index=1 rows=[1,2) tokens=1 phase=2
packed_slice step=36 generation=36 request=0x8b864d0b1b96a716 index=2 rows=[2,3) tokens=1 phase=2
packed_slice step=36 generation=36 request=0xd74af64826ca2ccb index=3 rows=[3,4) tokens=1 phase=2
packed_slice step=36 generation=36 request=0x8ffcb8302ea32d38 index=4 rows=[4,5) tokens=1 phase=2
packed_slice step=36 generation=36 request=0x321980c06a38a9e6 index=5 rows=[5,6) tokens=1 phase=2
packed_slice step=36 generation=36 request=0x357c20a7837608ba index=6 rows=[6,7) tokens=1 phase=2
packed_slice step=36 generation=36 request=0x5fe317ef3fada691 index=7 rows=[7,8) tokens=1 phase=2
packed_token step=36 generation=36 request=0x5fe317ef3fada691 row=7 position=107 token_id=1191 phase=2 flags=0x0
end step=36 status=0 flags=0x0
accepted_token step=36 request=0x5fe317ef3fada691 output_position=31 token_id=553 flags=0x0
begin step=37 scheduled=8 prefill=0 decode=8 queue=0 active=8 slices=8 kv_permyriad=128 flags=0x0
slice step=37 request=0x91577dac4804e983 phase=2 tokens=1
slice step=37 request=0xbcc17e824bf7f7e5 phase=2 tokens=1
slice step=37 request=0x8b864d0b1b96a716 phase=2 tokens=1
slice step=37 request=0xd74af64826ca2ccb phase=2 tokens=1
slice step=37 request=0x8ffcb8302ea32d38 phase=2 tokens=1
slice step=37 request=0x321980c06a38a9e6 phase=2 tokens=1
slice step=37 request=0x357c20a7837608ba phase=2 tokens=1
slice step=37 request=0x5fe317ef3fada691 phase=2 tokens=1
packed_begin step=37 generation=37 tokens=8 slices=8 flags=0x0
packed_slice step=37 generation=37 request=0x91577dac4804e983 index=0 rows=[0,1) tokens=1 phase=2
packed_slice step=37 generation=37 request=0xbcc17e824bf7f7e5 index=1 rows=[1,2) tokens=1 phase=2
packed_slice step=37 generation=37 request=0x8b864d0b1b96a716 index=2 rows=[2,3) tokens=1 phase=2
packed_slice step=37 generation=37 request=0xd74af64826ca2ccb index=3 rows=[3,4) tokens=1 phase=2
packed_slice step=37 generation=37 request=0x8ffcb8302ea32d38 index=4 rows=[4,5) tokens=1 phase=2
packed_slice step=37 generation=37 request=0x321980c06a38a9e6 index=5 rows=[5,6) tokens=1 phase=2
packed_slice step=37 generation=37 request=0x357c20a7837608ba index=6 rows=[6,7) tokens=1 phase=2
packed_slice step=37 generation=37 request=0x5fe317ef3fada691 index=7 rows=[7,8) tokens=1 phase=2
packed_token step=37 generation=37 request=0x5fe317ef3fada691 row=7 position=108 token_id=553 phase=2 flags=0x0
end step=37 status=0 flags=0x0
accepted_token step=37 request=0x5fe317ef3fada691 output_position=32 token_id=88646 flags=0x0
begin step=38 scheduled=8 prefill=0 decode=8 queue=0 active=8 slices=8 kv_permyriad=128 flags=0x0
slice step=38 request=0x91577dac4804e983 phase=2 tokens=1
slice step=38 request=0xbcc17e824bf7f7e5 phase=2 tokens=1
slice step=38 request=0x8b864d0b1b96a716 phase=2 tokens=1
slice step=38 request=0xd74af64826ca2ccb phase=2 tokens=1
slice step=38 request=0x8ffcb8302ea32d38 phase=2 tokens=1
slice step=38 request=0x321980c06a38a9e6 phase=2 tokens=1
slice step=38 request=0x357c20a7837608ba phase=2 tokens=1
slice step=38 request=0x5fe317ef3fada691 phase=2 tokens=1
packed_begin step=38 generation=38 tokens=8 slices=8 flags=0x0
packed_slice step=38 generation=38 request=0x91577dac4804e983 index=0 rows=[0,1) tokens=1 phase=2
packed_slice step=38 generation=38 request=0xbcc17e824bf7f7e5 index=1 rows=[1,2) tokens=1 phase=2
packed_slice step=38 generation=38 request=0x8b864d0b1b96a716 index=2 rows=[2,3) tokens=1 phase=2
packed_slice step=38 generation=38 request=0xd74af64826ca2ccb index=3 rows=[3,4) tokens=1 phase=2
packed_slice step=38 generation=38 request=0x8ffcb8302ea32d38 index=4 rows=[4,5) tokens=1 phase=2
packed_slice step=38 generation=38 request=0x321980c06a38a9e6 index=5 rows=[5,6) tokens=1 phase=2
packed_slice step=38 generation=38 request=0x357c20a7837608ba index=6 rows=[6,7) tokens=1 phase=2
packed_slice step=38 generation=38 request=0x5fe317ef3fada691 index=7 rows=[7,8) tokens=1 phase=2
packed_token step=38 generation=38 request=0x5fe317ef3fada691 row=7 position=109 token_id=88646 phase=2 flags=0x0
end step=38 status=0 flags=0x0
accepted_token step=38 request=0x5fe317ef3fada691 output_position=33 token_id=1128 flags=0x0
begin step=39 scheduled=8 prefill=0 decode=8 queue=0 active=8 slices=8 kv_permyriad=128 flags=0x0
slice step=39 request=0x91577dac4804e983 phase=2 tokens=1
slice step=39 request=0xbcc17e824bf7f7e5 phase=2 tokens=1
slice step=39 request=0x8b864d0b1b96a716 phase=2 tokens=1
slice step=39 request=0xd74af64826ca2ccb phase=2 tokens=1
slice step=39 request=0x8ffcb8302ea32d38 phase=2 tokens=1
slice step=39 request=0x321980c06a38a9e6 phase=2 tokens=1
slice step=39 request=0x357c20a7837608ba phase=2 tokens=1
slice step=39 request=0x5fe317ef3fada691 phase=2 tokens=1
packed_begin step=39 generation=39 tokens=8 slices=8 flags=0x0
packed_slice step=39 generation=39 request=0x91577dac4804e983 index=0 rows=[0,1) tokens=1 phase=2
packed_slice step=39 generation=39 request=0xbcc17e824bf7f7e5 index=1 rows=[1,2) tokens=1 phase=2
packed_slice step=39 generation=39 request=0x8b864d0b1b96a716 index=2 rows=[2,3) tokens=1 phase=2
packed_slice step=39 generation=39 request=0xd74af64826ca2ccb index=3 rows=[3,4) tokens=1 phase=2
packed_slice step=39 generation=39 request=0x8ffcb8302ea32d38 index=4 rows=[4,5) tokens=1 phase=2
packed_slice step=39 generation=39 request=0x321980c06a38a9e6 index=5 rows=[5,6) tokens=1 phase=2
packed_slice step=39 generation=39 request=0x357c20a7837608ba index=6 rows=[6,7) tokens=1 phase=2
packed_slice step=39 generation=39 request=0x5fe317ef3fada691 index=7 rows=[7,8) tokens=1 phase=2
packed_token step=39 generation=39 request=0x5fe317ef3fada691 row=7 position=110 token_id=1128 phase=2 flags=0x0
end step=39 status=0 flags=0x0
accepted_token step=39 request=0x5fe317ef3fada691 output_position=34 token_id=358 flags=0x0
begin step=40 scheduled=8 prefill=0 decode=8 queue=0 active=8 slices=8 kv_permyriad=131 flags=0x0
slice step=40 request=0x91577dac4804e983 phase=2 tokens=1
slice step=40 request=0xbcc17e824bf7f7e5 phase=2 tokens=1
slice step=40 request=0x8b864d0b1b96a716 phase=2 tokens=1
slice step=40 request=0xd74af64826ca2ccb phase=2 tokens=1
slice step=40 request=0x8ffcb8302ea32d38 phase=2 tokens=1
slice step=40 request=0x321980c06a38a9e6 phase=2 tokens=1
slice step=40 request=0x357c20a7837608ba phase=2 tokens=1
slice step=40 request=0x5fe317ef3fada691 phase=2 tokens=1
packed_begin step=40 generation=40 tokens=8 slices=8 flags=0x0
packed_slice step=40 generation=40 request=0x91577dac4804e983 index=0 rows=[0,1) tokens=1 phase=2
packed_slice step=40 generation=40 request=0xbcc17e824bf7f7e5 index=1 rows=[1,2) tokens=1 phase=2
packed_slice step=40 generation=40 request=0x8b864d0b1b96a716 index=2 rows=[2,3) tokens=1 phase=2
packed_slice step=40 generation=40 request=0xd74af64826ca2ccb index=3 rows=[3,4) tokens=1 phase=2
packed_slice step=40 generation=40 request=0x8ffcb8302ea32d38 index=4 rows=[4,5) tokens=1 phase=2
packed_slice step=40 generation=40 request=0x321980c06a38a9e6 index=5 rows=[5,6) tokens=1 phase=2
packed_slice step=40 generation=40 request=0x357c20a7837608ba index=6 rows=[6,7) tokens=1 phase=2
packed_slice step=40 generation=40 request=0x5fe317ef3fada691 index=7 rows=[7,8) tokens=1 phase=2
packed_token step=40 generation=40 request=0x5fe317ef3fada691 row=7 position=111 token_id=358 phase=2 flags=0x0
end step=40 status=0 flags=0x0
accepted_token step=40 request=0x5fe317ef3fada691 output_position=35 token_id=1414 flags=0x0
begin step=41 scheduled=8 prefill=0 decode=8 queue=0 active=8 slices=8 kv_permyriad=134 flags=0x0
slice step=41 request=0x91577dac4804e983 phase=2 tokens=1
slice step=41 request=0xbcc17e824bf7f7e5 phase=2 tokens=1
slice step=41 request=0x8b864d0b1b96a716 phase=2 tokens=1
slice step=41 request=0xd74af64826ca2ccb phase=2 tokens=1
slice step=41 request=0x8ffcb8302ea32d38 phase=2 tokens=1
slice step=41 request=0x321980c06a38a9e6 phase=2 tokens=1
slice step=41 request=0x357c20a7837608ba phase=2 tokens=1
slice step=41 request=0x5fe317ef3fada691 phase=2 tokens=1
packed_begin step=41 generation=41 tokens=8 slices=8 flags=0x0
packed_slice step=41 generation=41 request=0x91577dac4804e983 index=0 rows=[0,1) tokens=1 phase=2
packed_slice step=41 generation=41 request=0xbcc17e824bf7f7e5 index=1 rows=[1,2) tokens=1 phase=2
packed_slice step=41 generation=41 request=0x8b864d0b1b96a716 index=2 rows=[2,3) tokens=1 phase=2
packed_slice step=41 generation=41 request=0xd74af64826ca2ccb index=3 rows=[3,4) tokens=1 phase=2
packed_slice step=41 generation=41 request=0x8ffcb8302ea32d38 index=4 rows=[4,5) tokens=1 phase=2
packed_slice step=41 generation=41 request=0x321980c06a38a9e6 index=5 rows=[5,6) tokens=1 phase=2
packed_slice step=41 generation=41 request=0x357c20a7837608ba index=6 rows=[6,7) tokens=1 phase=2
packed_slice step=41 generation=41 request=0x5fe317ef3fada691 index=7 rows=[7,8) tokens=1 phase=2
packed_token step=41 generation=41 request=0x5fe317ef3fada691 row=7 position=112 token_id=1414 phase=2 flags=0x0
end step=41 status=0 flags=0x0
accepted_token step=41 request=0x5fe317ef3fada691 output_position=36 token_id=911 flags=0x0
begin step=42 scheduled=8 prefill=0 decode=8 queue=0 active=8 slices=8 kv_permyriad=134 flags=0x0
slice step=42 request=0x91577dac4804e983 phase=2 tokens=1
slice step=42 request=0xbcc17e824bf7f7e5 phase=2 tokens=1
slice step=42 request=0x8b864d0b1b96a716 phase=2 tokens=1
slice step=42 request=0xd74af64826ca2ccb phase=2 tokens=1
slice step=42 request=0x8ffcb8302ea32d38 phase=2 tokens=1
slice step=42 request=0x321980c06a38a9e6 phase=2 tokens=1
slice step=42 request=0x357c20a7837608ba phase=2 tokens=1
slice step=42 request=0x5fe317ef3fada691 phase=2 tokens=1
packed_begin step=42 generation=42 tokens=8 slices=8 flags=0x0
packed_slice step=42 generation=42 request=0x91577dac4804e983 index=0 rows=[0,1) tokens=1 phase=2
packed_slice step=42 generation=42 request=0xbcc17e824bf7f7e5 index=1 rows=[1,2) tokens=1 phase=2
packed_slice step=42 generation=42 request=0x8b864d0b1b96a716 index=2 rows=[2,3) tokens=1 phase=2
packed_slice step=42 generation=42 request=0xd74af64826ca2ccb index=3 rows=[3,4) tokens=1 phase=2
packed_slice step=42 generation=42 request=0x8ffcb8302ea32d38 index=4 rows=[4,5) tokens=1 phase=2
packed_slice step=42 generation=42 request=0x321980c06a38a9e6 index=5 rows=[5,6) tokens=1 phase=2
packed_slice step=42 generation=42 request=0x357c20a7837608ba index=6 rows=[6,7) tokens=1 phase=2
packed_slice step=42 generation=42 request=0x5fe317ef3fada691 index=7 rows=[7,8) tokens=1 phase=2
packed_token step=42 generation=42 request=0x5fe317ef3fada691 row=7 position=113 token_id=911 phase=2 flags=0x0
end step=42 status=0 flags=0x0
accepted_token step=42 request=0x5fe317ef3fada691 output_position=37 token_id=348 flags=0x0
begin step=43 scheduled=8 prefill=0 decode=8 queue=0 active=8 slices=8 kv_permyriad=137 flags=0x0
slice step=43 request=0x91577dac4804e983 phase=2 tokens=1
slice step=43 request=0xbcc17e824bf7f7e5 phase=2 tokens=1
slice step=43 request=0x8b864d0b1b96a716 phase=2 tokens=1
slice step=43 request=0xd74af64826ca2ccb phase=2 tokens=1
slice step=43 request=0x8ffcb8302ea32d38 phase=2 tokens=1
slice step=43 request=0x321980c06a38a9e6 phase=2 tokens=1
slice step=43 request=0x357c20a7837608ba phase=2 tokens=1
slice step=43 request=0x5fe317ef3fada691 phase=2 tokens=1
packed_begin step=43 generation=43 tokens=8 slices=8 flags=0x0
packed_slice step=43 generation=43 request=0x91577dac4804e983 index=0 rows=[0,1) tokens=1 phase=2
packed_slice step=43 generation=43 request=0xbcc17e824bf7f7e5 index=1 rows=[1,2) tokens=1 phase=2
packed_slice step=43 generation=43 request=0x8b864d0b1b96a716 index=2 rows=[2,3) tokens=1 phase=2
packed_slice step=43 generation=43 request=0xd74af64826ca2ccb index=3 rows=[3,4) tokens=1 phase=2
packed_slice step=43 generation=43 request=0x8ffcb8302ea32d38 index=4 rows=[4,5) tokens=1 phase=2
packed_slice step=43 generation=43 request=0x321980c06a38a9e6 index=5 rows=[5,6) tokens=1 phase=2
packed_slice step=43 generation=43 request=0x357c20a7837608ba index=6 rows=[6,7) tokens=1 phase=2
packed_slice step=43 generation=43 request=0x5fe317ef3fada691 index=7 rows=[7,8) tokens=1 phase=2
packed_token step=43 generation=43 request=0x5fe317ef3fada691 row=7 position=114 token_id=348 phase=2 flags=0x0
end step=43 status=0 flags=0x0
accepted_token step=43 request=0x5fe317ef3fada691 output_position=38 token_id=4086 flags=0x0
begin step=44 scheduled=8 prefill=0 decode=8 queue=0 active=8 slices=8 kv_permyriad=140 flags=0x0
slice step=44 request=0x91577dac4804e983 phase=2 tokens=1
slice step=44 request=0xbcc17e824bf7f7e5 phase=2 tokens=1
slice step=44 request=0x8b864d0b1b96a716 phase=2 tokens=1
slice step=44 request=0xd74af64826ca2ccb phase=2 tokens=1
slice step=44 request=0x8ffcb8302ea32d38 phase=2 tokens=1
slice step=44 request=0x321980c06a38a9e6 phase=2 tokens=1
slice step=44 request=0x357c20a7837608ba phase=2 tokens=1
slice step=44 request=0x5fe317ef3fada691 phase=2 tokens=1
packed_begin step=44 generation=44 tokens=8 slices=8 flags=0x0
packed_slice step=44 generation=44 request=0x91577dac4804e983 index=0 rows=[0,1) tokens=1 phase=2
packed_slice step=44 generation=44 request=0xbcc17e824bf7f7e5 index=1 rows=[1,2) tokens=1 phase=2
packed_slice step=44 generation=44 request=0x8b864d0b1b96a716 index=2 rows=[2,3) tokens=1 phase=2
packed_slice step=44 generation=44 request=0xd74af64826ca2ccb index=3 rows=[3,4) tokens=1 phase=2
packed_slice step=44 generation=44 request=0x8ffcb8302ea32d38 index=4 rows=[4,5) tokens=1 phase=2
packed_slice step=44 generation=44 request=0x321980c06a38a9e6 index=5 rows=[5,6) tokens=1 phase=2
packed_slice step=44 generation=44 request=0x357c20a7837608ba index=6 rows=[6,7) tokens=1 phase=2
packed_slice step=44 generation=44 request=0x5fe317ef3fada691 index=7 rows=[7,8) tokens=1 phase=2
packed_token step=44 generation=44 request=0x5fe317ef3fada691 row=7 position=115 token_id=4086 phase=2 flags=0x0
end step=44 status=0 flags=0x0
accepted_token step=44 request=0x5fe317ef3fada691 output_position=39 token_id=44 flags=0x0
begin step=45 scheduled=8 prefill=0 decode=8 queue=0 active=8 slices=8 kv_permyriad=143 flags=0x0
slice step=45 request=0x91577dac4804e983 phase=2 tokens=1
slice step=45 request=0xbcc17e824bf7f7e5 phase=2 tokens=1
slice step=45 request=0x8b864d0b1b96a716 phase=2 tokens=1
slice step=45 request=0xd74af64826ca2ccb phase=2 tokens=1
slice step=45 request=0x8ffcb8302ea32d38 phase=2 tokens=1
slice step=45 request=0x321980c06a38a9e6 phase=2 tokens=1
slice step=45 request=0x357c20a7837608ba phase=2 tokens=1
slice step=45 request=0x5fe317ef3fada691 phase=2 tokens=1
packed_begin step=45 generation=45 tokens=8 slices=8 flags=0x0
packed_slice step=45 generation=45 request=0x91577dac4804e983 index=0 rows=[0,1) tokens=1 phase=2
packed_slice step=45 generation=45 request=0xbcc17e824bf7f7e5 index=1 rows=[1,2) tokens=1 phase=2
packed_slice step=45 generation=45 request=0x8b864d0b1b96a716 index=2 rows=[2,3) tokens=1 phase=2
packed_slice step=45 generation=45 request=0xd74af64826ca2ccb index=3 rows=[3,4) tokens=1 phase=2
packed_slice step=45 generation=45 request=0x8ffcb8302ea32d38 index=4 rows=[4,5) tokens=1 phase=2
packed_slice step=45 generation=45 request=0x321980c06a38a9e6 index=5 rows=[5,6) tokens=1 phase=2
packed_slice step=45 generation=45 request=0x357c20a7837608ba index=6 rows=[6,7) tokens=1 phase=2
packed_slice step=45 generation=45 request=0x5fe317ef3fada691 index=7 rows=[7,8) tokens=1 phase=2
packed_token step=45 generation=45 request=0x5fe317ef3fada691 row=7 position=116 token_id=44 phase=2 flags=0x0
end step=45 status=0 flags=0x0
accepted_token step=45 request=0x5fe317ef3fada691 output_position=40 token_id=13 flags=0x0
begin step=46 scheduled=8 prefill=0 decode=8 queue=0 active=8 slices=8 kv_permyriad=146 flags=0x0
slice step=46 request=0x91577dac4804e983 phase=2 tokens=1
slice step=46 request=0xbcc17e824bf7f7e5 phase=2 tokens=1
slice step=46 request=0x8b864d0b1b96a716 phase=2 tokens=1
slice step=46 request=0xd74af64826ca2ccb phase=2 tokens=1
slice step=46 request=0x8ffcb8302ea32d38 phase=2 tokens=1
slice step=46 request=0x321980c06a38a9e6 phase=2 tokens=1
slice step=46 request=0x357c20a7837608ba phase=2 tokens=1
slice step=46 request=0x5fe317ef3fada691 phase=2 tokens=1
packed_begin step=46 generation=46 tokens=8 slices=8 flags=0x0
packed_slice step=46 generation=46 request=0x91577dac4804e983 index=0 rows=[0,1) tokens=1 phase=2
packed_slice step=46 generation=46 request=0xbcc17e824bf7f7e5 index=1 rows=[1,2) tokens=1 phase=2
packed_slice step=46 generation=46 request=0x8b864d0b1b96a716 index=2 rows=[2,3) tokens=1 phase=2
packed_slice step=46 generation=46 request=0xd74af64826ca2ccb index=3 rows=[3,4) tokens=1 phase=2
packed_slice step=46 generation=46 request=0x8ffcb8302ea32d38 index=4 rows=[4,5) tokens=1 phase=2
packed_slice step=46 generation=46 request=0x321980c06a38a9e6 index=5 rows=[5,6) tokens=1 phase=2
packed_slice step=46 generation=46 request=0x357c20a7837608ba index=6 rows=[6,7) tokens=1 phase=2
packed_slice step=46 generation=46 request=0x5fe317ef3fada691 index=7 rows=[7,8) tokens=1 phase=2
packed_token step=46 generation=46 request=0x5fe317ef3fada691 row=7 position=117 token_id=13 phase=2 flags=0x0
end step=46 status=0 flags=0x0
accepted_token step=46 request=0x5fe317ef3fada691 output_position=41 token_id=5542 flags=0x0
begin step=47 scheduled=8 prefill=0 decode=8 queue=0 active=8 slices=8 kv_permyriad=149 flags=0x0
slice step=47 request=0x91577dac4804e983 phase=2 tokens=1
slice step=47 request=0xbcc17e824bf7f7e5 phase=2 tokens=1
slice step=47 request=0x8b864d0b1b96a716 phase=2 tokens=1
slice step=47 request=0xd74af64826ca2ccb phase=2 tokens=1
slice step=47 request=0x8ffcb8302ea32d38 phase=2 tokens=1
slice step=47 request=0x321980c06a38a9e6 phase=2 tokens=1
slice step=47 request=0x357c20a7837608ba phase=2 tokens=1
slice step=47 request=0x5fe317ef3fada691 phase=2 tokens=1
packed_begin step=47 generation=47 tokens=8 slices=8 flags=0x0
packed_slice step=47 generation=47 request=0x91577dac4804e983 index=0 rows=[0,1) tokens=1 phase=2
packed_slice step=47 generation=47 request=0xbcc17e824bf7f7e5 index=1 rows=[1,2) tokens=1 phase=2
packed_slice step=47 generation=47 request=0x8b864d0b1b96a716 index=2 rows=[2,3) tokens=1 phase=2
packed_slice step=47 generation=47 request=0xd74af64826ca2ccb index=3 rows=[3,4) tokens=1 phase=2
packed_slice step=47 generation=47 request=0x8ffcb8302ea32d38 index=4 rows=[4,5) tokens=1 phase=2
packed_slice step=47 generation=47 request=0x321980c06a38a9e6 index=5 rows=[5,6) tokens=1 phase=2
packed_slice step=47 generation=47 request=0x357c20a7837608ba index=6 rows=[6,7) tokens=1 phase=2
packed_slice step=47 generation=47 request=0x5fe317ef3fada691 index=7 rows=[7,8) tokens=1 phase=2
packed_token step=47 generation=47 request=0x5fe317ef3fada691 row=7 position=118 token_id=5542 phase=2 flags=0x0
end step=47 status=0 flags=0x0
accepted_token step=47 request=0x5fe317ef3fada691 output_position=42 token_id=1128 flags=0x0
begin step=48 scheduled=8 prefill=0 decode=8 queue=0 active=8 slices=8 kv_permyriad=149 flags=0x0
slice step=48 request=0x91577dac4804e983 phase=2 tokens=1
slice step=48 request=0xbcc17e824bf7f7e5 phase=2 tokens=1
slice step=48 request=0x8b864d0b1b96a716 phase=2 tokens=1
slice step=48 request=0xd74af64826ca2ccb phase=2 tokens=1
slice step=48 request=0x8ffcb8302ea32d38 phase=2 tokens=1
slice step=48 request=0x321980c06a38a9e6 phase=2 tokens=1
slice step=48 request=0x357c20a7837608ba phase=2 tokens=1
slice step=48 request=0x5fe317ef3fada691 phase=2 tokens=1
packed_begin step=48 generation=48 tokens=8 slices=8 flags=0x0
packed_slice step=48 generation=48 request=0x91577dac4804e983 index=0 rows=[0,1) tokens=1 phase=2
packed_slice step=48 generation=48 request=0xbcc17e824bf7f7e5 index=1 rows=[1,2) tokens=1 phase=2
packed_slice step=48 generation=48 request=0x8b864d0b1b96a716 index=2 rows=[2,3) tokens=1 phase=2
packed_slice step=48 generation=48 request=0xd74af64826ca2ccb index=3 rows=[3,4) tokens=1 phase=2
packed_slice step=48 generation=48 request=0x8ffcb8302ea32d38 index=4 rows=[4,5) tokens=1 phase=2
packed_slice step=48 generation=48 request=0x321980c06a38a9e6 index=5 rows=[5,6) tokens=1 phase=2
packed_slice step=48 generation=48 request=0x357c20a7837608ba index=6 rows=[6,7) tokens=1 phase=2
packed_slice step=48 generation=48 request=0x5fe317ef3fada691 index=7 rows=[7,8) tokens=1 phase=2
packed_token step=48 generation=48 request=0x5fe317ef3fada691 row=7 position=119 token_id=1128 phase=2 flags=0x0
end step=48 status=0 flags=0x0
accepted_token step=48 request=0x5fe317ef3fada691 output_position=43 token_id=358 flags=0x0
begin step=49 scheduled=8 prefill=0 decode=8 queue=0 active=8 slices=8 kv_permyriad=149 flags=0x0
slice step=49 request=0x91577dac4804e983 phase=2 tokens=1
slice step=49 request=0xbcc17e824bf7f7e5 phase=2 tokens=1
slice step=49 request=0x8b864d0b1b96a716 phase=2 tokens=1
slice step=49 request=0xd74af64826ca2ccb phase=2 tokens=1
slice step=49 request=0x8ffcb8302ea32d38 phase=2 tokens=1
slice step=49 request=0x321980c06a38a9e6 phase=2 tokens=1
slice step=49 request=0x357c20a7837608ba phase=2 tokens=1
slice step=49 request=0x5fe317ef3fada691 phase=2 tokens=1
packed_begin step=49 generation=49 tokens=8 slices=8 flags=0x0
packed_slice step=49 generation=49 request=0x91577dac4804e983 index=0 rows=[0,1) tokens=1 phase=2
packed_slice step=49 generation=49 request=0xbcc17e824bf7f7e5 index=1 rows=[1,2) tokens=1 phase=2
packed_slice step=49 generation=49 request=0x8b864d0b1b96a716 index=2 rows=[2,3) tokens=1 phase=2
packed_slice step=49 generation=49 request=0xd74af64826ca2ccb index=3 rows=[3,4) tokens=1 phase=2
packed_slice step=49 generation=49 request=0x8ffcb8302ea32d38 index=4 rows=[4,5) tokens=1 phase=2
packed_slice step=49 generation=49 request=0x321980c06a38a9e6 index=5 rows=[5,6) tokens=1 phase=2
packed_slice step=49 generation=49 request=0x357c20a7837608ba index=6 rows=[6,7) tokens=1 phase=2
packed_slice step=49 generation=49 request=0x5fe317ef3fada691 index=7 rows=[7,8) tokens=1 phase=2
packed_token step=49 generation=49 request=0x5fe317ef3fada691 row=7 position=120 token_id=358 phase=2 flags=0x0
end step=49 status=0 flags=0x0
accepted_token step=49 request=0x5fe317ef3fada691 output_position=44 token_id=6099 flags=0x0
begin step=50 scheduled=8 prefill=0 decode=8 queue=0 active=8 slices=8 kv_permyriad=149 flags=0x0
slice step=50 request=0x91577dac4804e983 phase=2 tokens=1
slice step=50 request=0xbcc17e824bf7f7e5 phase=2 tokens=1
slice step=50 request=0x8b864d0b1b96a716 phase=2 tokens=1
slice step=50 request=0xd74af64826ca2ccb phase=2 tokens=1
slice step=50 request=0x8ffcb8302ea32d38 phase=2 tokens=1
slice step=50 request=0x321980c06a38a9e6 phase=2 tokens=1
slice step=50 request=0x357c20a7837608ba phase=2 tokens=1
slice step=50 request=0x5fe317ef3fada691 phase=2 tokens=1
packed_begin step=50 generation=50 tokens=8 slices=8 flags=0x0
packed_slice step=50 generation=50 request=0x91577dac4804e983 index=0 rows=[0,1) tokens=1 phase=2
packed_slice step=50 generation=50 request=0xbcc17e824bf7f7e5 index=1 rows=[1,2) tokens=1 phase=2
packed_slice step=50 generation=50 request=0x8b864d0b1b96a716 index=2 rows=[2,3) tokens=1 phase=2
packed_slice step=50 generation=50 request=0xd74af64826ca2ccb index=3 rows=[3,4) tokens=1 phase=2
packed_slice step=50 generation=50 request=0x8ffcb8302ea32d38 index=4 rows=[4,5) tokens=1 phase=2
packed_slice step=50 generation=50 request=0x321980c06a38a9e6 index=5 rows=[5,6) tokens=1 phase=2
packed_slice step=50 generation=50 request=0x357c20a7837608ba index=6 rows=[6,7) tokens=1 phase=2
packed_slice step=50 generation=50 request=0x5fe317ef3fada691 index=7 rows=[7,8) tokens=1 phase=2
packed_token step=50 generation=50 request=0x5fe317ef3fada691 row=7 position=121 token_id=6099 phase=2 flags=0x0
end step=50 status=0 flags=0x0
accepted_token step=50 request=0x5fe317ef3fada691 output_position=45 token_id=11 flags=0x0
begin step=51 scheduled=8 prefill=0 decode=8 queue=0 active=8 slices=8 kv_permyriad=152 flags=0x0
slice step=51 request=0x91577dac4804e983 phase=2 tokens=1
slice step=51 request=0xbcc17e824bf7f7e5 phase=2 tokens=1
slice step=51 request=0x8b864d0b1b96a716 phase=2 tokens=1
slice step=51 request=0xd74af64826ca2ccb phase=2 tokens=1
slice step=51 request=0x8ffcb8302ea32d38 phase=2 tokens=1
slice step=51 request=0x321980c06a38a9e6 phase=2 tokens=1
slice step=51 request=0x357c20a7837608ba phase=2 tokens=1
slice step=51 request=0x5fe317ef3fada691 phase=2 tokens=1
packed_begin step=51 generation=51 tokens=8 slices=8 flags=0x0
packed_slice step=51 generation=51 request=0x91577dac4804e983 index=0 rows=[0,1) tokens=1 phase=2
packed_slice step=51 generation=51 request=0xbcc17e824bf7f7e5 index=1 rows=[1,2) tokens=1 phase=2
packed_slice step=51 generation=51 request=0x8b864d0b1b96a716 index=2 rows=[2,3) tokens=1 phase=2
packed_slice step=51 generation=51 request=0xd74af64826ca2ccb index=3 rows=[3,4) tokens=1 phase=2
packed_slice step=51 generation=51 request=0x8ffcb8302ea32d38 index=4 rows=[4,5) tokens=1 phase=2
packed_slice step=51 generation=51 request=0x321980c06a38a9e6 index=5 rows=[5,6) tokens=1 phase=2
packed_slice step=51 generation=51 request=0x357c20a7837608ba index=6 rows=[6,7) tokens=1 phase=2
packed_slice step=51 generation=51 request=0x5fe317ef3fada691 index=7 rows=[7,8) tokens=1 phase=2
packed_token step=51 generation=51 request=0x5fe317ef3fada691 row=7 position=122 token_id=11 phase=2 flags=0x0
end step=51 status=0 flags=0x0
accepted_token step=51 request=0x5fe317ef3fada691 output_position=46 token_id=348 flags=0x0
begin step=52 scheduled=8 prefill=0 decode=8 queue=0 active=8 slices=8 kv_permyriad=152 flags=0x0
slice step=52 request=0x91577dac4804e983 phase=2 tokens=1
slice step=52 request=0xbcc17e824bf7f7e5 phase=2 tokens=1
slice step=52 request=0x8b864d0b1b96a716 phase=2 tokens=1
slice step=52 request=0xd74af64826ca2ccb phase=2 tokens=1
slice step=52 request=0x8ffcb8302ea32d38 phase=2 tokens=1
slice step=52 request=0x321980c06a38a9e6 phase=2 tokens=1
slice step=52 request=0x357c20a7837608ba phase=2 tokens=1
slice step=52 request=0x5fe317ef3fada691 phase=2 tokens=1
packed_begin step=52 generation=52 tokens=8 slices=8 flags=0x0
packed_slice step=52 generation=52 request=0x91577dac4804e983 index=0 rows=[0,1) tokens=1 phase=2
packed_slice step=52 generation=52 request=0xbcc17e824bf7f7e5 index=1 rows=[1,2) tokens=1 phase=2
packed_slice step=52 generation=52 request=0x8b864d0b1b96a716 index=2 rows=[2,3) tokens=1 phase=2
packed_slice step=52 generation=52 request=0xd74af64826ca2ccb index=3 rows=[3,4) tokens=1 phase=2
packed_slice step=52 generation=52 request=0x8ffcb8302ea32d38 index=4 rows=[4,5) tokens=1 phase=2
packed_slice step=52 generation=52 request=0x321980c06a38a9e6 index=5 rows=[5,6) tokens=1 phase=2
packed_slice step=52 generation=52 request=0x357c20a7837608ba index=6 rows=[6,7) tokens=1 phase=2
packed_slice step=52 generation=52 request=0x5fe317ef3fada691 index=7 rows=[7,8) tokens=1 phase=2
packed_token step=52 generation=52 request=0x5fe317ef3fada691 row=7 position=123 token_id=348 phase=2 flags=0x0
end step=52 status=0 flags=0x0
accepted_token step=52 request=0x5fe317ef3fada691 output_position=47 token_id=4086 flags=0x0
begin step=53 scheduled=8 prefill=0 decode=8 queue=0 active=8 slices=8 kv_permyriad=152 flags=0x0
slice step=53 request=0x91577dac4804e983 phase=2 tokens=1
slice step=53 request=0xbcc17e824bf7f7e5 phase=2 tokens=1
slice step=53 request=0x8b864d0b1b96a716 phase=2 tokens=1
slice step=53 request=0xd74af64826ca2ccb phase=2 tokens=1
slice step=53 request=0x8ffcb8302ea32d38 phase=2 tokens=1
slice step=53 request=0x321980c06a38a9e6 phase=2 tokens=1
slice step=53 request=0x357c20a7837608ba phase=2 tokens=1
slice step=53 request=0x5fe317ef3fada691 phase=2 tokens=1
packed_begin step=53 generation=53 tokens=8 slices=8 flags=0x0
packed_slice step=53 generation=53 request=0x91577dac4804e983 index=0 rows=[0,1) tokens=1 phase=2
packed_slice step=53 generation=53 request=0xbcc17e824bf7f7e5 index=1 rows=[1,2) tokens=1 phase=2
packed_slice step=53 generation=53 request=0x8b864d0b1b96a716 index=2 rows=[2,3) tokens=1 phase=2
packed_slice step=53 generation=53 request=0xd74af64826ca2ccb index=3 rows=[3,4) tokens=1 phase=2
packed_slice step=53 generation=53 request=0x8ffcb8302ea32d38 index=4 rows=[4,5) tokens=1 phase=2
packed_slice step=53 generation=53 request=0x321980c06a38a9e6 index=5 rows=[5,6) tokens=1 phase=2
packed_slice step=53 generation=53 request=0x357c20a7837608ba index=6 rows=[6,7) tokens=1 phase=2
packed_slice step=53 generation=53 request=0x5fe317ef3fada691 index=7 rows=[7,8) tokens=1 phase=2
packed_token step=53 generation=53 request=0x5fe317ef3fada691 row=7 position=124 token_id=4086 phase=2 flags=0x0
end step=53 status=0 flags=0x0
accepted_token step=53 request=0x5fe317ef3fada691 output_position=48 token_id=44 flags=0x0
begin step=54 scheduled=8 prefill=0 decode=8 queue=0 active=8 slices=8 kv_permyriad=152 flags=0x0
slice step=54 request=0x91577dac4804e983 phase=2 tokens=1
slice step=54 request=0xbcc17e824bf7f7e5 phase=2 tokens=1
slice step=54 request=0x8b864d0b1b96a716 phase=2 tokens=1
slice step=54 request=0xd74af64826ca2ccb phase=2 tokens=1
slice step=54 request=0x8ffcb8302ea32d38 phase=2 tokens=1
slice step=54 request=0x321980c06a38a9e6 phase=2 tokens=1
slice step=54 request=0x357c20a7837608ba phase=2 tokens=1
slice step=54 request=0x5fe317ef3fada691 phase=2 tokens=1
packed_begin step=54 generation=54 tokens=8 slices=8 flags=0x0
packed_slice step=54 generation=54 request=0x91577dac4804e983 index=0 rows=[0,1) tokens=1 phase=2
packed_slice step=54 generation=54 request=0xbcc17e824bf7f7e5 index=1 rows=[1,2) tokens=1 phase=2
packed_slice step=54 generation=54 request=0x8b864d0b1b96a716 index=2 rows=[2,3) tokens=1 phase=2
packed_slice step=54 generation=54 request=0xd74af64826ca2ccb index=3 rows=[3,4) tokens=1 phase=2
packed_slice step=54 generation=54 request=0x8ffcb8302ea32d38 index=4 rows=[4,5) tokens=1 phase=2
packed_slice step=54 generation=54 request=0x321980c06a38a9e6 index=5 rows=[5,6) tokens=1 phase=2
packed_slice step=54 generation=54 request=0x357c20a7837608ba index=6 rows=[6,7) tokens=1 phase=2
packed_slice step=54 generation=54 request=0x5fe317ef3fada691 index=7 rows=[7,8) tokens=1 phase=2
packed_token step=54 generation=54 request=0x5fe317ef3fada691 row=7 position=125 token_id=44 phase=2 flags=0x0
end step=54 status=0 flags=0x0
accepted_token step=54 request=0x5fe317ef3fada691 output_position=49 token_id=374 flags=0x0
begin step=55 scheduled=8 prefill=0 decode=8 queue=0 active=8 slices=8 kv_permyriad=152 flags=0x0
slice step=55 request=0x91577dac4804e983 phase=2 tokens=1
slice step=55 request=0xbcc17e824bf7f7e5 phase=2 tokens=1
slice step=55 request=0x8b864d0b1b96a716 phase=2 tokens=1
slice step=55 request=0xd74af64826ca2ccb phase=2 tokens=1
slice step=55 request=0x8ffcb8302ea32d38 phase=2 tokens=1
slice step=55 request=0x321980c06a38a9e6 phase=2 tokens=1
slice step=55 request=0x357c20a7837608ba phase=2 tokens=1
slice step=55 request=0x5fe317ef3fada691 phase=2 tokens=1
packed_begin step=55 generation=55 tokens=8 slices=8 flags=0x0
packed_slice step=55 generation=55 request=0x91577dac4804e983 index=0 rows=[0,1) tokens=1 phase=2
packed_slice step=55 generation=55 request=0xbcc17e824bf7f7e5 index=1 rows=[1,2) tokens=1 phase=2
packed_slice step=55 generation=55 request=0x8b864d0b1b96a716 index=2 rows=[2,3) tokens=1 phase=2
packed_slice step=55 generation=55 request=0xd74af64826ca2ccb index=3 rows=[3,4) tokens=1 phase=2
packed_slice step=55 generation=55 request=0x8ffcb8302ea32d38 index=4 rows=[4,5) tokens=1 phase=2
packed_slice step=55 generation=55 request=0x321980c06a38a9e6 index=5 rows=[5,6) tokens=1 phase=2
packed_slice step=55 generation=55 request=0x357c20a7837608ba index=6 rows=[6,7) tokens=1 phase=2
packed_slice step=55 generation=55 request=0x5fe317ef3fada691 index=7 rows=[7,8) tokens=1 phase=2
packed_token step=55 generation=55 request=0x5fe317ef3fada691 row=7 position=126 token_id=374 phase=2 flags=0x0
end step=55 status=0 flags=0x0
accepted_token step=55 request=0x5fe317ef3fada691 output_position=50 token_id=264 flags=0x0
begin step=56 scheduled=8 prefill=0 decode=8 queue=0 active=8 slices=8 kv_permyriad=155 flags=0x0
slice step=56 request=0x91577dac4804e983 phase=2 tokens=1
slice step=56 request=0xbcc17e824bf7f7e5 phase=2 tokens=1
slice step=56 request=0x8b864d0b1b96a716 phase=2 tokens=1
slice step=56 request=0xd74af64826ca2ccb phase=2 tokens=1
slice step=56 request=0x8ffcb8302ea32d38 phase=2 tokens=1
slice step=56 request=0x321980c06a38a9e6 phase=2 tokens=1
slice step=56 request=0x357c20a7837608ba phase=2 tokens=1
slice step=56 request=0x5fe317ef3fada691 phase=2 tokens=1
packed_begin step=56 generation=56 tokens=8 slices=8 flags=0x0
packed_slice step=56 generation=56 request=0x91577dac4804e983 index=0 rows=[0,1) tokens=1 phase=2
packed_slice step=56 generation=56 request=0xbcc17e824bf7f7e5 index=1 rows=[1,2) tokens=1 phase=2
packed_slice step=56 generation=56 request=0x8b864d0b1b96a716 index=2 rows=[2,3) tokens=1 phase=2
packed_slice step=56 generation=56 request=0xd74af64826ca2ccb index=3 rows=[3,4) tokens=1 phase=2
packed_slice step=56 generation=56 request=0x8ffcb8302ea32d38 index=4 rows=[4,5) tokens=1 phase=2
packed_slice step=56 generation=56 request=0x321980c06a38a9e6 index=5 rows=[5,6) tokens=1 phase=2
packed_slice step=56 generation=56 request=0x357c20a7837608ba index=6 rows=[6,7) tokens=1 phase=2
packed_slice step=56 generation=56 request=0x5fe317ef3fada691 index=7 rows=[7,8) tokens=1 phase=2
packed_token step=56 generation=56 request=0x5fe317ef3fada691 row=7 position=127 token_id=264 phase=2 flags=0x0
end step=56 status=0 flags=0x0
accepted_token step=56 request=0x5fe317ef3fada691 output_position=51 token_id=1550 flags=0x0
begin step=57 scheduled=8 prefill=0 decode=8 queue=0 active=8 slices=8 kv_permyriad=158 flags=0x0
slice step=57 request=0x91577dac4804e983 phase=2 tokens=1
slice step=57 request=0xbcc17e824bf7f7e5 phase=2 tokens=1
slice step=57 request=0x8b864d0b1b96a716 phase=2 tokens=1
slice step=57 request=0xd74af64826ca2ccb phase=2 tokens=1
slice step=57 request=0x8ffcb8302ea32d38 phase=2 tokens=1
slice step=57 request=0x321980c06a38a9e6 phase=2 tokens=1
slice step=57 request=0x357c20a7837608ba phase=2 tokens=1
slice step=57 request=0x5fe317ef3fada691 phase=2 tokens=1
packed_begin step=57 generation=57 tokens=8 slices=8 flags=0x0
packed_slice step=57 generation=57 request=0x91577dac4804e983 index=0 rows=[0,1) tokens=1 phase=2
packed_slice step=57 generation=57 request=0xbcc17e824bf7f7e5 index=1 rows=[1,2) tokens=1 phase=2
packed_slice step=57 generation=57 request=0x8b864d0b1b96a716 index=2 rows=[2,3) tokens=1 phase=2
packed_slice step=57 generation=57 request=0xd74af64826ca2ccb index=3 rows=[3,4) tokens=1 phase=2
packed_slice step=57 generation=57 request=0x8ffcb8302ea32d38 index=4 rows=[4,5) tokens=1 phase=2
packed_slice step=57 generation=57 request=0x321980c06a38a9e6 index=5 rows=[5,6) tokens=1 phase=2
packed_slice step=57 generation=57 request=0x357c20a7837608ba index=6 rows=[6,7) tokens=1 phase=2
packed_slice step=57 generation=57 request=0x5fe317ef3fada691 index=7 rows=[7,8) tokens=1 phase=2
packed_token step=57 generation=57 request=0x5fe317ef3fada691 row=7 position=128 token_id=1550 phase=2 flags=0x0
end step=57 status=0 flags=0x0
accepted_token step=57 request=0x5fe317ef3fada691 output_position=52 token_id=57474 flags=0x0
begin step=58 scheduled=8 prefill=0 decode=8 queue=0 active=8 slices=8 kv_permyriad=158 flags=0x0
slice step=58 request=0x91577dac4804e983 phase=2 tokens=1
slice step=58 request=0xbcc17e824bf7f7e5 phase=2 tokens=1
slice step=58 request=0x8b864d0b1b96a716 phase=2 tokens=1
slice step=58 request=0xd74af64826ca2ccb phase=2 tokens=1
slice step=58 request=0x8ffcb8302ea32d38 phase=2 tokens=1
slice step=58 request=0x321980c06a38a9e6 phase=2 tokens=1
slice step=58 request=0x357c20a7837608ba phase=2 tokens=1
slice step=58 request=0x5fe317ef3fada691 phase=2 tokens=1
packed_begin step=58 generation=58 tokens=8 slices=8 flags=0x0
packed_slice step=58 generation=58 request=0x91577dac4804e983 index=0 rows=[0,1) tokens=1 phase=2
packed_slice step=58 generation=58 request=0xbcc17e824bf7f7e5 index=1 rows=[1,2) tokens=1 phase=2
packed_slice step=58 generation=58 request=0x8b864d0b1b96a716 index=2 rows=[2,3) tokens=1 phase=2
packed_slice step=58 generation=58 request=0xd74af64826ca2ccb index=3 rows=[3,4) tokens=1 phase=2
packed_slice step=58 generation=58 request=0x8ffcb8302ea32d38 index=4 rows=[4,5) tokens=1 phase=2
packed_slice step=58 generation=58 request=0x321980c06a38a9e6 index=5 rows=[5,6) tokens=1 phase=2
packed_slice step=58 generation=58 request=0x357c20a7837608ba index=6 rows=[6,7) tokens=1 phase=2
packed_slice step=58 generation=58 request=0x5fe317ef3fada691 index=7 rows=[7,8) tokens=1 phase=2
packed_token step=58 generation=58 request=0x5fe317ef3fada691 row=7 position=129 token_id=57474 phase=2 flags=0x0
end step=58 status=0 flags=0x0
accepted_token step=58 request=0x5fe317ef3fada691 output_position=53 token_id=44378 flags=0x0
begin step=59 scheduled=8 prefill=0 decode=8 queue=0 active=8 slices=8 kv_permyriad=161 flags=0x0
slice step=59 request=0x91577dac4804e983 phase=2 tokens=1
slice step=59 request=0xbcc17e824bf7f7e5 phase=2 tokens=1
slice step=59 request=0x8b864d0b1b96a716 phase=2 tokens=1
slice step=59 request=0xd74af64826ca2ccb phase=2 tokens=1
slice step=59 request=0x8ffcb8302ea32d38 phase=2 tokens=1
slice step=59 request=0x321980c06a38a9e6 phase=2 tokens=1
slice step=59 request=0x357c20a7837608ba phase=2 tokens=1
slice step=59 request=0x5fe317ef3fada691 phase=2 tokens=1
packed_begin step=59 generation=59 tokens=8 slices=8 flags=0x0
packed_slice step=59 generation=59 request=0x91577dac4804e983 index=0 rows=[0,1) tokens=1 phase=2
packed_slice step=59 generation=59 request=0xbcc17e824bf7f7e5 index=1 rows=[1,2) tokens=1 phase=2
packed_slice step=59 generation=59 request=0x8b864d0b1b96a716 index=2 rows=[2,3) tokens=1 phase=2
packed_slice step=59 generation=59 request=0xd74af64826ca2ccb index=3 rows=[3,4) tokens=1 phase=2
packed_slice step=59 generation=59 request=0x8ffcb8302ea32d38 index=4 rows=[4,5) tokens=1 phase=2
packed_slice step=59 generation=59 request=0x321980c06a38a9e6 index=5 rows=[5,6) tokens=1 phase=2
packed_slice step=59 generation=59 request=0x357c20a7837608ba index=6 rows=[6,7) tokens=1 phase=2
packed_slice step=59 generation=59 request=0x5fe317ef3fada691 index=7 rows=[7,8) tokens=1 phase=2
packed_token step=59 generation=59 request=0x5fe317ef3fada691 row=7 position=130 token_id=44378 phase=2 flags=0x0
end step=59 status=0 flags=0x0
accepted_token step=59 request=0x5fe317ef3fada691 output_position=54 token_id=4712 flags=0x0
begin step=60 scheduled=8 prefill=0 decode=8 queue=0 active=8 slices=8 kv_permyriad=164 flags=0x0
slice step=60 request=0x91577dac4804e983 phase=2 tokens=1
slice step=60 request=0xbcc17e824bf7f7e5 phase=2 tokens=1
slice step=60 request=0x8b864d0b1b96a716 phase=2 tokens=1
slice step=60 request=0xd74af64826ca2ccb phase=2 tokens=1
slice step=60 request=0x8ffcb8302ea32d38 phase=2 tokens=1
slice step=60 request=0x321980c06a38a9e6 phase=2 tokens=1
slice step=60 request=0x357c20a7837608ba phase=2 tokens=1
slice step=60 request=0x5fe317ef3fada691 phase=2 tokens=1
packed_begin step=60 generation=60 tokens=8 slices=8 flags=0x0
packed_slice step=60 generation=60 request=0x91577dac4804e983 index=0 rows=[0,1) tokens=1 phase=2
packed_slice step=60 generation=60 request=0xbcc17e824bf7f7e5 index=1 rows=[1,2) tokens=1 phase=2
packed_slice step=60 generation=60 request=0x8b864d0b1b96a716 index=2 rows=[2,3) tokens=1 phase=2
packed_slice step=60 generation=60 request=0xd74af64826ca2ccb index=3 rows=[3,4) tokens=1 phase=2
packed_slice step=60 generation=60 request=0x8ffcb8302ea32d38 index=4 rows=[4,5) tokens=1 phase=2
packed_slice step=60 generation=60 request=0x321980c06a38a9e6 index=5 rows=[5,6) tokens=1 phase=2
packed_slice step=60 generation=60 request=0x357c20a7837608ba index=6 rows=[6,7) tokens=1 phase=2
packed_slice step=60 generation=60 request=0x5fe317ef3fada691 index=7 rows=[7,8) tokens=1 phase=2
packed_token step=60 generation=60 request=0x5fe317ef3fada691 row=7 position=131 token_id=4712 phase=2 flags=0x0
end step=60 status=0 flags=0x0
accepted_token step=60 request=0x5fe317ef3fada691 output_position=55 token_id=369 flags=0x0
begin step=61 scheduled=8 prefill=0 decode=8 queue=0 active=8 slices=8 kv_permyriad=167 flags=0x0
slice step=61 request=0x91577dac4804e983 phase=2 tokens=1
slice step=61 request=0xbcc17e824bf7f7e5 phase=2 tokens=1
slice step=61 request=0x8b864d0b1b96a716 phase=2 tokens=1
slice step=61 request=0xd74af64826ca2ccb phase=2 tokens=1
slice step=61 request=0x8ffcb8302ea32d38 phase=2 tokens=1
slice step=61 request=0x321980c06a38a9e6 phase=2 tokens=1
slice step=61 request=0x357c20a7837608ba phase=2 tokens=1
slice step=61 request=0x5fe317ef3fada691 phase=2 tokens=1
packed_begin step=61 generation=61 tokens=8 slices=8 flags=0x0
packed_slice step=61 generation=61 request=0x91577dac4804e983 index=0 rows=[0,1) tokens=1 phase=2
packed_slice step=61 generation=61 request=0xbcc17e824bf7f7e5 index=1 rows=[1,2) tokens=1 phase=2
packed_slice step=61 generation=61 request=0x8b864d0b1b96a716 index=2 rows=[2,3) tokens=1 phase=2
packed_slice step=61 generation=61 request=0xd74af64826ca2ccb index=3 rows=[3,4) tokens=1 phase=2
packed_slice step=61 generation=61 request=0x8ffcb8302ea32d38 index=4 rows=[4,5) tokens=1 phase=2
packed_slice step=61 generation=61 request=0x321980c06a38a9e6 index=5 rows=[5,6) tokens=1 phase=2
packed_slice step=61 generation=61 request=0x357c20a7837608ba index=6 rows=[6,7) tokens=1 phase=2
packed_slice step=61 generation=61 request=0x5fe317ef3fada691 index=7 rows=[7,8) tokens=1 phase=2
packed_token step=61 generation=61 request=0x5fe317ef3fada691 row=7 position=132 token_id=369 phase=2 flags=0x0
end step=61 status=0 flags=0x0
accepted_token step=61 request=0x5fe317ef3fada691 output_position=56 token_id=3460 flags=0x0
begin step=62 scheduled=8 prefill=0 decode=8 queue=0 active=8 slices=8 kv_permyriad=170 flags=0x0
slice step=62 request=0x91577dac4804e983 phase=2 tokens=1
slice step=62 request=0xbcc17e824bf7f7e5 phase=2 tokens=1
slice step=62 request=0x8b864d0b1b96a716 phase=2 tokens=1
slice step=62 request=0xd74af64826ca2ccb phase=2 tokens=1
slice step=62 request=0x8ffcb8302ea32d38 phase=2 tokens=1
slice step=62 request=0x321980c06a38a9e6 phase=2 tokens=1
slice step=62 request=0x357c20a7837608ba phase=2 tokens=1
slice step=62 request=0x5fe317ef3fada691 phase=2 tokens=1
packed_begin step=62 generation=62 tokens=8 slices=8 flags=0x0
packed_slice step=62 generation=62 request=0x91577dac4804e983 index=0 rows=[0,1) tokens=1 phase=2
packed_slice step=62 generation=62 request=0xbcc17e824bf7f7e5 index=1 rows=[1,2) tokens=1 phase=2
packed_slice step=62 generation=62 request=0x8b864d0b1b96a716 index=2 rows=[2,3) tokens=1 phase=2
packed_slice step=62 generation=62 request=0xd74af64826ca2ccb index=3 rows=[3,4) tokens=1 phase=2
packed_slice step=62 generation=62 request=0x8ffcb8302ea32d38 index=4 rows=[4,5) tokens=1 phase=2
packed_slice step=62 generation=62 request=0x321980c06a38a9e6 index=5 rows=[5,6) tokens=1 phase=2
packed_slice step=62 generation=62 request=0x357c20a7837608ba index=6 rows=[6,7) tokens=1 phase=2
packed_slice step=62 generation=62 request=0x5fe317ef3fada691 index=7 rows=[7,8) tokens=1 phase=2
packed_token step=62 generation=62 request=0x5fe317ef3fada691 row=7 position=133 token_id=3460 phase=2 flags=0x0
end step=62 status=0 flags=0x0
accepted_token step=62 request=0x5fe317ef3fada691 output_position=57 token_id=4128 flags=0x0
begin step=63 scheduled=8 prefill=0 decode=8 queue=0 active=8 slices=8 kv_permyriad=174 flags=0x0
slice step=63 request=0x91577dac4804e983 phase=2 tokens=1
slice step=63 request=0xbcc17e824bf7f7e5 phase=2 tokens=1
slice step=63 request=0x8b864d0b1b96a716 phase=2 tokens=1
slice step=63 request=0xd74af64826ca2ccb phase=2 tokens=1
slice step=63 request=0x8ffcb8302ea32d38 phase=2 tokens=1
slice step=63 request=0x321980c06a38a9e6 phase=2 tokens=1
slice step=63 request=0x357c20a7837608ba phase=2 tokens=1
slice step=63 request=0x5fe317ef3fada691 phase=2 tokens=1
packed_begin step=63 generation=63 tokens=8 slices=8 flags=0x0
packed_slice step=63 generation=63 request=0x91577dac4804e983 index=0 rows=[0,1) tokens=1 phase=2
packed_slice step=63 generation=63 request=0xbcc17e824bf7f7e5 index=1 rows=[1,2) tokens=1 phase=2
packed_slice step=63 generation=63 request=0x8b864d0b1b96a716 index=2 rows=[2,3) tokens=1 phase=2
packed_slice step=63 generation=63 request=0xd74af64826ca2ccb index=3 rows=[3,4) tokens=1 phase=2
packed_slice step=63 generation=63 request=0x8ffcb8302ea32d38 index=4 rows=[4,5) tokens=1 phase=2
packed_slice step=63 generation=63 request=0x321980c06a38a9e6 index=5 rows=[5,6) tokens=1 phase=2
packed_slice step=63 generation=63 request=0x357c20a7837608ba index=6 rows=[6,7) tokens=1 phase=2
packed_slice step=63 generation=63 request=0x5fe317ef3fada691 index=7 rows=[7,8) tokens=1 phase=2
packed_token step=63 generation=63 request=0x5fe317ef3fada691 row=7 position=134 token_id=4128 phase=2 flags=0x0
end step=63 status=0 flags=0x0
accepted_token step=63 request=0x5fe317ef3fada691 output_position=58 token_id=4119 flags=0x0
begin step=64 scheduled=8 prefill=0 decode=8 queue=0 active=8 slices=8 kv_permyriad=174 flags=0x0
slice step=64 request=0x91577dac4804e983 phase=2 tokens=1
slice step=64 request=0xbcc17e824bf7f7e5 phase=2 tokens=1
slice step=64 request=0x8b864d0b1b96a716 phase=2 tokens=1
slice step=64 request=0xd74af64826ca2ccb phase=2 tokens=1
slice step=64 request=0x8ffcb8302ea32d38 phase=2 tokens=1
slice step=64 request=0x321980c06a38a9e6 phase=2 tokens=1
slice step=64 request=0x357c20a7837608ba phase=2 tokens=1
slice step=64 request=0x5fe317ef3fada691 phase=2 tokens=1
packed_begin step=64 generation=64 tokens=8 slices=8 flags=0x0
packed_slice step=64 generation=64 request=0x91577dac4804e983 index=0 rows=[0,1) tokens=1 phase=2
packed_slice step=64 generation=64 request=0xbcc17e824bf7f7e5 index=1 rows=[1,2) tokens=1 phase=2
packed_slice step=64 generation=64 request=0x8b864d0b1b96a716 index=2 rows=[2,3) tokens=1 phase=2
packed_slice step=64 generation=64 request=0xd74af64826ca2ccb index=3 rows=[3,4) tokens=1 phase=2
packed_slice step=64 generation=64 request=0x8ffcb8302ea32d38 index=4 rows=[4,5) tokens=1 phase=2
packed_slice step=64 generation=64 request=0x321980c06a38a9e6 index=5 rows=[5,6) tokens=1 phase=2
packed_slice step=64 generation=64 request=0x357c20a7837608ba index=6 rows=[6,7) tokens=1 phase=2
packed_slice step=64 generation=64 request=0x5fe317ef3fada691 index=7 rows=[7,8) tokens=1 phase=2
packed_token step=64 generation=64 request=0x5fe317ef3fada691 row=7 position=135 token_id=4119 phase=2 flags=0x0
end step=64 status=0 flags=0x0
accepted_token step=64 request=0x5fe317ef3fada691 output_position=59 token_id=11 flags=0x0
begin step=65 scheduled=8 prefill=0 decode=8 queue=0 active=8 slices=8 kv_permyriad=174 flags=0x0
slice step=65 request=0x91577dac4804e983 phase=2 tokens=1
slice step=65 request=0xbcc17e824bf7f7e5 phase=2 tokens=1
slice step=65 request=0x8b864d0b1b96a716 phase=2 tokens=1
slice step=65 request=0xd74af64826ca2ccb phase=2 tokens=1
slice step=65 request=0x8ffcb8302ea32d38 phase=2 tokens=1
slice step=65 request=0x321980c06a38a9e6 phase=2 tokens=1
slice step=65 request=0x357c20a7837608ba phase=2 tokens=1
slice step=65 request=0x5fe317ef3fada691 phase=2 tokens=1
packed_begin step=65 generation=65 tokens=8 slices=8 flags=0x0
packed_slice step=65 generation=65 request=0x91577dac4804e983 index=0 rows=[0,1) tokens=1 phase=2
packed_slice step=65 generation=65 request=0xbcc17e824bf7f7e5 index=1 rows=[1,2) tokens=1 phase=2
packed_slice step=65 generation=65 request=0x8b864d0b1b96a716 index=2 rows=[2,3) tokens=1 phase=2
packed_slice step=65 generation=65 request=0xd74af64826ca2ccb index=3 rows=[3,4) tokens=1 phase=2
packed_slice step=65 generation=65 request=0x8ffcb8302ea32d38 index=4 rows=[4,5) tokens=1 phase=2
packed_slice step=65 generation=65 request=0x321980c06a38a9e6 index=5 rows=[5,6) tokens=1 phase=2
packed_slice step=65 generation=65 request=0x357c20a7837608ba index=6 rows=[6,7) tokens=1 phase=2
packed_slice step=65 generation=65 request=0x5fe317ef3fada691 index=7 rows=[7,8) tokens=1 phase=2
packed_token step=65 generation=65 request=0x5fe317ef3fada691 row=7 position=136 token_id=11 phase=2 flags=0x0
end step=65 status=0 flags=0x0
accepted_token step=65 request=0x5fe317ef3fada691 output_position=60 token_id=33340 flags=0x0
begin step=66 scheduled=8 prefill=0 decode=8 queue=0 active=8 slices=8 kv_permyriad=174 flags=0x0
slice step=66 request=0x91577dac4804e983 phase=2 tokens=1
slice step=66 request=0xbcc17e824bf7f7e5 phase=2 tokens=1
slice step=66 request=0x8b864d0b1b96a716 phase=2 tokens=1
slice step=66 request=0xd74af64826ca2ccb phase=2 tokens=1
slice step=66 request=0x8ffcb8302ea32d38 phase=2 tokens=1
slice step=66 request=0x321980c06a38a9e6 phase=2 tokens=1
slice step=66 request=0x357c20a7837608ba phase=2 tokens=1
slice step=66 request=0x5fe317ef3fada691 phase=2 tokens=1
packed_begin step=66 generation=66 tokens=8 slices=8 flags=0x0
packed_slice step=66 generation=66 request=0x91577dac4804e983 index=0 rows=[0,1) tokens=1 phase=2
packed_slice step=66 generation=66 request=0xbcc17e824bf7f7e5 index=1 rows=[1,2) tokens=1 phase=2
packed_slice step=66 generation=66 request=0x8b864d0b1b96a716 index=2 rows=[2,3) tokens=1 phase=2
packed_slice step=66 generation=66 request=0xd74af64826ca2ccb index=3 rows=[3,4) tokens=1 phase=2
packed_slice step=66 generation=66 request=0x8ffcb8302ea32d38 index=4 rows=[4,5) tokens=1 phase=2
packed_slice step=66 generation=66 request=0x321980c06a38a9e6 index=5 rows=[5,6) tokens=1 phase=2
packed_slice step=66 generation=66 request=0x357c20a7837608ba index=6 rows=[6,7) tokens=1 phase=2
packed_slice step=66 generation=66 request=0x5fe317ef3fada691 index=7 rows=[7,8) tokens=1 phase=2
packed_token step=66 generation=66 request=0x5fe317ef3fada691 row=7 position=137 token_id=33340 phase=2 flags=0x0
end step=66 status=0 flags=0x0
accepted_token step=66 request=0x5fe317ef3fada691 output_position=61 token_id=369 flags=0x0
begin step=67 scheduled=7 prefill=0 decode=7 queue=0 active=7 slices=7 kv_permyriad=149 flags=0x0
slice step=67 request=0xbcc17e824bf7f7e5 phase=2 tokens=1
slice step=67 request=0x8b864d0b1b96a716 phase=2 tokens=1
slice step=67 request=0xd74af64826ca2ccb phase=2 tokens=1
slice step=67 request=0x8ffcb8302ea32d38 phase=2 tokens=1
slice step=67 request=0x321980c06a38a9e6 phase=2 tokens=1
slice step=67 request=0x357c20a7837608ba phase=2 tokens=1
slice step=67 request=0x5fe317ef3fada691 phase=2 tokens=1
packed_begin step=67 generation=67 tokens=7 slices=7 flags=0x0
packed_slice step=67 generation=67 request=0x5fe317ef3fada691 index=0 rows=[0,1) tokens=1 phase=2
packed_slice step=67 generation=67 request=0xbcc17e824bf7f7e5 index=1 rows=[1,2) tokens=1 phase=2
packed_slice step=67 generation=67 request=0x8b864d0b1b96a716 index=2 rows=[2,3) tokens=1 phase=2
packed_slice step=67 generation=67 request=0xd74af64826ca2ccb index=3 rows=[3,4) tokens=1 phase=2
packed_slice step=67 generation=67 request=0x8ffcb8302ea32d38 index=4 rows=[4,5) tokens=1 phase=2
packed_slice step=67 generation=67 request=0x321980c06a38a9e6 index=5 rows=[5,6) tokens=1 phase=2
packed_slice step=67 generation=67 request=0x357c20a7837608ba index=6 rows=[6,7) tokens=1 phase=2
packed_token step=67 generation=67 request=0x5fe317ef3fada691 row=0 position=138 token_id=369 phase=2 flags=0x0
end step=67 status=0 flags=0x0
accepted_token step=67 request=0x5fe317ef3fada691 output_position=62 token_id=13480 flags=0x0
begin step=68 scheduled=1 prefill=0 decode=1 queue=0 active=1 slices=1 kv_permyriad=27 flags=0x0
slice step=68 request=0x5fe317ef3fada691 phase=2 tokens=1
packed_begin step=68 generation=68 tokens=1 slices=1 flags=0x0
packed_slice step=68 generation=68 request=0x5fe317ef3fada691 index=0 rows=[0,1) tokens=1 phase=2
packed_token step=68 generation=68 request=0x5fe317ef3fada691 row=0 position=139 token_id=13480 phase=2 flags=0x0
end step=68 status=0 flags=0x0
accepted_token step=68 request=0x5fe317ef3fada691 output_position=63 token_id=5248 flags=0x0
