# format=GOSAN_GRAPH01 observer=compute-sanitizer-graph-node-begin host_clock=CLOCK_MONOTONIC identity=(graph_exec,graph_launch_id,node)
graph_exec	graph_launch_id	node	grid_id	host_timestamp_ns	context_slot	kernel_slot	stream	api_stream	grid_x	grid_y	grid_z	block_x	block_y	block_z	expected_blocks	function
0x55cd0090	1	0x618a9560	46684	805095700611997	0	564	0x0	0x0	1	1	1	512	1	1	1	_ZN4vllm30reshape_and_cache_flash_kernelI13__nv_bfloat16S1_LNS_18Fp8KVCacheDataTypeE0EEEvPKT_S5_PT0_S7_PKlllllliiiPKfSB_i
0x55cd0090	1	0x618afd60	46697	805095700632653	0	564	0x0	0x0	1	1	1	512	1	1	1	_ZN4vllm30reshape_and_cache_flash_kernelI13__nv_bfloat16S1_LNS_18Fp8KVCacheDataTypeE0EEEvPKT_S5_PT0_S7_PKlllllliiiPKfSB_i
0x55cd0090	1	0x618b6560	46710	805095700649197	0	564	0x0	0x0	1	1	1	512	1	1	1	_ZN4vllm30reshape_and_cache_flash_kernelI13__nv_bfloat16S1_LNS_18Fp8KVCacheDataTypeE0EEEvPKT_S5_PT0_S7_PKlllllliiiPKfSB_i
0x55cd0090	1	0x618bcd60	46723	805095700662477	0	564	0x0	0x0	1	1	1	512	1	1	1	_ZN4vllm30reshape_and_cache_flash_kernelI13__nv_bfloat16S1_LNS_18Fp8KVCacheDataTypeE0EEEvPKT_S5_PT0_S7_PKlllllliiiPKfSB_i
0x55cd0090	1	0x618c3560	46736	805095700673501	0	564	0x0	0x0	1	1	1	512	1	1	1	_ZN4vllm30reshape_and_cache_flash_kernelI13__nv_bfloat16S1_LNS_18Fp8KVCacheDataTypeE0EEEvPKT_S5_PT0_S7_PKlllllliiiPKfSB_i
0x55cd0090	1	0x618c9d60	46749	805095700683245	0	564	0x0	0x0	1	1	1	512	1	1	1	_ZN4vllm30reshape_and_cache_flash_kernelI13__nv_bfloat16S1_LNS_18Fp8KVCacheDataTypeE0EEEvPKT_S5_PT0_S7_PKlllllliiiPKfSB_i
0x55cd0090	1	0x618d4ef0	46762	805095700692269	0	564	0x0	0x0	1	1	1	512	1	1	1	_ZN4vllm30reshape_and_cache_flash_kernelI13__nv_bfloat16S1_LNS_18Fp8KVCacheDataTypeE0EEEvPKT_S5_PT0_S7_PKlllllliiiPKfSB_i
0x55cd0090	1	0x618db6f0	46775	805095700701389	0	564	0x0	0x0	1	1	1	512	1	1	1	_ZN4vllm30reshape_and_cache_flash_kernelI13__nv_bfloat16S1_LNS_18Fp8KVCacheDataTypeE0EEEvPKT_S5_PT0_S7_PKlllllliiiPKfSB_i
0x55cd0090	1	0x618e1ef0	46788	805095700711133	0	564	0x0	0x0	1	1	1	512	1	1	1	_ZN4vllm30reshape_and_cache_flash_kernelI13__nv_bfloat16S1_LNS_18Fp8KVCacheDataTypeE0EEEvPKT_S5_PT0_S7_PKlllllliiiPKfSB_i
0x55cd0090	1	0x618e86f0	46801	805095700720253	0	564	0x0	0x0	1	1	1	512	1	1	1	_ZN4vllm30reshape_and_cache_flash_kernelI13__nv_bfloat16S1_LNS_18Fp8KVCacheDataTypeE0EEEvPKT_S5_PT0_S7_PKlllllliiiPKfSB_i
0x55cd0090	1	0x618eeef0	46814	805095700729389	0	564	0x0	0x0	1	1	1	512	1	1	1	_ZN4vllm30reshape_and_cache_flash_kernelI13__nv_bfloat16S1_LNS_18Fp8KVCacheDataTypeE0EEEvPKT_S5_PT0_S7_PKlllllliiiPKfSB_i
0x55cd0090	1	0x618f56f0	46827	805095700740109	0	564	0x0	0x0	1	1	1	512	1	1	1	_ZN4vllm30reshape_and_cache_flash_kernelI13__nv_bfloat16S1_LNS_18Fp8KVCacheDataTypeE0EEEvPKT_S5_PT0_S7_PKlllllliiiPKfSB_i
0x55cd0090	1	0x618fbef0	46840	805095700748877	0	564	0x0	0x0	1	1	1	512	1	1	1	_ZN4vllm30reshape_and_cache_flash_kernelI13__nv_bfloat16S1_LNS_18Fp8KVCacheDataTypeE0EEEvPKT_S5_PT0_S7_PKlllllliiiPKfSB_i
0x55cd0090	1	0x619026f0	46853	805095700757837	0	564	0x0	0x0	1	1	1	512	1	1	1	_ZN4vllm30reshape_and_cache_flash_kernelI13__nv_bfloat16S1_LNS_18Fp8KVCacheDataTypeE0EEEvPKT_S5_PT0_S7_PKlllllliiiPKfSB_i
0x55cd0090	1	0x61908ef0	46866	805095700766093	0	564	0x0	0x0	1	1	1	512	1	1	1	_ZN4vllm30reshape_and_cache_flash_kernelI13__nv_bfloat16S1_LNS_18Fp8KVCacheDataTypeE0EEEvPKT_S5_PT0_S7_PKlllllliiiPKfSB_i
0x55cd0090	1	0x6190f6f0	46879	805095700774477	0	564	0x0	0x0	1	1	1	512	1	1	1	_ZN4vllm30reshape_and_cache_flash_kernelI13__nv_bfloat16S1_LNS_18Fp8KVCacheDataTypeE0EEEvPKT_S5_PT0_S7_PKlllllliiiPKfSB_i
0x55cd0090	1	0x61915f00	46892	805095700783357	0	564	0x0	0x0	1	1	1	512	1	1	1	_ZN4vllm30reshape_and_cache_flash_kernelI13__nv_bfloat16S1_LNS_18Fp8KVCacheDataTypeE0EEEvPKT_S5_PT0_S7_PKlllllliiiPKfSB_i
0x55cd0090	1	0x6191c700	46905	805095700792157	0	564	0x0	0x0	1	1	1	512	1	1	1	_ZN4vllm30reshape_and_cache_flash_kernelI13__nv_bfloat16S1_LNS_18Fp8KVCacheDataTypeE0EEEvPKT_S5_PT0_S7_PKlllllliiiPKfSB_i
0x55cd0090	1	0x61922f00	46918	805095700800717	0	564	0x0	0x0	1	1	1	512	1	1	1	_ZN4vllm30reshape_and_cache_flash_kernelI13__nv_bfloat16S1_LNS_18Fp8KVCacheDataTypeE0EEEvPKT_S5_PT0_S7_PKlllllliiiPKfSB_i
0x55cd0090	1	0x61929700	46931	805095700809341	0	564	0x0	0x0	1	1	1	512	1	1	1	_ZN4vllm30reshape_and_cache_flash_kernelI13__nv_bfloat16S1_LNS_18Fp8KVCacheDataTypeE0EEEvPKT_S5_PT0_S7_PKlllllliiiPKfSB_i
0x55cd0090	1	0x6192ff00	46944	805095700817613	0	564	0x0	0x0	1	1	1	512	1	1	1	_ZN4vllm30reshape_and_cache_flash_kernelI13__nv_bfloat16S1_LNS_18Fp8KVCacheDataTypeE0EEEvPKT_S5_PT0_S7_PKlllllliiiPKfSB_i
0x55cd0090	1	0x61936700	46957	805095700825837	0	564	0x0	0x0	1	1	1	512	1	1	1	_ZN4vllm30reshape_and_cache_flash_kernelI13__nv_bfloat16S1_LNS_18Fp8KVCacheDataTypeE0EEEvPKT_S5_PT0_S7_PKlllllliiiPKfSB_i
0x55cd0090	1	0x6193cf00	46970	805095700834349	0	564	0x0	0x0	1	1	1	512	1	1	1	_ZN4vllm30reshape_and_cache_flash_kernelI13__nv_bfloat16S1_LNS_18Fp8KVCacheDataTypeE0EEEvPKT_S5_PT0_S7_PKlllllliiiPKfSB_i
0x55cd0090	1	0x61943700	46983	805095700842621	0	564	0x0	0x0	1	1	1	512	1	1	1	_ZN4vllm30reshape_and_cache_flash_kernelI13__nv_bfloat16S1_LNS_18Fp8KVCacheDataTypeE0EEEvPKT_S5_PT0_S7_PKlllllliiiPKfSB_i
0x55cd0090	1	0x61949f00	46996	805095700851341	0	564	0x0	0x0	1	1	1	512	1	1	1	_ZN4vllm30reshape_and_cache_flash_kernelI13__nv_bfloat16S1_LNS_18Fp8KVCacheDataTypeE0EEEvPKT_S5_PT0_S7_PKlllllliiiPKfSB_i
0x55cd0090	1	0x61950700	47009	805095700859581	0	564	0x0	0x0	1	1	1	512	1	1	1	_ZN4vllm30reshape_and_cache_flash_kernelI13__nv_bfloat16S1_LNS_18Fp8KVCacheDataTypeE0EEEvPKT_S5_PT0_S7_PKlllllliiiPKfSB_i
0x55cd0090	1	0x61956f10	47022	805095700868157	0	564	0x0	0x0	1	1	1	512	1	1	1	_ZN4vllm30reshape_and_cache_flash_kernelI13__nv_bfloat16S1_LNS_18Fp8KVCacheDataTypeE0EEEvPKT_S5_PT0_S7_PKlllllliiiPKfSB_i
0x55cd0090	1	0x6195d710	47035	805095700876749	0	564	0x0	0x0	1	1	1	512	1	1	1	_ZN4vllm30reshape_and_cache_flash_kernelI13__nv_bfloat16S1_LNS_18Fp8KVCacheDataTypeE0EEEvPKT_S5_PT0_S7_PKlllllliiiPKfSB_i
0x55cd0090	1	0x61963f10	47048	805095700884877	0	564	0x0	0x0	1	1	1	512	1	1	1	_ZN4vllm30reshape_and_cache_flash_kernelI13__nv_bfloat16S1_LNS_18Fp8KVCacheDataTypeE0EEEvPKT_S5_PT0_S7_PKlllllliiiPKfSB_i
0x55cd0090	1	0x6196a710	47061	805095700892877	0	564	0x0	0x0	1	1	1	512	1	1	1	_ZN4vllm30reshape_and_cache_flash_kernelI13__nv_bfloat16S1_LNS_18Fp8KVCacheDataTypeE0EEEvPKT_S5_PT0_S7_PKlllllliiiPKfSB_i
0x55cd0090	1	0x61970f10	47074	805095700901037	0	564	0x0	0x0	1	1	1	512	1	1	1	_ZN4vllm30reshape_and_cache_flash_kernelI13__nv_bfloat16S1_LNS_18Fp8KVCacheDataTypeE0EEEvPKT_S5_PT0_S7_PKlllllliiiPKfSB_i
0x55cd0090	1	0x61977710	47087	805095700909549	0	564	0x0	0x0	1	1	1	512	1	1	1	_ZN4vllm30reshape_and_cache_flash_kernelI13__nv_bfloat16S1_LNS_18Fp8KVCacheDataTypeE0EEEvPKT_S5_PT0_S7_PKlllllliiiPKfSB_i
0x55cd0090	1	0x6197df10	47100	805095700917805	0	564	0x0	0x0	1	1	1	512	1	1	1	_ZN4vllm30reshape_and_cache_flash_kernelI13__nv_bfloat16S1_LNS_18Fp8KVCacheDataTypeE0EEEvPKT_S5_PT0_S7_PKlllllliiiPKfSB_i
0x55cd0090	1	0x61984710	47113	805095700926333	0	564	0x0	0x0	1	1	1	512	1	1	1	_ZN4vllm30reshape_and_cache_flash_kernelI13__nv_bfloat16S1_LNS_18Fp8KVCacheDataTypeE0EEEvPKT_S5_PT0_S7_PKlllllliiiPKfSB_i
0x55cd0090	1	0x6198af10	47126	805095700934765	0	564	0x0	0x0	1	1	1	512	1	1	1	_ZN4vllm30reshape_and_cache_flash_kernelI13__nv_bfloat16S1_LNS_18Fp8KVCacheDataTypeE0EEEvPKT_S5_PT0_S7_PKlllllliiiPKfSB_i
0x55cd0090	1	0x61991720	47139	805095700943405	0	564	0x0	0x0	1	1	1	512	1	1	1	_ZN4vllm30reshape_and_cache_flash_kernelI13__nv_bfloat16S1_LNS_18Fp8KVCacheDataTypeE0EEEvPKT_S5_PT0_S7_PKlllllliiiPKfSB_i
0x55cd0090	1	0x61997f20	47152	805095700952141	0	564	0x0	0x0	1	1	1	512	1	1	1	_ZN4vllm30reshape_and_cache_flash_kernelI13__nv_bfloat16S1_LNS_18Fp8KVCacheDataTypeE0EEEvPKT_S5_PT0_S7_PKlllllliiiPKfSB_i
0x55cd0090	1	0x6199e720	47165	805095700960717	0	564	0x0	0x0	1	1	1	512	1	1	1	_ZN4vllm30reshape_and_cache_flash_kernelI13__nv_bfloat16S1_LNS_18Fp8KVCacheDataTypeE0EEEvPKT_S5_PT0_S7_PKlllllliiiPKfSB_i
0x55cd0090	1	0x619a4f20	47178	805095700969037	0	564	0x0	0x0	1	1	1	512	1	1	1	_ZN4vllm30reshape_and_cache_flash_kernelI13__nv_bfloat16S1_LNS_18Fp8KVCacheDataTypeE0EEEvPKT_S5_PT0_S7_PKlllllliiiPKfSB_i
0x55cd0090	1	0x619ab720	47191	805095700977901	0	564	0x0	0x0	1	1	1	512	1	1	1	_ZN4vllm30reshape_and_cache_flash_kernelI13__nv_bfloat16S1_LNS_18Fp8KVCacheDataTypeE0EEEvPKT_S5_PT0_S7_PKlllllliiiPKfSB_i
0x55cff6a0	1	0x60ce8a90	43383	805097173929274	0	564	0x0	0x0	8	1	1	512	1	1	8	_ZN4vllm30reshape_and_cache_flash_kernelI13__nv_bfloat16S1_LNS_18Fp8KVCacheDataTypeE0EEEvPKT_S5_PT0_S7_PKlllllliiiPKfSB_i
0x55cff6a0	1	0x60cefa90	43397	805097173958842	0	564	0x0	0x0	8	1	1	512	1	1	8	_ZN4vllm30reshape_and_cache_flash_kernelI13__nv_bfloat16S1_LNS_18Fp8KVCacheDataTypeE0EEEvPKT_S5_PT0_S7_PKlllllliiiPKfSB_i
0x55cff6a0	1	0x60cf6a90	43411	805097173982138	0	564	0x0	0x0	8	1	1	512	1	1	8	_ZN4vllm30reshape_and_cache_flash_kernelI13__nv_bfloat16S1_LNS_18Fp8KVCacheDataTypeE0EEEvPKT_S5_PT0_S7_PKlllllliiiPKfSB_i
0x55cff6a0	1	0x60d0b600	43425	805097174006138	0	564	0x0	0x0	8	1	1	512	1	1	8	_ZN4vllm30reshape_and_cache_flash_kernelI13__nv_bfloat16S1_LNS_18Fp8KVCacheDataTypeE0EEEvPKT_S5_PT0_S7_PKlllllliiiPKfSB_i
0x55cff6a0	1	0x60d12600	43439	805097174022522	0	564	0x0	0x0	8	1	1	512	1	1	8	_ZN4vllm30reshape_and_cache_flash_kernelI13__nv_bfloat16S1_LNS_18Fp8KVCacheDataTypeE0EEEvPKT_S5_PT0_S7_PKlllllliiiPKfSB_i
0x55cff6a0	1	0x60d19600	43453	805097174038570	0	564	0x0	0x0	8	1	1	512	1	1	8	_ZN4vllm30reshape_and_cache_flash_kernelI13__nv_bfloat16S1_LNS_18Fp8KVCacheDataTypeE0EEEvPKT_S5_PT0_S7_PKlllllliiiPKfSB_i
0x55cff6a0	1	0x60d20600	43467	805097174052602	0	564	0x0	0x0	8	1	1	512	1	1	8	_ZN4vllm30reshape_and_cache_flash_kernelI13__nv_bfloat16S1_LNS_18Fp8KVCacheDataTypeE0EEEvPKT_S5_PT0_S7_PKlllllliiiPKfSB_i
0x55cff6a0	1	0x60d27600	43481	805097174070330	0	564	0x0	0x0	8	1	1	512	1	1	8	_ZN4vllm30reshape_and_cache_flash_kernelI13__nv_bfloat16S1_LNS_18Fp8KVCacheDataTypeE0EEEvPKT_S5_PT0_S7_PKlllllliiiPKfSB_i
0x55cff6a0	1	0x60d2e600	43495	805097174086554	0	564	0x0	0x0	8	1	1	512	1	1	8	_ZN4vllm30reshape_and_cache_flash_kernelI13__nv_bfloat16S1_LNS_18Fp8KVCacheDataTypeE0EEEvPKT_S5_PT0_S7_PKlllllliiiPKfSB_i
0x55cff6a0	1	0x60d35600	43509	805097174100330	0	564	0x0	0x0	8	1	1	512	1	1	8	_ZN4vllm30reshape_and_cache_flash_kernelI13__nv_bfloat16S1_LNS_18Fp8KVCacheDataTypeE0EEEvPKT_S5_PT0_S7_PKlllllliiiPKfSB_i
0x55cff6a0	1	0x60d3c600	43523	805097174114682	0	564	0x0	0x0	8	1	1	512	1	1	8	_ZN4vllm30reshape_and_cache_flash_kernelI13__nv_bfloat16S1_LNS_18Fp8KVCacheDataTypeE0EEEvPKT_S5_PT0_S7_PKlllllliiiPKfSB_i
0x55cff6a0	1	0x60d43600	43537	805097174127674	0	564	0x0	0x0	8	1	1	512	1	1	8	_ZN4vllm30reshape_and_cache_flash_kernelI13__nv_bfloat16S1_LNS_18Fp8KVCacheDataTypeE0EEEvPKT_S5_PT0_S7_PKlllllliiiPKfSB_i
0x55cff6a0	1	0x60d4a610	43551	805097174141018	0	564	0x0	0x0	8	1	1	512	1	1	8	_ZN4vllm30reshape_and_cache_flash_kernelI13__nv_bfloat16S1_LNS_18Fp8KVCacheDataTypeE0EEEvPKT_S5_PT0_S7_PKlllllliiiPKfSB_i
0x55cff6a0	1	0x60d51610	43565	805097174155386	0	564	0x0	0x0	8	1	1	512	1	1	8	_ZN4vllm30reshape_and_cache_flash_kernelI13__nv_bfloat16S1_LNS_18Fp8KVCacheDataTypeE0EEEvPKT_S5_PT0_S7_PKlllllliiiPKfSB_i
0x55cff6a0	1	0x60d58610	43579	805097174186442	0	564	0x0	0x0	8	1	1	512	1	1	8	_ZN4vllm30reshape_and_cache_flash_kernelI13__nv_bfloat16S1_LNS_18Fp8KVCacheDataTypeE0EEEvPKT_S5_PT0_S7_PKlllllliiiPKfSB_i
0x55cff6a0	1	0x60d5f610	43593	805097174203898	0	564	0x0	0x0	8	1	1	512	1	1	8	_ZN4vllm30reshape_and_cache_flash_kernelI13__nv_bfloat16S1_LNS_18Fp8KVCacheDataTypeE0EEEvPKT_S5_PT0_S7_PKlllllliiiPKfSB_i
0x55cff6a0	1	0x60d66610	43607	805097174215962	0	564	0x0	0x0	8	1	1	512	1	1	8	_ZN4vllm30reshape_and_cache_flash_kernelI13__nv_bfloat16S1_LNS_18Fp8KVCacheDataTypeE0EEEvPKT_S5_PT0_S7_PKlllllliiiPKfSB_i
0x55cff6a0	1	0x60d6d610	43621	805097174231930	0	564	0x0	0x0	8	1	1	512	1	1	8	_ZN4vllm30reshape_and_cache_flash_kernelI13__nv_bfloat16S1_LNS_18Fp8KVCacheDataTypeE0EEEvPKT_S5_PT0_S7_PKlllllliiiPKfSB_i
0x55cff6a0	1	0x60d74610	43635	805097174245738	0	564	0x0	0x0	8	1	1	512	1	1	8	_ZN4vllm30reshape_and_cache_flash_kernelI13__nv_bfloat16S1_LNS_18Fp8KVCacheDataTypeE0EEEvPKT_S5_PT0_S7_PKlllllliiiPKfSB_i
0x55cff6a0	1	0x60d7b610	43649	805097174256298	0	564	0x0	0x0	8	1	1	512	1	1	8	_ZN4vllm30reshape_and_cache_flash_kernelI13__nv_bfloat16S1_LNS_18Fp8KVCacheDataTypeE0EEEvPKT_S5_PT0_S7_PKlllllliiiPKfSB_i
0x55cff6a0	1	0x60d82610	43663	805097174267706	0	564	0x0	0x0	8	1	1	512	1	1	8	_ZN4vllm30reshape_and_cache_flash_kernelI13__nv_bfloat16S1_LNS_18Fp8KVCacheDataTypeE0EEEvPKT_S5_PT0_S7_PKlllllliiiPKfSB_i
0x55cff6a0	1	0x60d89620	43677	805097174278890	0	564	0x0	0x0	8	1	1	512	1	1	8	_ZN4vllm30reshape_and_cache_flash_kernelI13__nv_bfloat16S1_LNS_18Fp8KVCacheDataTypeE0EEEvPKT_S5_PT0_S7_PKlllllliiiPKfSB_i
0x55cff6a0	1	0x60d90620	43691	805097174289433	0	564	0x0	0x0	8	1	1	512	1	1	8	_ZN4vllm30reshape_and_cache_flash_kernelI13__nv_bfloat16S1_LNS_18Fp8KVCacheDataTypeE0EEEvPKT_S5_PT0_S7_PKlllllliiiPKfSB_i
0x55cff6a0	1	0x60d97620	43705	805097174300313	0	564	0x0	0x0	8	1	1	512	1	1	8	_ZN4vllm30reshape_and_cache_flash_kernelI13__nv_bfloat16S1_LNS_18Fp8KVCacheDataTypeE0EEEvPKT_S5_PT0_S7_PKlllllliiiPKfSB_i
0x55cff6a0	1	0x60d9e620	43719	805097174315017	0	564	0x0	0x0	8	1	1	512	1	1	8	_ZN4vllm30reshape_and_cache_flash_kernelI13__nv_bfloat16S1_LNS_18Fp8KVCacheDataTypeE0EEEvPKT_S5_PT0_S7_PKlllllliiiPKfSB_i
0x55cff6a0	1	0x60da5620	43733	805097174333577	0	564	0x0	0x0	8	1	1	512	1	1	8	_ZN4vllm30reshape_and_cache_flash_kernelI13__nv_bfloat16S1_LNS_18Fp8KVCacheDataTypeE0EEEvPKT_S5_PT0_S7_PKlllllliiiPKfSB_i
0x55cff6a0	1	0x60dac620	43747	805097174344873	0	564	0x0	0x0	8	1	1	512	1	1	8	_ZN4vllm30reshape_and_cache_flash_kernelI13__nv_bfloat16S1_LNS_18Fp8KVCacheDataTypeE0EEEvPKT_S5_PT0_S7_PKlllllliiiPKfSB_i
0x55cff6a0	1	0x60db3620	43761	805097174356585	0	564	0x0	0x0	8	1	1	512	1	1	8	_ZN4vllm30reshape_and_cache_flash_kernelI13__nv_bfloat16S1_LNS_18Fp8KVCacheDataTypeE0EEEvPKT_S5_PT0_S7_PKlllllliiiPKfSB_i
0x55cff6a0	1	0x60dba620	43775	805097174366169	0	564	0x0	0x0	8	1	1	512	1	1	8	_ZN4vllm30reshape_and_cache_flash_kernelI13__nv_bfloat16S1_LNS_18Fp8KVCacheDataTypeE0EEEvPKT_S5_PT0_S7_PKlllllliiiPKfSB_i
0x55cff6a0	1	0x60dc1620	43789	805097174376761	0	564	0x0	0x0	8	1	1	512	1	1	8	_ZN4vllm30reshape_and_cache_flash_kernelI13__nv_bfloat16S1_LNS_18Fp8KVCacheDataTypeE0EEEvPKT_S5_PT0_S7_PKlllllliiiPKfSB_i
0x55cff6a0	1	0x60dc8630	43803	805097174388153	0	564	0x0	0x0	8	1	1	512	1	1	8	_ZN4vllm30reshape_and_cache_flash_kernelI13__nv_bfloat16S1_LNS_18Fp8KVCacheDataTypeE0EEEvPKT_S5_PT0_S7_PKlllllliiiPKfSB_i
0x55cff6a0	1	0x60dcf630	43817	805097174402921	0	564	0x0	0x0	8	1	1	512	1	1	8	_ZN4vllm30reshape_and_cache_flash_kernelI13__nv_bfloat16S1_LNS_18Fp8KVCacheDataTypeE0EEEvPKT_S5_PT0_S7_PKlllllliiiPKfSB_i
0x55cff6a0	1	0x60dd6630	43831	805097174415721	0	564	0x0	0x0	8	1	1	512	1	1	8	_ZN4vllm30reshape_and_cache_flash_kernelI13__nv_bfloat16S1_LNS_18Fp8KVCacheDataTypeE0EEEvPKT_S5_PT0_S7_PKlllllliiiPKfSB_i
0x55cff6a0	1	0x60ddd630	43845	805097174430201	0	564	0x0	0x0	8	1	1	512	1	1	8	_ZN4vllm30reshape_and_cache_flash_kernelI13__nv_bfloat16S1_LNS_18Fp8KVCacheDataTypeE0EEEvPKT_S5_PT0_S7_PKlllllliiiPKfSB_i
0x55cff6a0	1	0x60de4630	43859	805097174446505	0	564	0x0	0x0	8	1	1	512	1	1	8	_ZN4vllm30reshape_and_cache_flash_kernelI13__nv_bfloat16S1_LNS_18Fp8KVCacheDataTypeE0EEEvPKT_S5_PT0_S7_PKlllllliiiPKfSB_i
0x55cff6a0	1	0x60deb630	43873	805097174460569	0	564	0x0	0x0	8	1	1	512	1	1	8	_ZN4vllm30reshape_and_cache_flash_kernelI13__nv_bfloat16S1_LNS_18Fp8KVCacheDataTypeE0EEEvPKT_S5_PT0_S7_PKlllllliiiPKfSB_i
0x55cff6a0	1	0x60df2630	43887	805097174472377	0	564	0x0	0x0	8	1	1	512	1	1	8	_ZN4vllm30reshape_and_cache_flash_kernelI13__nv_bfloat16S1_LNS_18Fp8KVCacheDataTypeE0EEEvPKT_S5_PT0_S7_PKlllllliiiPKfSB_i
0x55cff6a0	1	0x60df9630	43901	805097174484105	0	564	0x0	0x0	8	1	1	512	1	1	8	_ZN4vllm30reshape_and_cache_flash_kernelI13__nv_bfloat16S1_LNS_18Fp8KVCacheDataTypeE0EEEvPKT_S5_PT0_S7_PKlllllliiiPKfSB_i
0x55cff6a0	1	0x60e00630	43915	805097174494969	0	564	0x0	0x0	8	1	1	512	1	1	8	_ZN4vllm30reshape_and_cache_flash_kernelI13__nv_bfloat16S1_LNS_18Fp8KVCacheDataTypeE0EEEvPKT_S5_PT0_S7_PKlllllliiiPKfSB_i
0x55cff6a0	1	0x60e07640	43929	805097174508169	0	564	0x0	0x0	8	1	1	512	1	1	8	_ZN4vllm30reshape_and_cache_flash_kernelI13__nv_bfloat16S1_LNS_18Fp8KVCacheDataTypeE0EEEvPKT_S5_PT0_S7_PKlllllliiiPKfSB_i
0x55cff6a0	2	0x60ce8a90	43383	805097296765847	0	564	0x0	0x0	8	1	1	512	1	1	8	_ZN4vllm30reshape_and_cache_flash_kernelI13__nv_bfloat16S1_LNS_18Fp8KVCacheDataTypeE0EEEvPKT_S5_PT0_S7_PKlllllliiiPKfSB_i
0x55cff6a0	2	0x60cefa90	43397	805097296811399	0	564	0x0	0x0	8	1	1	512	1	1	8	_ZN4vllm30reshape_and_cache_flash_kernelI13__nv_bfloat16S1_LNS_18Fp8KVCacheDataTypeE0EEEvPKT_S5_PT0_S7_PKlllllliiiPKfSB_i
0x55cff6a0	2	0x60cf6a90	43411	805097296837607	0	564	0x0	0x0	8	1	1	512	1	1	8	_ZN4vllm30reshape_and_cache_flash_kernelI13__nv_bfloat16S1_LNS_18Fp8KVCacheDataTypeE0EEEvPKT_S5_PT0_S7_PKlllllliiiPKfSB_i
0x55cff6a0	2	0x60d0b600	43425	805097296863383	0	564	0x0	0x0	8	1	1	512	1	1	8	_ZN4vllm30reshape_and_cache_flash_kernelI13__nv_bfloat16S1_LNS_18Fp8KVCacheDataTypeE0EEEvPKT_S5_PT0_S7_PKlllllliiiPKfSB_i
0x55cff6a0	2	0x60d12600	43439	805097296881063	0	564	0x0	0x0	8	1	1	512	1	1	8	_ZN4vllm30reshape_and_cache_flash_kernelI13__nv_bfloat16S1_LNS_18Fp8KVCacheDataTypeE0EEEvPKT_S5_PT0_S7_PKlllllliiiPKfSB_i
0x55cff6a0	2	0x60d19600	43453	805097296897351	0	564	0x0	0x0	8	1	1	512	1	1	8	_ZN4vllm30reshape_and_cache_flash_kernelI13__nv_bfloat16S1_LNS_18Fp8KVCacheDataTypeE0EEEvPKT_S5_PT0_S7_PKlllllliiiPKfSB_i
0x55cff6a0	2	0x60d20600	43467	805097296912615	0	564	0x0	0x0	8	1	1	512	1	1	8	_ZN4vllm30reshape_and_cache_flash_kernelI13__nv_bfloat16S1_LNS_18Fp8KVCacheDataTypeE0EEEvPKT_S5_PT0_S7_PKlllllliiiPKfSB_i
0x55cff6a0	2	0x60d27600	43481	805097296930535	0	564	0x0	0x0	8	1	1	512	1	1	8	_ZN4vllm30reshape_and_cache_flash_kernelI13__nv_bfloat16S1_LNS_18Fp8KVCacheDataTypeE0EEEvPKT_S5_PT0_S7_PKlllllliiiPKfSB_i
0x55cff6a0	2	0x60d2e600	43495	805097296944087	0	564	0x0	0x0	8	1	1	512	1	1	8	_ZN4vllm30reshape_and_cache_flash_kernelI13__nv_bfloat16S1_LNS_18Fp8KVCacheDataTypeE0EEEvPKT_S5_PT0_S7_PKlllllliiiPKfSB_i
0x55cff6a0	2	0x60d35600	43509	805097296955495	0	564	0x0	0x0	8	1	1	512	1	1	8	_ZN4vllm30reshape_and_cache_flash_kernelI13__nv_bfloat16S1_LNS_18Fp8KVCacheDataTypeE0EEEvPKT_S5_PT0_S7_PKlllllliiiPKfSB_i
0x55cff6a0	2	0x60d3c600	43523	805097296967351	0	564	0x0	0x0	8	1	1	512	1	1	8	_ZN4vllm30reshape_and_cache_flash_kernelI13__nv_bfloat16S1_LNS_18Fp8KVCacheDataTypeE0EEEvPKT_S5_PT0_S7_PKlllllliiiPKfSB_i
0x55cff6a0	2	0x60d43600	43537	805097296979175	0	564	0x0	0x0	8	1	1	512	1	1	8	_ZN4vllm30reshape_and_cache_flash_kernelI13__nv_bfloat16S1_LNS_18Fp8KVCacheDataTypeE0EEEvPKT_S5_PT0_S7_PKlllllliiiPKfSB_i
0x55cff6a0	2	0x60d4a610	43551	805097296989687	0	564	0x0	0x0	8	1	1	512	1	1	8	_ZN4vllm30reshape_and_cache_flash_kernelI13__nv_bfloat16S1_LNS_18Fp8KVCacheDataTypeE0EEEvPKT_S5_PT0_S7_PKlllllliiiPKfSB_i
0x55cff6a0	2	0x60d51610	43565	805097297006422	0	564	0x0	0x0	8	1	1	512	1	1	8	_ZN4vllm30reshape_and_cache_flash_kernelI13__nv_bfloat16S1_LNS_18Fp8KVCacheDataTypeE0EEEvPKT_S5_PT0_S7_PKlllllliiiPKfSB_i
0x55cff6a0	2	0x60d58610	43579	805097297021622	0	564	0x0	0x0	8	1	1	512	1	1	8	_ZN4vllm30reshape_and_cache_flash_kernelI13__nv_bfloat16S1_LNS_18Fp8KVCacheDataTypeE0EEEvPKT_S5_PT0_S7_PKlllllliiiPKfSB_i
0x55cff6a0	2	0x60d5f610	43593	805097297037782	0	564	0x0	0x0	8	1	1	512	1	1	8	_ZN4vllm30reshape_and_cache_flash_kernelI13__nv_bfloat16S1_LNS_18Fp8KVCacheDataTypeE0EEEvPKT_S5_PT0_S7_PKlllllliiiPKfSB_i
0x55cff6a0	2	0x60d66610	43607	805097297051782	0	564	0x0	0x0	8	1	1	512	1	1	8	_ZN4vllm30reshape_and_cache_flash_kernelI13__nv_bfloat16S1_LNS_18Fp8KVCacheDataTypeE0EEEvPKT_S5_PT0_S7_PKlllllliiiPKfSB_i
0x55cff6a0	2	0x60d6d610	43621	805097297093334	0	564	0x0	0x0	8	1	1	512	1	1	8	_ZN4vllm30reshape_and_cache_flash_kernelI13__nv_bfloat16S1_LNS_18Fp8KVCacheDataTypeE0EEEvPKT_S5_PT0_S7_PKlllllliiiPKfSB_i
0x55cff6a0	2	0x60d74610	43635	805097297113078	0	564	0x0	0x0	8	1	1	512	1	1	8	_ZN4vllm30reshape_and_cache_flash_kernelI13__nv_bfloat16S1_LNS_18Fp8KVCacheDataTypeE0EEEvPKT_S5_PT0_S7_PKlllllliiiPKfSB_i
0x55cff6a0	2	0x60d7b610	43649	805097297124246	0	564	0x0	0x0	8	1	1	512	1	1	8	_ZN4vllm30reshape_and_cache_flash_kernelI13__nv_bfloat16S1_LNS_18Fp8KVCacheDataTypeE0EEEvPKT_S5_PT0_S7_PKlllllliiiPKfSB_i
0x55cff6a0	2	0x60d82610	43663	805097297134614	0	564	0x0	0x0	8	1	1	512	1	1	8	_ZN4vllm30reshape_and_cache_flash_kernelI13__nv_bfloat16S1_LNS_18Fp8KVCacheDataTypeE0EEEvPKT_S5_PT0_S7_PKlllllliiiPKfSB_i
0x55cff6a0	2	0x60d89620	43677	805097297145014	0	564	0x0	0x0	8	1	1	512	1	1	8	_ZN4vllm30reshape_and_cache_flash_kernelI13__nv_bfloat16S1_LNS_18Fp8KVCacheDataTypeE0EEEvPKT_S5_PT0_S7_PKlllllliiiPKfSB_i
0x55cff6a0	2	0x60d90620	43691	805097297154950	0	564	0x0	0x0	8	1	1	512	1	1	8	_ZN4vllm30reshape_and_cache_flash_kernelI13__nv_bfloat16S1_LNS_18Fp8KVCacheDataTypeE0EEEvPKT_S5_PT0_S7_PKlllllliiiPKfSB_i
0x55cff6a0	2	0x60d97620	43705	805097297166790	0	564	0x0	0x0	8	1	1	512	1	1	8	_ZN4vllm30reshape_and_cache_flash_kernelI13__nv_bfloat16S1_LNS_18Fp8KVCacheDataTypeE0EEEvPKT_S5_PT0_S7_PKlllllliiiPKfSB_i
0x55cff6a0	2	0x60d9e620	43719	805097297179446	0	564	0x0	0x0	8	1	1	512	1	1	8	_ZN4vllm30reshape_and_cache_flash_kernelI13__nv_bfloat16S1_LNS_18Fp8KVCacheDataTypeE0EEEvPKT_S5_PT0_S7_PKlllllliiiPKfSB_i
0x55cff6a0	2	0x60da5620	43733	805097297194470	0	564	0x0	0x0	8	1	1	512	1	1	8	_ZN4vllm30reshape_and_cache_flash_kernelI13__nv_bfloat16S1_LNS_18Fp8KVCacheDataTypeE0EEEvPKT_S5_PT0_S7_PKlllllliiiPKfSB_i
0x55cff6a0	2	0x60dac620	43747	805097297205942	0	564	0x0	0x0	8	1	1	512	1	1	8	_ZN4vllm30reshape_and_cache_flash_kernelI13__nv_bfloat16S1_LNS_18Fp8KVCacheDataTypeE0EEEvPKT_S5_PT0_S7_PKlllllliiiPKfSB_i
0x55cff6a0	2	0x60db3620	43761	805097297221894	0	564	0x0	0x0	8	1	1	512	1	1	8	_ZN4vllm30reshape_and_cache_flash_kernelI13__nv_bfloat16S1_LNS_18Fp8KVCacheDataTypeE0EEEvPKT_S5_PT0_S7_PKlllllliiiPKfSB_i
0x55cff6a0	2	0x60dba620	43775	805097297234326	0	564	0x0	0x0	8	1	1	512	1	1	8	_ZN4vllm30reshape_and_cache_flash_kernelI13__nv_bfloat16S1_LNS_18Fp8KVCacheDataTypeE0EEEvPKT_S5_PT0_S7_PKlllllliiiPKfSB_i
0x55cff6a0	2	0x60dc1620	43789	805097297247190	0	564	0x0	0x0	8	1	1	512	1	1	8	_ZN4vllm30reshape_and_cache_flash_kernelI13__nv_bfloat16S1_LNS_18Fp8KVCacheDataTypeE0EEEvPKT_S5_PT0_S7_PKlllllliiiPKfSB_i
0x55cff6a0	2	0x60dc8630	43803	805097297261062	0	564	0x0	0x0	8	1	1	512	1	1	8	_ZN4vllm30reshape_and_cache_flash_kernelI13__nv_bfloat16S1_LNS_18Fp8KVCacheDataTypeE0EEEvPKT_S5_PT0_S7_PKlllllliiiPKfSB_i
0x55cff6a0	2	0x60dcf630	43817	805097297275462	0	564	0x0	0x0	8	1	1	512	1	1	8	_ZN4vllm30reshape_and_cache_flash_kernelI13__nv_bfloat16S1_LNS_18Fp8KVCacheDataTypeE0EEEvPKT_S5_PT0_S7_PKlllllliiiPKfSB_i
0x55cff6a0	2	0x60dd6630	43831	805097297286998	0	564	0x0	0x0	8	1	1	512	1	1	8	_ZN4vllm30reshape_and_cache_flash_kernelI13__nv_bfloat16S1_LNS_18Fp8KVCacheDataTypeE0EEEvPKT_S5_PT0_S7_PKlllllliiiPKfSB_i
0x55cff6a0	2	0x60ddd630	43845	805097297301430	0	564	0x0	0x0	8	1	1	512	1	1	8	_ZN4vllm30reshape_and_cache_flash_kernelI13__nv_bfloat16S1_LNS_18Fp8KVCacheDataTypeE0EEEvPKT_S5_PT0_S7_PKlllllliiiPKfSB_i
0x55cff6a0	2	0x60de4630	43859	805097297314214	0	564	0x0	0x0	8	1	1	512	1	1	8	_ZN4vllm30reshape_and_cache_flash_kernelI13__nv_bfloat16S1_LNS_18Fp8KVCacheDataTypeE0EEEvPKT_S5_PT0_S7_PKlllllliiiPKfSB_i
0x55cff6a0	2	0x60deb630	43873	805097297325622	0	564	0x0	0x0	8	1	1	512	1	1	8	_ZN4vllm30reshape_and_cache_flash_kernelI13__nv_bfloat16S1_LNS_18Fp8KVCacheDataTypeE0EEEvPKT_S5_PT0_S7_PKlllllliiiPKfSB_i
0x55cff6a0	2	0x60df2630	43887	805097297335030	0	564	0x0	0x0	8	1	1	512	1	1	8	_ZN4vllm30reshape_and_cache_flash_kernelI13__nv_bfloat16S1_LNS_18Fp8KVCacheDataTypeE0EEEvPKT_S5_PT0_S7_PKlllllliiiPKfSB_i
0x55cff6a0	2	0x60df9630	43901	805097297346022	0	564	0x0	0x0	8	1	1	512	1	1	8	_ZN4vllm30reshape_and_cache_flash_kernelI13__nv_bfloat16S1_LNS_18Fp8KVCacheDataTypeE0EEEvPKT_S5_PT0_S7_PKlllllliiiPKfSB_i
0x55cff6a0	2	0x60e00630	43915	805097297357190	0	564	0x0	0x0	8	1	1	512	1	1	8	_ZN4vllm30reshape_and_cache_flash_kernelI13__nv_bfloat16S1_LNS_18Fp8KVCacheDataTypeE0EEEvPKT_S5_PT0_S7_PKlllllliiiPKfSB_i
0x55cff6a0	2	0x60e07640	43929	805097297370118	0	564	0x0	0x0	8	1	1	512	1	1	8	_ZN4vllm30reshape_and_cache_flash_kernelI13__nv_bfloat16S1_LNS_18Fp8KVCacheDataTypeE0EEEvPKT_S5_PT0_S7_PKlllllliiiPKfSB_i
0x55cff6a0	3	0x60ce8a90	43383	805097418714261	0	564	0x0	0x0	8	1	1	512	1	1	8	_ZN4vllm30reshape_and_cache_flash_kernelI13__nv_bfloat16S1_LNS_18Fp8KVCacheDataTypeE0EEEvPKT_S5_PT0_S7_PKlllllliiiPKfSB_i
0x55cff6a0	3	0x60cefa90	43397	805097418753237	0	564	0x0	0x0	8	1	1	512	1	1	8	_ZN4vllm30reshape_and_cache_flash_kernelI13__nv_bfloat16S1_LNS_18Fp8KVCacheDataTypeE0EEEvPKT_S5_PT0_S7_PKlllllliiiPKfSB_i
0x55cff6a0	3	0x60cf6a90	43411	805097418778245	0	564	0x0	0x0	8	1	1	512	1	1	8	_ZN4vllm30reshape_and_cache_flash_kernelI13__nv_bfloat16S1_LNS_18Fp8KVCacheDataTypeE0EEEvPKT_S5_PT0_S7_PKlllllliiiPKfSB_i
0x55cff6a0	3	0x60d0b600	43425	805097418800661	0	564	0x0	0x0	8	1	1	512	1	1	8	_ZN4vllm30reshape_and_cache_flash_kernelI13__nv_bfloat16S1_LNS_18Fp8KVCacheDataTypeE0EEEvPKT_S5_PT0_S7_PKlllllliiiPKfSB_i
0x55cff6a0	3	0x60d12600	43439	805097418812805	0	564	0x0	0x0	8	1	1	512	1	1	8	_ZN4vllm30reshape_and_cache_flash_kernelI13__nv_bfloat16S1_LNS_18Fp8KVCacheDataTypeE0EEEvPKT_S5_PT0_S7_PKlllllliiiPKfSB_i
0x55cff6a0	3	0x60d19600	43453	805097418825093	0	564	0x0	0x0	8	1	1	512	1	1	8	_ZN4vllm30reshape_and_cache_flash_kernelI13__nv_bfloat16S1_LNS_18Fp8KVCacheDataTypeE0EEEvPKT_S5_PT0_S7_PKlllllliiiPKfSB_i
0x55cff6a0	3	0x60d20600	43467	805097418836453	0	564	0x0	0x0	8	1	1	512	1	1	8	_ZN4vllm30reshape_and_cache_flash_kernelI13__nv_bfloat16S1_LNS_18Fp8KVCacheDataTypeE0EEEvPKT_S5_PT0_S7_PKlllllliiiPKfSB_i
0x55cff6a0	3	0x60d27600	43481	805097418848485	0	564	0x0	0x0	8	1	1	512	1	1	8	_ZN4vllm30reshape_and_cache_flash_kernelI13__nv_bfloat16S1_LNS_18Fp8KVCacheDataTypeE0EEEvPKT_S5_PT0_S7_PKlllllliiiPKfSB_i
0x55cff6a0	3	0x60d2e600	43495	805097418861765	0	564	0x0	0x0	8	1	1	512	1	1	8	_ZN4vllm30reshape_and_cache_flash_kernelI13__nv_bfloat16S1_LNS_18Fp8KVCacheDataTypeE0EEEvPKT_S5_PT0_S7_PKlllllliiiPKfSB_i
0x55cff6a0	3	0x60d35600	43509	805097418873509	0	564	0x0	0x0	8	1	1	512	1	1	8	_ZN4vllm30reshape_and_cache_flash_kernelI13__nv_bfloat16S1_LNS_18Fp8KVCacheDataTypeE0EEEvPKT_S5_PT0_S7_PKlllllliiiPKfSB_i
0x55cff6a0	3	0x60d3c600	43523	805097418885189	0	564	0x0	0x0	8	1	1	512	1	1	8	_ZN4vllm30reshape_and_cache_flash_kernelI13__nv_bfloat16S1_LNS_18Fp8KVCacheDataTypeE0EEEvPKT_S5_PT0_S7_PKlllllliiiPKfSB_i
0x55cff6a0	3	0x60d43600	43537	805097418895813	0	564	0x0	0x0	8	1	1	512	1	1	8	_ZN4vllm30reshape_and_cache_flash_kernelI13__nv_bfloat16S1_LNS_18Fp8KVCacheDataTypeE0EEEvPKT_S5_PT0_S7_PKlllllliiiPKfSB_i
0x55cff6a0	3	0x60d4a610	43551	805097418906277	0	564	0x0	0x0	8	1	1	512	1	1	8	_ZN4vllm30reshape_and_cache_flash_kernelI13__nv_bfloat16S1_LNS_18Fp8KVCacheDataTypeE0EEEvPKT_S5_PT0_S7_PKlllllliiiPKfSB_i
0x55cff6a0	3	0x60d51610	43565	805097418917845	0	564	0x0	0x0	8	1	1	512	1	1	8	_ZN4vllm30reshape_and_cache_flash_kernelI13__nv_bfloat16S1_LNS_18Fp8KVCacheDataTypeE0EEEvPKT_S5_PT0_S7_PKlllllliiiPKfSB_i
0x55cff6a0	3	0x60d58610	43579	805097418928565	0	564	0x0	0x0	8	1	1	512	1	1	8	_ZN4vllm30reshape_and_cache_flash_kernelI13__nv_bfloat16S1_LNS_18Fp8KVCacheDataTypeE0EEEvPKT_S5_PT0_S7_PKlllllliiiPKfSB_i
0x55cff6a0	3	0x60d5f610	43593	805097418941205	0	564	0x0	0x0	8	1	1	512	1	1	8	_ZN4vllm30reshape_and_cache_flash_kernelI13__nv_bfloat16S1_LNS_18Fp8KVCacheDataTypeE0EEEvPKT_S5_PT0_S7_PKlllllliiiPKfSB_i
0x55cff6a0	3	0x60d66610	43607	805097418954341	0	564	0x0	0x0	8	1	1	512	1	1	8	_ZN4vllm30reshape_and_cache_flash_kernelI13__nv_bfloat16S1_LNS_18Fp8KVCacheDataTypeE0EEEvPKT_S5_PT0_S7_PKlllllliiiPKfSB_i
0x55cff6a0	3	0x60d6d610	43621	805097418965317	0	564	0x0	0x0	8	1	1	512	1	1	8	_ZN4vllm30reshape_and_cache_flash_kernelI13__nv_bfloat16S1_LNS_18Fp8KVCacheDataTypeE0EEEvPKT_S5_PT0_S7_PKlllllliiiPKfSB_i
0x55cff6a0	3	0x60d74610	43635	805097418976197	0	564	0x0	0x0	8	1	1	512	1	1	8	_ZN4vllm30reshape_and_cache_flash_kernelI13__nv_bfloat16S1_LNS_18Fp8KVCacheDataTypeE0EEEvPKT_S5_PT0_S7_PKlllllliiiPKfSB_i
0x55cff6a0	3	0x60d7b610	43649	805097419028229	0	564	0x0	0x0	8	1	1	512	1	1	8	_ZN4vllm30reshape_and_cache_flash_kernelI13__nv_bfloat16S1_LNS_18Fp8KVCacheDataTypeE0EEEvPKT_S5_PT0_S7_PKlllllliiiPKfSB_i
0x55cff6a0	3	0x60d82610	43663	805097419044517	0	564	0x0	0x0	8	1	1	512	1	1	8	_ZN4vllm30reshape_and_cache_flash_kernelI13__nv_bfloat16S1_LNS_18Fp8KVCacheDataTypeE0EEEvPKT_S5_PT0_S7_PKlllllliiiPKfSB_i
0x55cff6a0	3	0x60d89620	43677	805097419058949	0	564	0x0	0x0	8	1	1	512	1	1	8	_ZN4vllm30reshape_and_cache_flash_kernelI13__nv_bfloat16S1_LNS_18Fp8KVCacheDataTypeE0EEEvPKT_S5_PT0_S7_PKlllllliiiPKfSB_i
0x55cff6a0	3	0x60d90620	43691	805097419071429	0	564	0x0	0x0	8	1	1	512	1	1	8	_ZN4vllm30reshape_and_cache_flash_kernelI13__nv_bfloat16S1_LNS_18Fp8KVCacheDataTypeE0EEEvPKT_S5_PT0_S7_PKlllllliiiPKfSB_i
0x55cff6a0	3	0x60d97620	43705	805097419087045	0	564	0x0	0x0	8	1	1	512	1	1	8	_ZN4vllm30reshape_and_cache_flash_kernelI13__nv_bfloat16S1_LNS_18Fp8KVCacheDataTypeE0EEEvPKT_S5_PT0_S7_PKlllllliiiPKfSB_i
0x55cff6a0	3	0x60d9e620	43719	805097419101525	0	564	0x0	0x0	8	1	1	512	1	1	8	_ZN4vllm30reshape_and_cache_flash_kernelI13__nv_bfloat16S1_LNS_18Fp8KVCacheDataTypeE0EEEvPKT_S5_PT0_S7_PKlllllliiiPKfSB_i
0x55cff6a0	3	0x60da5620	43733	805097419118933	0	564	0x0	0x0	8	1	1	512	1	1	8	_ZN4vllm30reshape_and_cache_flash_kernelI13__nv_bfloat16S1_LNS_18Fp8KVCacheDataTypeE0EEEvPKT_S5_PT0_S7_PKlllllliiiPKfSB_i
0x55cff6a0	3	0x60dac620	43747	805097419129365	0	564	0x0	0x0	8	1	1	512	1	1	8	_ZN4vllm30reshape_and_cache_flash_kernelI13__nv_bfloat16S1_LNS_18Fp8KVCacheDataTypeE0EEEvPKT_S5_PT0_S7_PKlllllliiiPKfSB_i
0x55cff6a0	3	0x60db3620	43761	805097419140725	0	564	0x0	0x0	8	1	1	512	1	1	8	_ZN4vllm30reshape_and_cache_flash_kernelI13__nv_bfloat16S1_LNS_18Fp8KVCacheDataTypeE0EEEvPKT_S5_PT0_S7_PKlllllliiiPKfSB_i
0x55cff6a0	3	0x60dba620	43775	805097419151669	0	564	0x0	0x0	8	1	1	512	1	1	8	_ZN4vllm30reshape_and_cache_flash_kernelI13__nv_bfloat16S1_LNS_18Fp8KVCacheDataTypeE0EEEvPKT_S5_PT0_S7_PKlllllliiiPKfSB_i
0x55cff6a0	3	0x60dc1620	43789	805097419161013	0	564	0x0	0x0	8	1	1	512	1	1	8	_ZN4vllm30reshape_and_cache_flash_kernelI13__nv_bfloat16S1_LNS_18Fp8KVCacheDataTypeE0EEEvPKT_S5_PT0_S7_PKlllllliiiPKfSB_i
0x55cff6a0	3	0x60dc8630	43803	805097419169957	0	564	0x0	0x0	8	1	1	512	1	1	8	_ZN4vllm30reshape_and_cache_flash_kernelI13__nv_bfloat16S1_LNS_18Fp8KVCacheDataTypeE0EEEvPKT_S5_PT0_S7_PKlllllliiiPKfSB_i
0x55cff6a0	3	0x60dcf630	43817	805097419179637	0	564	0x0	0x0	8	1	1	512	1	1	8	_ZN4vllm30reshape_and_cache_flash_kernelI13__nv_bfloat16S1_LNS_18Fp8KVCacheDataTypeE0EEEvPKT_S5_PT0_S7_PKlllllliiiPKfSB_i
0x55cff6a0	3	0x60dd6630	43831	805097419188853	0	564	0x0	0x0	8	1	1	512	1	1	8	_ZN4vllm30reshape_and_cache_flash_kernelI13__nv_bfloat16S1_LNS_18Fp8KVCacheDataTypeE0EEEvPKT_S5_PT0_S7_PKlllllliiiPKfSB_i
0x55cff6a0	3	0x60ddd630	43845	805097419200260	0	564	0x0	0x0	8	1	1	512	1	1	8	_ZN4vllm30reshape_and_cache_flash_kernelI13__nv_bfloat16S1_LNS_18Fp8KVCacheDataTypeE0EEEvPKT_S5_PT0_S7_PKlllllliiiPKfSB_i
0x55cff6a0	3	0x60de4630	43859	805097419213956	0	564	0x0	0x0	8	1	1	512	1	1	8	_ZN4vllm30reshape_and_cache_flash_kernelI13__nv_bfloat16S1_LNS_18Fp8KVCacheDataTypeE0EEEvPKT_S5_PT0_S7_PKlllllliiiPKfSB_i
0x55cff6a0	3	0x60deb630	43873	805097419225636	0	564	0x0	0x0	8	1	1	512	1	1	8	_ZN4vllm30reshape_and_cache_flash_kernelI13__nv_bfloat16S1_LNS_18Fp8KVCacheDataTypeE0EEEvPKT_S5_PT0_S7_PKlllllliiiPKfSB_i
0x55cff6a0	3	0x60df2630	43887	805097419236004	0	564	0x0	0x0	8	1	1	512	1	1	8	_ZN4vllm30reshape_and_cache_flash_kernelI13__nv_bfloat16S1_LNS_18Fp8KVCacheDataTypeE0EEEvPKT_S5_PT0_S7_PKlllllliiiPKfSB_i
0x55cff6a0	3	0x60df9630	43901	805097419247604	0	564	0x0	0x0	8	1	1	512	1	1	8	_ZN4vllm30reshape_and_cache_flash_kernelI13__nv_bfloat16S1_LNS_18Fp8KVCacheDataTypeE0EEEvPKT_S5_PT0_S7_PKlllllliiiPKfSB_i
0x55cff6a0	3	0x60e00630	43915	805097419258148	0	564	0x0	0x0	8	1	1	512	1	1	8	_ZN4vllm30reshape_and_cache_flash_kernelI13__nv_bfloat16S1_LNS_18Fp8KVCacheDataTypeE0EEEvPKT_S5_PT0_S7_PKlllllliiiPKfSB_i
0x55cff6a0	3	0x60e07640	43929	805097419273604	0	564	0x0	0x0	8	1	1	512	1	1	8	_ZN4vllm30reshape_and_cache_flash_kernelI13__nv_bfloat16S1_LNS_18Fp8KVCacheDataTypeE0EEEvPKT_S5_PT0_S7_PKlllllliiiPKfSB_i
0x55cff6a0	4	0x60ce8a90	43383	805097541321363	0	564	0x0	0x0	8	1	1	512	1	1	8	_ZN4vllm30reshape_and_cache_flash_kernelI13__nv_bfloat16S1_LNS_18Fp8KVCacheDataTypeE0EEEvPKT_S5_PT0_S7_PKlllllliiiPKfSB_i
0x55cff6a0	4	0x60cefa90	43397	805097541368195	0	564	0x0	0x0	8	1	1	512	1	1	8	_ZN4vllm30reshape_and_cache_flash_kernelI13__nv_bfloat16S1_LNS_18Fp8KVCacheDataTypeE0EEEvPKT_S5_PT0_S7_PKlllllliiiPKfSB_i
0x55cff6a0	4	0x60cf6a90	43411	805097541396003	0	564	0x0	0x0	8	1	1	512	1	1	8	_ZN4vllm30reshape_and_cache_flash_kernelI13__nv_bfloat16S1_LNS_18Fp8KVCacheDataTypeE0EEEvPKT_S5_PT0_S7_PKlllllliiiPKfSB_i
0x55cff6a0	4	0x60d0b600	43425	805097541418402	0	564	0x0	0x0	8	1	1	512	1	1	8	_ZN4vllm30reshape_and_cache_flash_kernelI13__nv_bfloat16S1_LNS_18Fp8KVCacheDataTypeE0EEEvPKT_S5_PT0_S7_PKlllllliiiPKfSB_i
0x55cff6a0	4	0x60d12600	43439	805097541433586	0	564	0x0	0x0	8	1	1	512	1	1	8	_ZN4vllm30reshape_and_cache_flash_kernelI13__nv_bfloat16S1_LNS_18Fp8KVCacheDataTypeE0EEEvPKT_S5_PT0_S7_PKlllllliiiPKfSB_i
0x55cff6a0	4	0x60d19600	43453	805097541445106	0	564	0x0	0x0	8	1	1	512	1	1	8	_ZN4vllm30reshape_and_cache_flash_kernelI13__nv_bfloat16S1_LNS_18Fp8KVCacheDataTypeE0EEEvPKT_S5_PT0_S7_PKlllllliiiPKfSB_i
0x55cff6a0	4	0x60d20600	43467	805097541457074	0	564	0x0	0x0	8	1	1	512	1	1	8	_ZN4vllm30reshape_and_cache_flash_kernelI13__nv_bfloat16S1_LNS_18Fp8KVCacheDataTypeE0EEEvPKT_S5_PT0_S7_PKlllllliiiPKfSB_i
0x55cff6a0	4	0x60d27600	43481	805097541468034	0	564	0x0	0x0	8	1	1	512	1	1	8	_ZN4vllm30reshape_and_cache_flash_kernelI13__nv_bfloat16S1_LNS_18Fp8KVCacheDataTypeE0EEEvPKT_S5_PT0_S7_PKlllllliiiPKfSB_i
0x55cff6a0	4	0x60d2e600	43495	805097541478626	0	564	0x0	0x0	8	1	1	512	1	1	8	_ZN4vllm30reshape_and_cache_flash_kernelI13__nv_bfloat16S1_LNS_18Fp8KVCacheDataTypeE0EEEvPKT_S5_PT0_S7_PKlllllliiiPKfSB_i
0x55cff6a0	4	0x60d35600	43509	805097541489842	0	564	0x0	0x0	8	1	1	512	1	1	8	_ZN4vllm30reshape_and_cache_flash_kernelI13__nv_bfloat16S1_LNS_18Fp8KVCacheDataTypeE0EEEvPKT_S5_PT0_S7_PKlllllliiiPKfSB_i
0x55cff6a0	4	0x60d3c600	43523	805097541502498	0	564	0x0	0x0	8	1	1	512	1	1	8	_ZN4vllm30reshape_and_cache_flash_kernelI13__nv_bfloat16S1_LNS_18Fp8KVCacheDataTypeE0EEEvPKT_S5_PT0_S7_PKlllllliiiPKfSB_i
0x55cff6a0	4	0x60d43600	43537	805097541515010	0	564	0x0	0x0	8	1	1	512	1	1	8	_ZN4vllm30reshape_and_cache_flash_kernelI13__nv_bfloat16S1_LNS_18Fp8KVCacheDataTypeE0EEEvPKT_S5_PT0_S7_PKlllllliiiPKfSB_i
0x55cff6a0	4	0x60d4a610	43551	805097541527570	0	564	0x0	0x0	8	1	1	512	1	1	8	_ZN4vllm30reshape_and_cache_flash_kernelI13__nv_bfloat16S1_LNS_18Fp8KVCacheDataTypeE0EEEvPKT_S5_PT0_S7_PKlllllliiiPKfSB_i
0x55cff6a0	4	0x60d51610	43565	805097541542114	0	564	0x0	0x0	8	1	1	512	1	1	8	_ZN4vllm30reshape_and_cache_flash_kernelI13__nv_bfloat16S1_LNS_18Fp8KVCacheDataTypeE0EEEvPKT_S5_PT0_S7_PKlllllliiiPKfSB_i
0x55cff6a0	4	0x60d58610	43579	805097541554866	0	564	0x0	0x0	8	1	1	512	1	1	8	_ZN4vllm30reshape_and_cache_flash_kernelI13__nv_bfloat16S1_LNS_18Fp8KVCacheDataTypeE0EEEvPKT_S5_PT0_S7_PKlllllliiiPKfSB_i
0x55cff6a0	4	0x60d5f610	43593	805097541568162	0	564	0x0	0x0	8	1	1	512	1	1	8	_ZN4vllm30reshape_and_cache_flash_kernelI13__nv_bfloat16S1_LNS_18Fp8KVCacheDataTypeE0EEEvPKT_S5_PT0_S7_PKlllllliiiPKfSB_i
0x55cff6a0	4	0x60d66610	43607	805097541579682	0	564	0x0	0x0	8	1	1	512	1	1	8	_ZN4vllm30reshape_and_cache_flash_kernelI13__nv_bfloat16S1_LNS_18Fp8KVCacheDataTypeE0EEEvPKT_S5_PT0_S7_PKlllllliiiPKfSB_i
0x55cff6a0	4	0x60d6d610	43621	805097541590914	0	564	0x0	0x0	8	1	1	512	1	1	8	_ZN4vllm30reshape_and_cache_flash_kernelI13__nv_bfloat16S1_LNS_18Fp8KVCacheDataTypeE0EEEvPKT_S5_PT0_S7_PKlllllliiiPKfSB_i
0x55cff6a0	4	0x60d74610	43635	805097541603250	0	564	0x0	0x0	8	1	1	512	1	1	8	_ZN4vllm30reshape_and_cache_flash_kernelI13__nv_bfloat16S1_LNS_18Fp8KVCacheDataTypeE0EEEvPKT_S5_PT0_S7_PKlllllliiiPKfSB_i
0x55cff6a0	4	0x60d7b610	43649	805097541614770	0	564	0x0	0x0	8	1	1	512	1	1	8	_ZN4vllm30reshape_and_cache_flash_kernelI13__nv_bfloat16S1_LNS_18Fp8KVCacheDataTypeE0EEEvPKT_S5_PT0_S7_PKlllllliiiPKfSB_i
0x55cff6a0	4	0x60d82610	43663	805097541627186	0	564	0x0	0x0	8	1	1	512	1	1	8	_ZN4vllm30reshape_and_cache_flash_kernelI13__nv_bfloat16S1_LNS_18Fp8KVCacheDataTypeE0EEEvPKT_S5_PT0_S7_PKlllllliiiPKfSB_i
0x55cff6a0	4	0x60d89620	43677	805097541641106	0	564	0x0	0x0	8	1	1	512	1	1	8	_ZN4vllm30reshape_and_cache_flash_kernelI13__nv_bfloat16S1_LNS_18Fp8KVCacheDataTypeE0EEEvPKT_S5_PT0_S7_PKlllllliiiPKfSB_i
0x55cff6a0	4	0x60d90620	43691	805097541678610	0	564	0x0	0x0	8	1	1	512	1	1	8	_ZN4vllm30reshape_and_cache_flash_kernelI13__nv_bfloat16S1_LNS_18Fp8KVCacheDataTypeE0EEEvPKT_S5_PT0_S7_PKlllllliiiPKfSB_i
0x55cff6a0	4	0x60d97620	43705	805097541697890	0	564	0x0	0x0	8	1	1	512	1	1	8	_ZN4vllm30reshape_and_cache_flash_kernelI13__nv_bfloat16S1_LNS_18Fp8KVCacheDataTypeE0EEEvPKT_S5_PT0_S7_PKlllllliiiPKfSB_i
0x55cff6a0	4	0x60d9e620	43719	805097541714610	0	564	0x0	0x0	8	1	1	512	1	1	8	_ZN4vllm30reshape_and_cache_flash_kernelI13__nv_bfloat16S1_LNS_18Fp8KVCacheDataTypeE0EEEvPKT_S5_PT0_S7_PKlllllliiiPKfSB_i
0x55cff6a0	4	0x60da5620	43733	805097541728610	0	564	0x0	0x0	8	1	1	512	1	1	8	_ZN4vllm30reshape_and_cache_flash_kernelI13__nv_bfloat16S1_LNS_18Fp8KVCacheDataTypeE0EEEvPKT_S5_PT0_S7_PKlllllliiiPKfSB_i
0x55cff6a0	4	0x60dac620	43747	805097541741186	0	564	0x0	0x0	8	1	1	512	1	1	8	_ZN4vllm30reshape_and_cache_flash_kernelI13__nv_bfloat16S1_LNS_18Fp8KVCacheDataTypeE0EEEvPKT_S5_PT0_S7_PKlllllliiiPKfSB_i
0x55cff6a0	4	0x60db3620	43761	805097541754914	0	564	0x0	0x0	8	1	1	512	1	1	8	_ZN4vllm30reshape_and_cache_flash_kernelI13__nv_bfloat16S1_LNS_18Fp8KVCacheDataTypeE0EEEvPKT_S5_PT0_S7_PKlllllliiiPKfSB_i
0x55cff6a0	4	0x60dba620	43775	805097541766802	0	564	0x0	0x0	8	1	1	512	1	1	8	_ZN4vllm30reshape_and_cache_flash_kernelI13__nv_bfloat16S1_LNS_18Fp8KVCacheDataTypeE0EEEvPKT_S5_PT0_S7_PKlllllliiiPKfSB_i
0x55cff6a0	4	0x60dc1620	43789	805097541777314	0	564	0x0	0x0	8	1	1	512	1	1	8	_ZN4vllm30reshape_and_cache_flash_kernelI13__nv_bfloat16S1_LNS_18Fp8KVCacheDataTypeE0EEEvPKT_S5_PT0_S7_PKlllllliiiPKfSB_i
0x55cff6a0	4	0x60dc8630	43803	805097541789746	0	564	0x0	0x0	8	1	1	512	1	1	8	_ZN4vllm30reshape_and_cache_flash_kernelI13__nv_bfloat16S1_LNS_18Fp8KVCacheDataTypeE0EEEvPKT_S5_PT0_S7_PKlllllliiiPKfSB_i
0x55cff6a0	4	0x60dcf630	43817	805097541801618	0	564	0x0	0x0	8	1	1	512	1	1	8	_ZN4vllm30reshape_and_cache_flash_kernelI13__nv_bfloat16S1_LNS_18Fp8KVCacheDataTypeE0EEEvPKT_S5_PT0_S7_PKlllllliiiPKfSB_i
0x55cff6a0	4	0x60dd6630	43831	805097541815570	0	564	0x0	0x0	8	1	1	512	1	1	8	_ZN4vllm30reshape_and_cache_flash_kernelI13__nv_bfloat16S1_LNS_18Fp8KVCacheDataTypeE0EEEvPKT_S5_PT0_S7_PKlllllliiiPKfSB_i
0x55cff6a0	4	0x60ddd630	43845	805097541828706	0	564	0x0	0x0	8	1	1	512	1	1	8	_ZN4vllm30reshape_and_cache_flash_kernelI13__nv_bfloat16S1_LNS_18Fp8KVCacheDataTypeE0EEEvPKT_S5_PT0_S7_PKlllllliiiPKfSB_i
0x55cff6a0	4	0x60de4630	43859	805097541843298	0	564	0x0	0x0	8	1	1	512	1	1	8	_ZN4vllm30reshape_and_cache_flash_kernelI13__nv_bfloat16S1_LNS_18Fp8KVCacheDataTypeE0EEEvPKT_S5_PT0_S7_PKlllllliiiPKfSB_i
0x55cff6a0	4	0x60deb630	43873	805097541857570	0	564	0x0	0x0	8	1	1	512	1	1	8	_ZN4vllm30reshape_and_cache_flash_kernelI13__nv_bfloat16S1_LNS_18Fp8KVCacheDataTypeE0EEEvPKT_S5_PT0_S7_PKlllllliiiPKfSB_i
0x55cff6a0	4	0x60df2630	43887	805097541869346	0	564	0x0	0x0	8	1	1	512	1	1	8	_ZN4vllm30reshape_and_cache_flash_kernelI13__nv_bfloat16S1_LNS_18Fp8KVCacheDataTypeE0EEEvPKT_S5_PT0_S7_PKlllllliiiPKfSB_i
0x55cff6a0	4	0x60df9630	43901	805097541880866	0	564	0x0	0x0	8	1	1	512	1	1	8	_ZN4vllm30reshape_and_cache_flash_kernelI13__nv_bfloat16S1_LNS_18Fp8KVCacheDataTypeE0EEEvPKT_S5_PT0_S7_PKlllllliiiPKfSB_i
0x55cff6a0	4	0x60e00630	43915	805097541892034	0	564	0x0	0x0	8	1	1	512	1	1	8	_ZN4vllm30reshape_and_cache_flash_kernelI13__nv_bfloat16S1_LNS_18Fp8KVCacheDataTypeE0EEEvPKT_S5_PT0_S7_PKlllllliiiPKfSB_i
0x55cff6a0	4	0x60e07640	43929	805097541904674	0	564	0x0	0x0	8	1	1	512	1	1	8	_ZN4vllm30reshape_and_cache_flash_kernelI13__nv_bfloat16S1_LNS_18Fp8KVCacheDataTypeE0EEEvPKT_S5_PT0_S7_PKlllllliiiPKfSB_i
0x55cff6a0	5	0x60ce8a90	43383	805097662052548	0	564	0x0	0x0	8	1	1	512	1	1	8	_ZN4vllm30reshape_and_cache_flash_kernelI13__nv_bfloat16S1_LNS_18Fp8KVCacheDataTypeE0EEEvPKT_S5_PT0_S7_PKlllllliiiPKfSB_i
0x55cff6a0	5	0x60cefa90	43397	805097662093684	0	564	0x0	0x0	8	1	1	512	1	1	8	_ZN4vllm30reshape_and_cache_flash_kernelI13__nv_bfloat16S1_LNS_18Fp8KVCacheDataTypeE0EEEvPKT_S5_PT0_S7_PKlllllliiiPKfSB_i
0x55cff6a0	5	0x60cf6a90	43411	805097662123491	0	564	0x0	0x0	8	1	1	512	1	1	8	_ZN4vllm30reshape_and_cache_flash_kernelI13__nv_bfloat16S1_LNS_18Fp8KVCacheDataTypeE0EEEvPKT_S5_PT0_S7_PKlllllliiiPKfSB_i
0x55cff6a0	5	0x60d0b600	43425	805097662151091	0	564	0x0	0x0	8	1	1	512	1	1	8	_ZN4vllm30reshape_and_cache_flash_kernelI13__nv_bfloat16S1_LNS_18Fp8KVCacheDataTypeE0EEEvPKT_S5_PT0_S7_PKlllllliiiPKfSB_i
0x55cff6a0	5	0x60d12600	43439	805097662170323	0	564	0x0	0x0	8	1	1	512	1	1	8	_ZN4vllm30reshape_and_cache_flash_kernelI13__nv_bfloat16S1_LNS_18Fp8KVCacheDataTypeE0EEEvPKT_S5_PT0_S7_PKlllllliiiPKfSB_i
0x55cff6a0	5	0x60d19600	43453	805097662188115	0	564	0x0	0x0	8	1	1	512	1	1	8	_ZN4vllm30reshape_and_cache_flash_kernelI13__nv_bfloat16S1_LNS_18Fp8KVCacheDataTypeE0EEEvPKT_S5_PT0_S7_PKlllllliiiPKfSB_i
0x55cff6a0	5	0x60d20600	43467	805097662205523	0	564	0x0	0x0	8	1	1	512	1	1	8	_ZN4vllm30reshape_and_cache_flash_kernelI13__nv_bfloat16S1_LNS_18Fp8KVCacheDataTypeE0EEEvPKT_S5_PT0_S7_PKlllllliiiPKfSB_i
0x55cff6a0	5	0x60d27600	43481	805097662218819	0	564	0x0	0x0	8	1	1	512	1	1	8	_ZN4vllm30reshape_and_cache_flash_kernelI13__nv_bfloat16S1_LNS_18Fp8KVCacheDataTypeE0EEEvPKT_S5_PT0_S7_PKlllllliiiPKfSB_i
0x55cff6a0	5	0x60d2e600	43495	805097662231251	0	564	0x0	0x0	8	1	1	512	1	1	8	_ZN4vllm30reshape_and_cache_flash_kernelI13__nv_bfloat16S1_LNS_18Fp8KVCacheDataTypeE0EEEvPKT_S5_PT0_S7_PKlllllliiiPKfSB_i
0x55cff6a0	5	0x60d35600	43509	805097662241859	0	564	0x0	0x0	8	1	1	512	1	1	8	_ZN4vllm30reshape_and_cache_flash_kernelI13__nv_bfloat16S1_LNS_18Fp8KVCacheDataTypeE0EEEvPKT_S5_PT0_S7_PKlllllliiiPKfSB_i
0x55cff6a0	5	0x60d3c600	43523	805097662253507	0	564	0x0	0x0	8	1	1	512	1	1	8	_ZN4vllm30reshape_and_cache_flash_kernelI13__nv_bfloat16S1_LNS_18Fp8KVCacheDataTypeE0EEEvPKT_S5_PT0_S7_PKlllllliiiPKfSB_i
0x55cff6a0	5	0x60d43600	43537	805097662264147	0	564	0x0	0x0	8	1	1	512	1	1	8	_ZN4vllm30reshape_and_cache_flash_kernelI13__nv_bfloat16S1_LNS_18Fp8KVCacheDataTypeE0EEEvPKT_S5_PT0_S7_PKlllllliiiPKfSB_i
0x55cff6a0	5	0x60d4a610	43551	805097662275363	0	564	0x0	0x0	8	1	1	512	1	1	8	_ZN4vllm30reshape_and_cache_flash_kernelI13__nv_bfloat16S1_LNS_18Fp8KVCacheDataTypeE0EEEvPKT_S5_PT0_S7_PKlllllliiiPKfSB_i
0x55cff6a0	5	0x60d51610	43565	805097662285779	0	564	0x0	0x0	8	1	1	512	1	1	8	_ZN4vllm30reshape_and_cache_flash_kernelI13__nv_bfloat16S1_LNS_18Fp8KVCacheDataTypeE0EEEvPKT_S5_PT0_S7_PKlllllliiiPKfSB_i
0x55cff6a0	5	0x60d58610	43579	805097662295411	0	564	0x0	0x0	8	1	1	512	1	1	8	_ZN4vllm30reshape_and_cache_flash_kernelI13__nv_bfloat16S1_LNS_18Fp8KVCacheDataTypeE0EEEvPKT_S5_PT0_S7_PKlllllliiiPKfSB_i
0x55cff6a0	5	0x60d5f610	43593	805097662306083	0	564	0x0	0x0	8	1	1	512	1	1	8	_ZN4vllm30reshape_and_cache_flash_kernelI13__nv_bfloat16S1_LNS_18Fp8KVCacheDataTypeE0EEEvPKT_S5_PT0_S7_PKlllllliiiPKfSB_i
0x55cff6a0	5	0x60d66610	43607	805097662319603	0	564	0x0	0x0	8	1	1	512	1	1	8	_ZN4vllm30reshape_and_cache_flash_kernelI13__nv_bfloat16S1_LNS_18Fp8KVCacheDataTypeE0EEEvPKT_S5_PT0_S7_PKlllllliiiPKfSB_i
0x55cff6a0	5	0x60d6d610	43621	805097662330387	0	564	0x0	0x0	8	1	1	512	1	1	8	_ZN4vllm30reshape_and_cache_flash_kernelI13__nv_bfloat16S1_LNS_18Fp8KVCacheDataTypeE0EEEvPKT_S5_PT0_S7_PKlllllliiiPKfSB_i
0x55cff6a0	5	0x60d74610	43635	805097662341139	0	564	0x0	0x0	8	1	1	512	1	1	8	_ZN4vllm30reshape_and_cache_flash_kernelI13__nv_bfloat16S1_LNS_18Fp8KVCacheDataTypeE0EEEvPKT_S5_PT0_S7_PKlllllliiiPKfSB_i
0x55cff6a0	5	0x60d7b610	43649	805097662353171	0	564	0x0	0x0	8	1	1	512	1	1	8	_ZN4vllm30reshape_and_cache_flash_kernelI13__nv_bfloat16S1_LNS_18Fp8KVCacheDataTypeE0EEEvPKT_S5_PT0_S7_PKlllllliiiPKfSB_i
0x55cff6a0	5	0x60d82610	43663	805097662363251	0	564	0x0	0x0	8	1	1	512	1	1	8	_ZN4vllm30reshape_and_cache_flash_kernelI13__nv_bfloat16S1_LNS_18Fp8KVCacheDataTypeE0EEEvPKT_S5_PT0_S7_PKlllllliiiPKfSB_i
0x55cff6a0	5	0x60d89620	43677	805097662373651	0	564	0x0	0x0	8	1	1	512	1	1	8	_ZN4vllm30reshape_and_cache_flash_kernelI13__nv_bfloat16S1_LNS_18Fp8KVCacheDataTypeE0EEEvPKT_S5_PT0_S7_PKlllllliiiPKfSB_i
0x55cff6a0	5	0x60d90620	43691	805097662384403	0	564	0x0	0x0	8	1	1	512	1	1	8	_ZN4vllm30reshape_and_cache_flash_kernelI13__nv_bfloat16S1_LNS_18Fp8KVCacheDataTypeE0EEEvPKT_S5_PT0_S7_PKlllllliiiPKfSB_i
0x55cff6a0	5	0x60d97620	43705	805097662397491	0	564	0x0	0x0	8	1	1	512	1	1	8	_ZN4vllm30reshape_and_cache_flash_kernelI13__nv_bfloat16S1_LNS_18Fp8KVCacheDataTypeE0EEEvPKT_S5_PT0_S7_PKlllllliiiPKfSB_i
0x55cff6a0	5	0x60d9e620	43719	805097662409299	0	564	0x0	0x0	8	1	1	512	1	1	8	_ZN4vllm30reshape_and_cache_flash_kernelI13__nv_bfloat16S1_LNS_18Fp8KVCacheDataTypeE0EEEvPKT_S5_PT0_S7_PKlllllliiiPKfSB_i
0x55cff6a0	5	0x60da5620	43733	805097662442755	0	564	0x0	0x0	8	1	1	512	1	1	8	_ZN4vllm30reshape_and_cache_flash_kernelI13__nv_bfloat16S1_LNS_18Fp8KVCacheDataTypeE0EEEvPKT_S5_PT0_S7_PKlllllliiiPKfSB_i
0x55cff6a0	5	0x60dac620	43747	805097662459587	0	564	0x0	0x0	8	1	1	512	1	1	8	_ZN4vllm30reshape_and_cache_flash_kernelI13__nv_bfloat16S1_LNS_18Fp8KVCacheDataTypeE0EEEvPKT_S5_PT0_S7_PKlllllliiiPKfSB_i
0x55cff6a0	5	0x60db3620	43761	805097662474867	0	564	0x0	0x0	8	1	1	512	1	1	8	_ZN4vllm30reshape_and_cache_flash_kernelI13__nv_bfloat16S1_LNS_18Fp8KVCacheDataTypeE0EEEvPKT_S5_PT0_S7_PKlllllliiiPKfSB_i
0x55cff6a0	5	0x60dba620	43775	805097662489299	0	564	0x0	0x0	8	1	1	512	1	1	8	_ZN4vllm30reshape_and_cache_flash_kernelI13__nv_bfloat16S1_LNS_18Fp8KVCacheDataTypeE0EEEvPKT_S5_PT0_S7_PKlllllliiiPKfSB_i
0x55cff6a0	5	0x60dc1620	43789	805097662503075	0	564	0x0	0x0	8	1	1	512	1	1	8	_ZN4vllm30reshape_and_cache_flash_kernelI13__nv_bfloat16S1_LNS_18Fp8KVCacheDataTypeE0EEEvPKT_S5_PT0_S7_PKlllllliiiPKfSB_i
0x55cff6a0	5	0x60dc8630	43803	805097662516995	0	564	0x0	0x0	8	1	1	512	1	1	8	_ZN4vllm30reshape_and_cache_flash_kernelI13__nv_bfloat16S1_LNS_18Fp8KVCacheDataTypeE0EEEvPKT_S5_PT0_S7_PKlllllliiiPKfSB_i
0x55cff6a0	5	0x60dcf630	43817	805097662528291	0	564	0x0	0x0	8	1	1	512	1	1	8	_ZN4vllm30reshape_and_cache_flash_kernelI13__nv_bfloat16S1_LNS_18Fp8KVCacheDataTypeE0EEEvPKT_S5_PT0_S7_PKlllllliiiPKfSB_i
0x55cff6a0	5	0x60dd6630	43831	805097662539699	0	564	0x0	0x0	8	1	1	512	1	1	8	_ZN4vllm30reshape_and_cache_flash_kernelI13__nv_bfloat16S1_LNS_18Fp8KVCacheDataTypeE0EEEvPKT_S5_PT0_S7_PKlllllliiiPKfSB_i
0x55cff6a0	5	0x60ddd630	43845	805097662551987	0	564	0x0	0x0	8	1	1	512	1	1	8	_ZN4vllm30reshape_and_cache_flash_kernelI13__nv_bfloat16S1_LNS_18Fp8KVCacheDataTypeE0EEEvPKT_S5_PT0_S7_PKlllllliiiPKfSB_i
0x55cff6a0	5	0x60de4630	43859	805097662566179	0	564	0x0	0x0	8	1	1	512	1	1	8	_ZN4vllm30reshape_and_cache_flash_kernelI13__nv_bfloat16S1_LNS_18Fp8KVCacheDataTypeE0EEEvPKT_S5_PT0_S7_PKlllllliiiPKfSB_i
0x55cff6a0	5	0x60deb630	43873	805097662578611	0	564	0x0	0x0	8	1	1	512	1	1	8	_ZN4vllm30reshape_and_cache_flash_kernelI13__nv_bfloat16S1_LNS_18Fp8KVCacheDataTypeE0EEEvPKT_S5_PT0_S7_PKlllllliiiPKfSB_i
0x55cff6a0	5	0x60df2630	43887	805097662588995	0	564	0x0	0x0	8	1	1	512	1	1	8	_ZN4vllm30reshape_and_cache_flash_kernelI13__nv_bfloat16S1_LNS_18Fp8KVCacheDataTypeE0EEEvPKT_S5_PT0_S7_PKlllllliiiPKfSB_i
0x55cff6a0	5	0x60df9630	43901	805097662598707	0	564	0x0	0x0	8	1	1	512	1	1	8	_ZN4vllm30reshape_and_cache_flash_kernelI13__nv_bfloat16S1_LNS_18Fp8KVCacheDataTypeE0EEEvPKT_S5_PT0_S7_PKlllllliiiPKfSB_i
0x55cff6a0	5	0x60e00630	43915	805097662608435	0	564	0x0	0x0	8	1	1	512	1	1	8	_ZN4vllm30reshape_and_cache_flash_kernelI13__nv_bfloat16S1_LNS_18Fp8KVCacheDataTypeE0EEEvPKT_S5_PT0_S7_PKlllllliiiPKfSB_i
0x55cff6a0	5	0x60e07640	43929	805097662617986	0	564	0x0	0x0	8	1	1	512	1	1	8	_ZN4vllm30reshape_and_cache_flash_kernelI13__nv_bfloat16S1_LNS_18Fp8KVCacheDataTypeE0EEEvPKT_S5_PT0_S7_PKlllllliiiPKfSB_i
0x55cff6a0	6	0x60ce8a90	43383	805097904848899	0	564	0x0	0x0	8	1	1	512	1	1	8	_ZN4vllm30reshape_and_cache_flash_kernelI13__nv_bfloat16S1_LNS_18Fp8KVCacheDataTypeE0EEEvPKT_S5_PT0_S7_PKlllllliiiPKfSB_i
0x55cff6a0	6	0x60cefa90	43397	805097904872099	0	564	0x0	0x0	8	1	1	512	1	1	8	_ZN4vllm30reshape_and_cache_flash_kernelI13__nv_bfloat16S1_LNS_18Fp8KVCacheDataTypeE0EEEvPKT_S5_PT0_S7_PKlllllliiiPKfSB_i
0x55cff6a0	6	0x60cf6a90	43411	805097904891251	0	564	0x0	0x0	8	1	1	512	1	1	8	_ZN4vllm30reshape_and_cache_flash_kernelI13__nv_bfloat16S1_LNS_18Fp8KVCacheDataTypeE0EEEvPKT_S5_PT0_S7_PKlllllliiiPKfSB_i
0x55cff6a0	6	0x60d0b600	43425	805097904904643	0	564	0x0	0x0	8	1	1	512	1	1	8	_ZN4vllm30reshape_and_cache_flash_kernelI13__nv_bfloat16S1_LNS_18Fp8KVCacheDataTypeE0EEEvPKT_S5_PT0_S7_PKlllllliiiPKfSB_i
0x55cff6a0	6	0x60d12600	43439	805097904914739	0	564	0x0	0x0	8	1	1	512	1	1	8	_ZN4vllm30reshape_and_cache_flash_kernelI13__nv_bfloat16S1_LNS_18Fp8KVCacheDataTypeE0EEEvPKT_S5_PT0_S7_PKlllllliiiPKfSB_i
0x55cff6a0	6	0x60d19600	43453	805097904924515	0	564	0x0	0x0	8	1	1	512	1	1	8	_ZN4vllm30reshape_and_cache_flash_kernelI13__nv_bfloat16S1_LNS_18Fp8KVCacheDataTypeE0EEEvPKT_S5_PT0_S7_PKlllllliiiPKfSB_i
0x55cff6a0	6	0x60d20600	43467	805097904934595	0	564	0x0	0x0	8	1	1	512	1	1	8	_ZN4vllm30reshape_and_cache_flash_kernelI13__nv_bfloat16S1_LNS_18Fp8KVCacheDataTypeE0EEEvPKT_S5_PT0_S7_PKlllllliiiPKfSB_i
0x55cff6a0	6	0x60d27600	43481	805097904944051	0	564	0x0	0x0	8	1	1	512	1	1	8	_ZN4vllm30reshape_and_cache_flash_kernelI13__nv_bfloat16S1_LNS_18Fp8KVCacheDataTypeE0EEEvPKT_S5_PT0_S7_PKlllllliiiPKfSB_i
0x55cff6a0	6	0x60d2e600	43495	805097904953555	0	564	0x0	0x0	8	1	1	512	1	1	8	_ZN4vllm30reshape_and_cache_flash_kernelI13__nv_bfloat16S1_LNS_18Fp8KVCacheDataTypeE0EEEvPKT_S5_PT0_S7_PKlllllliiiPKfSB_i
0x55cff6a0	6	0x60d35600	43509	805097904963219	0	564	0x0	0x0	8	1	1	512	1	1	8	_ZN4vllm30reshape_and_cache_flash_kernelI13__nv_bfloat16S1_LNS_18Fp8KVCacheDataTypeE0EEEvPKT_S5_PT0_S7_PKlllllliiiPKfSB_i
0x55cff6a0	6	0x60d3c600	43523	805097904972483	0	564	0x0	0x0	8	1	1	512	1	1	8	_ZN4vllm30reshape_and_cache_flash_kernelI13__nv_bfloat16S1_LNS_18Fp8KVCacheDataTypeE0EEEvPKT_S5_PT0_S7_PKlllllliiiPKfSB_i
0x55cff6a0	6	0x60d43600	43537	805097904981635	0	564	0x0	0x0	8	1	1	512	1	1	8	_ZN4vllm30reshape_and_cache_flash_kernelI13__nv_bfloat16S1_LNS_18Fp8KVCacheDataTypeE0EEEvPKT_S5_PT0_S7_PKlllllliiiPKfSB_i
0x55cff6a0	6	0x60d4a610	43551	805097904991251	0	564	0x0	0x0	8	1	1	512	1	1	8	_ZN4vllm30reshape_and_cache_flash_kernelI13__nv_bfloat16S1_LNS_18Fp8KVCacheDataTypeE0EEEvPKT_S5_PT0_S7_PKlllllliiiPKfSB_i
0x55cff6a0	6	0x60d51610	43565	805097905011362	0	564	0x0	0x0	8	1	1	512	1	1	8	_ZN4vllm30reshape_and_cache_flash_kernelI13__nv_bfloat16S1_LNS_18Fp8KVCacheDataTypeE0EEEvPKT_S5_PT0_S7_PKlllllliiiPKfSB_i
0x55cff6a0	6	0x60d58610	43579	805097905020690	0	564	0x0	0x0	8	1	1	512	1	1	8	_ZN4vllm30reshape_and_cache_flash_kernelI13__nv_bfloat16S1_LNS_18Fp8KVCacheDataTypeE0EEEvPKT_S5_PT0_S7_PKlllllliiiPKfSB_i
0x55cff6a0	6	0x60d5f610	43593	805097905029938	0	564	0x0	0x0	8	1	1	512	1	1	8	_ZN4vllm30reshape_and_cache_flash_kernelI13__nv_bfloat16S1_LNS_18Fp8KVCacheDataTypeE0EEEvPKT_S5_PT0_S7_PKlllllliiiPKfSB_i
0x55cff6a0	6	0x60d66610	43607	805097905039682	0	564	0x0	0x0	8	1	1	512	1	1	8	_ZN4vllm30reshape_and_cache_flash_kernelI13__nv_bfloat16S1_LNS_18Fp8KVCacheDataTypeE0EEEvPKT_S5_PT0_S7_PKlllllliiiPKfSB_i
0x55cff6a0	6	0x60d6d610	43621	805097905049106	0	564	0x0	0x0	8	1	1	512	1	1	8	_ZN4vllm30reshape_and_cache_flash_kernelI13__nv_bfloat16S1_LNS_18Fp8KVCacheDataTypeE0EEEvPKT_S5_PT0_S7_PKlllllliiiPKfSB_i
0x55cff6a0	6	0x60d74610	43635	805097905058786	0	564	0x0	0x0	8	1	1	512	1	1	8	_ZN4vllm30reshape_and_cache_flash_kernelI13__nv_bfloat16S1_LNS_18Fp8KVCacheDataTypeE0EEEvPKT_S5_PT0_S7_PKlllllliiiPKfSB_i
0x55cff6a0	6	0x60d7b610	43649	805097905068690	0	564	0x0	0x0	8	1	1	512	1	1	8	_ZN4vllm30reshape_and_cache_flash_kernelI13__nv_bfloat16S1_LNS_18Fp8KVCacheDataTypeE0EEEvPKT_S5_PT0_S7_PKlllllliiiPKfSB_i
0x55cff6a0	6	0x60d82610	43663	805097905077538	0	564	0x0	0x0	8	1	1	512	1	1	8	_ZN4vllm30reshape_and_cache_flash_kernelI13__nv_bfloat16S1_LNS_18Fp8KVCacheDataTypeE0EEEvPKT_S5_PT0_S7_PKlllllliiiPKfSB_i
0x55cff6a0	6	0x60d89620	43677	805097905087010	0	564	0x0	0x0	8	1	1	512	1	1	8	_ZN4vllm30reshape_and_cache_flash_kernelI13__nv_bfloat16S1_LNS_18Fp8KVCacheDataTypeE0EEEvPKT_S5_PT0_S7_PKlllllliiiPKfSB_i
0x55cff6a0	6	0x60d90620	43691	805097905096242	0	564	0x0	0x0	8	1	1	512	1	1	8	_ZN4vllm30reshape_and_cache_flash_kernelI13__nv_bfloat16S1_LNS_18Fp8KVCacheDataTypeE0EEEvPKT_S5_PT0_S7_PKlllllliiiPKfSB_i
0x55cff6a0	6	0x60d97620	43705	805097905105458	0	564	0x0	0x0	8	1	1	512	1	1	8	_ZN4vllm30reshape_and_cache_flash_kernelI13__nv_bfloat16S1_LNS_18Fp8KVCacheDataTypeE0EEEvPKT_S5_PT0_S7_PKlllllliiiPKfSB_i
0x55cff6a0	6	0x60d9e620	43719	805097905114962	0	564	0x0	0x0	8	1	1	512	1	1	8	_ZN4vllm30reshape_and_cache_flash_kernelI13__nv_bfloat16S1_LNS_18Fp8KVCacheDataTypeE0EEEvPKT_S5_PT0_S7_PKlllllliiiPKfSB_i
0x55cff6a0	6	0x60da5620	43733	805097905124274	0	564	0x0	0x0	8	1	1	512	1	1	8	_ZN4vllm30reshape_and_cache_flash_kernelI13__nv_bfloat16S1_LNS_18Fp8KVCacheDataTypeE0EEEvPKT_S5_PT0_S7_PKlllllliiiPKfSB_i
0x55cff6a0	6	0x60dac620	43747	805097905133074	0	564	0x0	0x0	8	1	1	512	1	1	8	_ZN4vllm30reshape_and_cache_flash_kernelI13__nv_bfloat16S1_LNS_18Fp8KVCacheDataTypeE0EEEvPKT_S5_PT0_S7_PKlllllliiiPKfSB_i
0x55cff6a0	6	0x60db3620	43761	805097905149218	0	564	0x0	0x0	8	1	1	512	1	1	8	_ZN4vllm30reshape_and_cache_flash_kernelI13__nv_bfloat16S1_LNS_18Fp8KVCacheDataTypeE0EEEvPKT_S5_PT0_S7_PKlllllliiiPKfSB_i
0x55cff6a0	6	0x60dba620	43775	805097905158242	0	564	0x0	0x0	8	1	1	512	1	1	8	_ZN4vllm30reshape_and_cache_flash_kernelI13__nv_bfloat16S1_LNS_18Fp8KVCacheDataTypeE0EEEvPKT_S5_PT0_S7_PKlllllliiiPKfSB_i
0x55cff6a0	6	0x60dc1620	43789	805097905166706	0	564	0x0	0x0	8	1	1	512	1	1	8	_ZN4vllm30reshape_and_cache_flash_kernelI13__nv_bfloat16S1_LNS_18Fp8KVCacheDataTypeE0EEEvPKT_S5_PT0_S7_PKlllllliiiPKfSB_i
0x55cff6a0	6	0x60dc8630	43803	805097905175506	0	564	0x0	0x0	8	1	1	512	1	1	8	_ZN4vllm30reshape_and_cache_flash_kernelI13__nv_bfloat16S1_LNS_18Fp8KVCacheDataTypeE0EEEvPKT_S5_PT0_S7_PKlllllliiiPKfSB_i
0x55cff6a0	6	0x60dcf630	43817	805097905184834	0	564	0x0	0x0	8	1	1	512	1	1	8	_ZN4vllm30reshape_and_cache_flash_kernelI13__nv_bfloat16S1_LNS_18Fp8KVCacheDataTypeE0EEEvPKT_S5_PT0_S7_PKlllllliiiPKfSB_i
0x55cff6a0	6	0x60dd6630	43831	805097905193842	0	564	0x0	0x0	8	1	1	512	1	1	8	_ZN4vllm30reshape_and_cache_flash_kernelI13__nv_bfloat16S1_LNS_18Fp8KVCacheDataTypeE0EEEvPKT_S5_PT0_S7_PKlllllliiiPKfSB_i
0x55cff6a0	6	0x60ddd630	43845	805097905203106	0	564	0x0	0x0	8	1	1	512	1	1	8	_ZN4vllm30reshape_and_cache_flash_kernelI13__nv_bfloat16S1_LNS_18Fp8KVCacheDataTypeE0EEEvPKT_S5_PT0_S7_PKlllllliiiPKfSB_i
0x55cff6a0	6	0x60de4630	43859	805097905212642	0	564	0x0	0x0	8	1	1	512	1	1	8	_ZN4vllm30reshape_and_cache_flash_kernelI13__nv_bfloat16S1_LNS_18Fp8KVCacheDataTypeE0EEEvPKT_S5_PT0_S7_PKlllllliiiPKfSB_i
0x55cff6a0	6	0x60deb630	43873	805097905221458	0	564	0x0	0x0	8	1	1	512	1	1	8	_ZN4vllm30reshape_and_cache_flash_kernelI13__nv_bfloat16S1_LNS_18Fp8KVCacheDataTypeE0EEEvPKT_S5_PT0_S7_PKlllllliiiPKfSB_i
0x55cff6a0	6	0x60df2630	43887	805097905230402	0	564	0x0	0x0	8	1	1	512	1	1	8	_ZN4vllm30reshape_and_cache_flash_kernelI13__nv_bfloat16S1_LNS_18Fp8KVCacheDataTypeE0EEEvPKT_S5_PT0_S7_PKlllllliiiPKfSB_i
0x55cff6a0	6	0x60df9630	43901	805097905239362	0	564	0x0	0x0	8	1	1	512	1	1	8	_ZN4vllm30reshape_and_cache_flash_kernelI13__nv_bfloat16S1_LNS_18Fp8KVCacheDataTypeE0EEEvPKT_S5_PT0_S7_PKlllllliiiPKfSB_i
0x55cff6a0	6	0x60e00630	43915	805097905248514	0	564	0x0	0x0	8	1	1	512	1	1	8	_ZN4vllm30reshape_and_cache_flash_kernelI13__nv_bfloat16S1_LNS_18Fp8KVCacheDataTypeE0EEEvPKT_S5_PT0_S7_PKlllllliiiPKfSB_i
0x55cff6a0	6	0x60e07640	43929	805097905257810	0	564	0x0	0x0	8	1	1	512	1	1	8	_ZN4vllm30reshape_and_cache_flash_kernelI13__nv_bfloat16S1_LNS_18Fp8KVCacheDataTypeE0EEEvPKT_S5_PT0_S7_PKlllllliiiPKfSB_i
0x55cff6a0	7	0x60ce8a90	43383	805097909649257	0	564	0x0	0x0	8	1	1	512	1	1	8	_ZN4vllm30reshape_and_cache_flash_kernelI13__nv_bfloat16S1_LNS_18Fp8KVCacheDataTypeE0EEEvPKT_S5_PT0_S7_PKlllllliiiPKfSB_i
0x55cff6a0	7	0x60cefa90	43397	805097909667481	0	564	0x0	0x0	8	1	1	512	1	1	8	_ZN4vllm30reshape_and_cache_flash_kernelI13__nv_bfloat16S1_LNS_18Fp8KVCacheDataTypeE0EEEvPKT_S5_PT0_S7_PKlllllliiiPKfSB_i
0x55cff6a0	7	0x60cf6a90	43411	805097909684969	0	564	0x0	0x0	8	1	1	512	1	1	8	_ZN4vllm30reshape_and_cache_flash_kernelI13__nv_bfloat16S1_LNS_18Fp8KVCacheDataTypeE0EEEvPKT_S5_PT0_S7_PKlllllliiiPKfSB_i
0x55cff6a0	7	0x60d0b600	43425	805097909703689	0	564	0x0	0x0	8	1	1	512	1	1	8	_ZN4vllm30reshape_and_cache_flash_kernelI13__nv_bfloat16S1_LNS_18Fp8KVCacheDataTypeE0EEEvPKT_S5_PT0_S7_PKlllllliiiPKfSB_i
0x55cff6a0	7	0x60d12600	43439	805097909717129	0	564	0x0	0x0	8	1	1	512	1	1	8	_ZN4vllm30reshape_and_cache_flash_kernelI13__nv_bfloat16S1_LNS_18Fp8KVCacheDataTypeE0EEEvPKT_S5_PT0_S7_PKlllllliiiPKfSB_i
0x55cff6a0	7	0x60d19600	43453	805097909729065	0	564	0x0	0x0	8	1	1	512	1	1	8	_ZN4vllm30reshape_and_cache_flash_kernelI13__nv_bfloat16S1_LNS_18Fp8KVCacheDataTypeE0EEEvPKT_S5_PT0_S7_PKlllllliiiPKfSB_i
0x55cff6a0	7	0x60d20600	43467	805097909741193	0	564	0x0	0x0	8	1	1	512	1	1	8	_ZN4vllm30reshape_and_cache_flash_kernelI13__nv_bfloat16S1_LNS_18Fp8KVCacheDataTypeE0EEEvPKT_S5_PT0_S7_PKlllllliiiPKfSB_i
0x55cff6a0	7	0x60d27600	43481	805097909755193	0	564	0x0	0x0	8	1	1	512	1	1	8	_ZN4vllm30reshape_and_cache_flash_kernelI13__nv_bfloat16S1_LNS_18Fp8KVCacheDataTypeE0EEEvPKT_S5_PT0_S7_PKlllllliiiPKfSB_i
0x55cff6a0	7	0x60d2e600	43495	805097909768473	0	564	0x0	0x0	8	1	1	512	1	1	8	_ZN4vllm30reshape_and_cache_flash_kernelI13__nv_bfloat16S1_LNS_18Fp8KVCacheDataTypeE0EEEvPKT_S5_PT0_S7_PKlllllliiiPKfSB_i
0x55cff6a0	7	0x60d35600	43509	805097909780649	0	564	0x0	0x0	8	1	1	512	1	1	8	_ZN4vllm30reshape_and_cache_flash_kernelI13__nv_bfloat16S1_LNS_18Fp8KVCacheDataTypeE0EEEvPKT_S5_PT0_S7_PKlllllliiiPKfSB_i
0x55cff6a0	7	0x60d3c600	43523	805097909792841	0	564	0x0	0x0	8	1	1	512	1	1	8	_ZN4vllm30reshape_and_cache_flash_kernelI13__nv_bfloat16S1_LNS_18Fp8KVCacheDataTypeE0EEEvPKT_S5_PT0_S7_PKlllllliiiPKfSB_i
0x55cff6a0	7	0x60d43600	43537	805097909804201	0	564	0x0	0x0	8	1	1	512	1	1	8	_ZN4vllm30reshape_and_cache_flash_kernelI13__nv_bfloat16S1_LNS_18Fp8KVCacheDataTypeE0EEEvPKT_S5_PT0_S7_PKlllllliiiPKfSB_i
0x55cff6a0	7	0x60d4a610	43551	805097909815561	0	564	0x0	0x0	8	1	1	512	1	1	8	_ZN4vllm30reshape_and_cache_flash_kernelI13__nv_bfloat16S1_LNS_18Fp8KVCacheDataTypeE0EEEvPKT_S5_PT0_S7_PKlllllliiiPKfSB_i
0x55cff6a0	7	0x60d51610	43565	805097909825673	0	564	0x0	0x0	8	1	1	512	1	1	8	_ZN4vllm30reshape_and_cache_flash_kernelI13__nv_bfloat16S1_LNS_18Fp8KVCacheDataTypeE0EEEvPKT_S5_PT0_S7_PKlllllliiiPKfSB_i
0x55cff6a0	7	0x60d58610	43579	805097909835369	0	564	0x0	0x0	8	1	1	512	1	1	8	_ZN4vllm30reshape_and_cache_flash_kernelI13__nv_bfloat16S1_LNS_18Fp8KVCacheDataTypeE0EEEvPKT_S5_PT0_S7_PKlllllliiiPKfSB_i
0x55cff6a0	7	0x60d5f610	43593	805097909847049	0	564	0x0	0x0	8	1	1	512	1	1	8	_ZN4vllm30reshape_and_cache_flash_kernelI13__nv_bfloat16S1_LNS_18Fp8KVCacheDataTypeE0EEEvPKT_S5_PT0_S7_PKlllllliiiPKfSB_i
0x55cff6a0	7	0x60d66610	43607	805097909861273	0	564	0x0	0x0	8	1	1	512	1	1	8	_ZN4vllm30reshape_and_cache_flash_kernelI13__nv_bfloat16S1_LNS_18Fp8KVCacheDataTypeE0EEEvPKT_S5_PT0_S7_PKlllllliiiPKfSB_i
0x55cff6a0	7	0x60d6d610	43621	805097909873721	0	564	0x0	0x0	8	1	1	512	1	1	8	_ZN4vllm30reshape_and_cache_flash_kernelI13__nv_bfloat16S1_LNS_18Fp8KVCacheDataTypeE0EEEvPKT_S5_PT0_S7_PKlllllliiiPKfSB_i
0x55cff6a0	7	0x60d74610	43635	805097909886457	0	564	0x0	0x0	8	1	1	512	1	1	8	_ZN4vllm30reshape_and_cache_flash_kernelI13__nv_bfloat16S1_LNS_18Fp8KVCacheDataTypeE0EEEvPKT_S5_PT0_S7_PKlllllliiiPKfSB_i
0x55cff6a0	7	0x60d7b610	43649	805097909900425	0	564	0x0	0x0	8	1	1	512	1	1	8	_ZN4vllm30reshape_and_cache_flash_kernelI13__nv_bfloat16S1_LNS_18Fp8KVCacheDataTypeE0EEEvPKT_S5_PT0_S7_PKlllllliiiPKfSB_i
0x55cff6a0	7	0x60d82610	43663	805097909912521	0	564	0x0	0x0	8	1	1	512	1	1	8	_ZN4vllm30reshape_and_cache_flash_kernelI13__nv_bfloat16S1_LNS_18Fp8KVCacheDataTypeE0EEEvPKT_S5_PT0_S7_PKlllllliiiPKfSB_i
0x55cff6a0	7	0x60d89620	43677	805097909926137	0	564	0x0	0x0	8	1	1	512	1	1	8	_ZN4vllm30reshape_and_cache_flash_kernelI13__nv_bfloat16S1_LNS_18Fp8KVCacheDataTypeE0EEEvPKT_S5_PT0_S7_PKlllllliiiPKfSB_i
0x55cff6a0	7	0x60d90620	43691	805097909939241	0	564	0x0	0x0	8	1	1	512	1	1	8	_ZN4vllm30reshape_and_cache_flash_kernelI13__nv_bfloat16S1_LNS_18Fp8KVCacheDataTypeE0EEEvPKT_S5_PT0_S7_PKlllllliiiPKfSB_i
0x55cff6a0	7	0x60d97620	43705	805097909952441	0	564	0x0	0x0	8	1	1	512	1	1	8	_ZN4vllm30reshape_and_cache_flash_kernelI13__nv_bfloat16S1_LNS_18Fp8KVCacheDataTypeE0EEEvPKT_S5_PT0_S7_PKlllllliiiPKfSB_i
0x55cff6a0	7	0x60d9e620	43719	805097909969289	0	564	0x0	0x0	8	1	1	512	1	1	8	_ZN4vllm30reshape_and_cache_flash_kernelI13__nv_bfloat16S1_LNS_18Fp8KVCacheDataTypeE0EEEvPKT_S5_PT0_S7_PKlllllliiiPKfSB_i
0x55cff6a0	7	0x60da5620	43733	805097909982233	0	564	0x0	0x0	8	1	1	512	1	1	8	_ZN4vllm30reshape_and_cache_flash_kernelI13__nv_bfloat16S1_LNS_18Fp8KVCacheDataTypeE0EEEvPKT_S5_PT0_S7_PKlllllliiiPKfSB_i
0x55cff6a0	7	0x60dac620	43747	805097909992521	0	564	0x0	0x0	8	1	1	512	1	1	8	_ZN4vllm30reshape_and_cache_flash_kernelI13__nv_bfloat16S1_LNS_18Fp8KVCacheDataTypeE0EEEvPKT_S5_PT0_S7_PKlllllliiiPKfSB_i
0x55cff6a0	7	0x60db3620	43761	805097910008233	0	564	0x0	0x0	8	1	1	512	1	1	8	_ZN4vllm30reshape_and_cache_flash_kernelI13__nv_bfloat16S1_LNS_18Fp8KVCacheDataTypeE0EEEvPKT_S5_PT0_S7_PKlllllliiiPKfSB_i
0x55cff6a0	7	0x60dba620	43775	805097910021833	0	564	0x0	0x0	8	1	1	512	1	1	8	_ZN4vllm30reshape_and_cache_flash_kernelI13__nv_bfloat16S1_LNS_18Fp8KVCacheDataTypeE0EEEvPKT_S5_PT0_S7_PKlllllliiiPKfSB_i
0x55cff6a0	7	0x60dc1620	43789	805097910032745	0	564	0x0	0x0	8	1	1	512	1	1	8	_ZN4vllm30reshape_and_cache_flash_kernelI13__nv_bfloat16S1_LNS_18Fp8KVCacheDataTypeE0EEEvPKT_S5_PT0_S7_PKlllllliiiPKfSB_i
0x55cff6a0	7	0x60dc8630	43803	805097910051320	0	564	0x0	0x0	8	1	1	512	1	1	8	_ZN4vllm30reshape_and_cache_flash_kernelI13__nv_bfloat16S1_LNS_18Fp8KVCacheDataTypeE0EEEvPKT_S5_PT0_S7_PKlllllliiiPKfSB_i
0x55cff6a0	7	0x60dcf630	43817	805097910062136	0	564	0x0	0x0	8	1	1	512	1	1	8	_ZN4vllm30reshape_and_cache_flash_kernelI13__nv_bfloat16S1_LNS_18Fp8KVCacheDataTypeE0EEEvPKT_S5_PT0_S7_PKlllllliiiPKfSB_i
0x55cff6a0	7	0x60dd6630	43831	805097910073880	0	564	0x0	0x0	8	1	1	512	1	1	8	_ZN4vllm30reshape_and_cache_flash_kernelI13__nv_bfloat16S1_LNS_18Fp8KVCacheDataTypeE0EEEvPKT_S5_PT0_S7_PKlllllliiiPKfSB_i
0x55cff6a0	7	0x60ddd630	43845	805097910086312	0	564	0x0	0x0	8	1	1	512	1	1	8	_ZN4vllm30reshape_and_cache_flash_kernelI13__nv_bfloat16S1_LNS_18Fp8KVCacheDataTypeE0EEEvPKT_S5_PT0_S7_PKlllllliiiPKfSB_i
0x55cff6a0	7	0x60de4630	43859	805097910097656	0	564	0x0	0x0	8	1	1	512	1	1	8	_ZN4vllm30reshape_and_cache_flash_kernelI13__nv_bfloat16S1_LNS_18Fp8KVCacheDataTypeE0EEEvPKT_S5_PT0_S7_PKlllllliiiPKfSB_i
0x55cff6a0	7	0x60deb630	43873	805097910108856	0	564	0x0	0x0	8	1	1	512	1	1	8	_ZN4vllm30reshape_and_cache_flash_kernelI13__nv_bfloat16S1_LNS_18Fp8KVCacheDataTypeE0EEEvPKT_S5_PT0_S7_PKlllllliiiPKfSB_i
0x55cff6a0	7	0x60df2630	43887	805097910118632	0	564	0x0	0x0	8	1	1	512	1	1	8	_ZN4vllm30reshape_and_cache_flash_kernelI13__nv_bfloat16S1_LNS_18Fp8KVCacheDataTypeE0EEEvPKT_S5_PT0_S7_PKlllllliiiPKfSB_i
0x55cff6a0	7	0x60df9630	43901	805097910128504	0	564	0x0	0x0	8	1	1	512	1	1	8	_ZN4vllm30reshape_and_cache_flash_kernelI13__nv_bfloat16S1_LNS_18Fp8KVCacheDataTypeE0EEEvPKT_S5_PT0_S7_PKlllllliiiPKfSB_i
0x55cff6a0	7	0x60e00630	43915	805097910138312	0	564	0x0	0x0	8	1	1	512	1	1	8	_ZN4vllm30reshape_and_cache_flash_kernelI13__nv_bfloat16S1_LNS_18Fp8KVCacheDataTypeE0EEEvPKT_S5_PT0_S7_PKlllllliiiPKfSB_i
0x55cff6a0	7	0x60e07640	43929	805097910151224	0	564	0x0	0x0	8	1	1	512	1	1	8	_ZN4vllm30reshape_and_cache_flash_kernelI13__nv_bfloat16S1_LNS_18Fp8KVCacheDataTypeE0EEEvPKT_S5_PT0_S7_PKlllllliiiPKfSB_i
0x55cff6a0	8	0x60ce8a90	43383	805098030549466	0	564	0x0	0x0	8	1	1	512	1	1	8	_ZN4vllm30reshape_and_cache_flash_kernelI13__nv_bfloat16S1_LNS_18Fp8KVCacheDataTypeE0EEEvPKT_S5_PT0_S7_PKlllllliiiPKfSB_i
0x55cff6a0	8	0x60cefa90	43397	805098030605433	0	564	0x0	0x0	8	1	1	512	1	1	8	_ZN4vllm30reshape_and_cache_flash_kernelI13__nv_bfloat16S1_LNS_18Fp8KVCacheDataTypeE0EEEvPKT_S5_PT0_S7_PKlllllliiiPKfSB_i
0x55cff6a0	8	0x60cf6a90	43411	805098030633289	0	564	0x0	0x0	8	1	1	512	1	1	8	_ZN4vllm30reshape_and_cache_flash_kernelI13__nv_bfloat16S1_LNS_18Fp8KVCacheDataTypeE0EEEvPKT_S5_PT0_S7_PKlllllliiiPKfSB_i
0x55cff6a0	8	0x60d0b600	43425	805098030654425	0	564	0x0	0x0	8	1	1	512	1	1	8	_ZN4vllm30reshape_and_cache_flash_kernelI13__nv_bfloat16S1_LNS_18Fp8KVCacheDataTypeE0EEEvPKT_S5_PT0_S7_PKlllllliiiPKfSB_i
0x55cff6a0	8	0x60d12600	43439	805098030667385	0	564	0x0	0x0	8	1	1	512	1	1	8	_ZN4vllm30reshape_and_cache_flash_kernelI13__nv_bfloat16S1_LNS_18Fp8KVCacheDataTypeE0EEEvPKT_S5_PT0_S7_PKlllllliiiPKfSB_i
0x55cff6a0	8	0x60d19600	43453	805098030680425	0	564	0x0	0x0	8	1	1	512	1	1	8	_ZN4vllm30reshape_and_cache_flash_kernelI13__nv_bfloat16S1_LNS_18Fp8KVCacheDataTypeE0EEEvPKT_S5_PT0_S7_PKlllllliiiPKfSB_i
0x55cff6a0	8	0x60d20600	43467	805098030692073	0	564	0x0	0x0	8	1	1	512	1	1	8	_ZN4vllm30reshape_and_cache_flash_kernelI13__nv_bfloat16S1_LNS_18Fp8KVCacheDataTypeE0EEEvPKT_S5_PT0_S7_PKlllllliiiPKfSB_i
0x55cff6a0	8	0x60d27600	43481	805098030706217	0	564	0x0	0x0	8	1	1	512	1	1	8	_ZN4vllm30reshape_and_cache_flash_kernelI13__nv_bfloat16S1_LNS_18Fp8KVCacheDataTypeE0EEEvPKT_S5_PT0_S7_PKlllllliiiPKfSB_i
0x55cff6a0	8	0x60d2e600	43495	805098030721065	0	564	0x0	0x0	8	1	1	512	1	1	8	_ZN4vllm30reshape_and_cache_flash_kernelI13__nv_bfloat16S1_LNS_18Fp8KVCacheDataTypeE0EEEvPKT_S5_PT0_S7_PKlllllliiiPKfSB_i
0x55cff6a0	8	0x60d35600	43509	805098030733401	0	564	0x0	0x0	8	1	1	512	1	1	8	_ZN4vllm30reshape_and_cache_flash_kernelI13__nv_bfloat16S1_LNS_18Fp8KVCacheDataTypeE0EEEvPKT_S5_PT0_S7_PKlllllliiiPKfSB_i
0x55cff6a0	8	0x60d3c600	43523	805098030746345	0	564	0x0	0x0	8	1	1	512	1	1	8	_ZN4vllm30reshape_and_cache_flash_kernelI13__nv_bfloat16S1_LNS_18Fp8KVCacheDataTypeE0EEEvPKT_S5_PT0_S7_PKlllllliiiPKfSB_i
0x55cff6a0	8	0x60d43600	43537	805098030758697	0	564	0x0	0x0	8	1	1	512	1	1	8	_ZN4vllm30reshape_and_cache_flash_kernelI13__nv_bfloat16S1_LNS_18Fp8KVCacheDataTypeE0EEEvPKT_S5_PT0_S7_PKlllllliiiPKfSB_i
0x55cff6a0	8	0x60d4a610	43551	805098030771353	0	564	0x0	0x0	8	1	1	512	1	1	8	_ZN4vllm30reshape_and_cache_flash_kernelI13__nv_bfloat16S1_LNS_18Fp8KVCacheDataTypeE0EEEvPKT_S5_PT0_S7_PKlllllliiiPKfSB_i
0x55cff6a0	8	0x60d51610	43565	805098030783369	0	564	0x0	0x0	8	1	1	512	1	1	8	_ZN4vllm30reshape_and_cache_flash_kernelI13__nv_bfloat16S1_LNS_18Fp8KVCacheDataTypeE0EEEvPKT_S5_PT0_S7_PKlllllliiiPKfSB_i
0x55cff6a0	8	0x60d58610	43579	805098030795225	0	564	0x0	0x0	8	1	1	512	1	1	8	_ZN4vllm30reshape_and_cache_flash_kernelI13__nv_bfloat16S1_LNS_18Fp8KVCacheDataTypeE0EEEvPKT_S5_PT0_S7_PKlllllliiiPKfSB_i
0x55cff6a0	8	0x60d5f610	43593	805098030808841	0	564	0x0	0x0	8	1	1	512	1	1	8	_ZN4vllm30reshape_and_cache_flash_kernelI13__nv_bfloat16S1_LNS_18Fp8KVCacheDataTypeE0EEEvPKT_S5_PT0_S7_PKlllllliiiPKfSB_i
0x55cff6a0	8	0x60d66610	43607	805098030824553	0	564	0x0	0x0	8	1	1	512	1	1	8	_ZN4vllm30reshape_and_cache_flash_kernelI13__nv_bfloat16S1_LNS_18Fp8KVCacheDataTypeE0EEEvPKT_S5_PT0_S7_PKlllllliiiPKfSB_i
0x55cff6a0	8	0x60d6d610	43621	805098030840201	0	564	0x0	0x0	8	1	1	512	1	1	8	_ZN4vllm30reshape_and_cache_flash_kernelI13__nv_bfloat16S1_LNS_18Fp8KVCacheDataTypeE0EEEvPKT_S5_PT0_S7_PKlllllliiiPKfSB_i
0x55cff6a0	8	0x60d74610	43635	805098030854361	0	564	0x0	0x0	8	1	1	512	1	1	8	_ZN4vllm30reshape_and_cache_flash_kernelI13__nv_bfloat16S1_LNS_18Fp8KVCacheDataTypeE0EEEvPKT_S5_PT0_S7_PKlllllliiiPKfSB_i
0x55cff6a0	8	0x60d7b610	43649	805098030870569	0	564	0x0	0x0	8	1	1	512	1	1	8	_ZN4vllm30reshape_and_cache_flash_kernelI13__nv_bfloat16S1_LNS_18Fp8KVCacheDataTypeE0EEEvPKT_S5_PT0_S7_PKlllllliiiPKfSB_i
0x55cff6a0	8	0x60d82610	43663	805098030886105	0	564	0x0	0x0	8	1	1	512	1	1	8	_ZN4vllm30reshape_and_cache_flash_kernelI13__nv_bfloat16S1_LNS_18Fp8KVCacheDataTypeE0EEEvPKT_S5_PT0_S7_PKlllllliiiPKfSB_i
0x55cff6a0	8	0x60d89620	43677	805098030900921	0	564	0x0	0x0	8	1	1	512	1	1	8	_ZN4vllm30reshape_and_cache_flash_kernelI13__nv_bfloat16S1_LNS_18Fp8KVCacheDataTypeE0EEEvPKT_S5_PT0_S7_PKlllllliiiPKfSB_i
0x55cff6a0	8	0x60d90620	43691	805098030912121	0	564	0x0	0x0	8	1	1	512	1	1	8	_ZN4vllm30reshape_and_cache_flash_kernelI13__nv_bfloat16S1_LNS_18Fp8KVCacheDataTypeE0EEEvPKT_S5_PT0_S7_PKlllllliiiPKfSB_i
0x55cff6a0	8	0x60d97620	43705	805098030922281	0	564	0x0	0x0	8	1	1	512	1	1	8	_ZN4vllm30reshape_and_cache_flash_kernelI13__nv_bfloat16S1_LNS_18Fp8KVCacheDataTypeE0EEEvPKT_S5_PT0_S7_PKlllllliiiPKfSB_i
0x55cff6a0	8	0x60d9e620	43719	805098030932649	0	564	0x0	0x0	8	1	1	512	1	1	8	_ZN4vllm30reshape_and_cache_flash_kernelI13__nv_bfloat16S1_LNS_18Fp8KVCacheDataTypeE0EEEvPKT_S5_PT0_S7_PKlllllliiiPKfSB_i
0x55cff6a0	8	0x60da5620	43733	805098030947177	0	564	0x0	0x0	8	1	1	512	1	1	8	_ZN4vllm30reshape_and_cache_flash_kernelI13__nv_bfloat16S1_LNS_18Fp8KVCacheDataTypeE0EEEvPKT_S5_PT0_S7_PKlllllliiiPKfSB_i
0x55cff6a0	8	0x60dac620	43747	805098030958889	0	564	0x0	0x0	8	1	1	512	1	1	8	_ZN4vllm30reshape_and_cache_flash_kernelI13__nv_bfloat16S1_LNS_18Fp8KVCacheDataTypeE0EEEvPKT_S5_PT0_S7_PKlllllliiiPKfSB_i
0x55cff6a0	8	0x60db3620	43761	805098030970601	0	564	0x0	0x0	8	1	1	512	1	1	8	_ZN4vllm30reshape_and_cache_flash_kernelI13__nv_bfloat16S1_LNS_18Fp8KVCacheDataTypeE0EEEvPKT_S5_PT0_S7_PKlllllliiiPKfSB_i
0x55cff6a0	8	0x60dba620	43775	805098030981321	0	564	0x0	0x0	8	1	1	512	1	1	8	_ZN4vllm30reshape_and_cache_flash_kernelI13__nv_bfloat16S1_LNS_18Fp8KVCacheDataTypeE0EEEvPKT_S5_PT0_S7_PKlllllliiiPKfSB_i
0x55cff6a0	8	0x60dc1620	43789	805098030993641	0	564	0x0	0x0	8	1	1	512	1	1	8	_ZN4vllm30reshape_and_cache_flash_kernelI13__nv_bfloat16S1_LNS_18Fp8KVCacheDataTypeE0EEEvPKT_S5_PT0_S7_PKlllllliiiPKfSB_i
0x55cff6a0	8	0x60dc8630	43803	805098031012553	0	564	0x0	0x0	8	1	1	512	1	1	8	_ZN4vllm30reshape_and_cache_flash_kernelI13__nv_bfloat16S1_LNS_18Fp8KVCacheDataTypeE0EEEvPKT_S5_PT0_S7_PKlllllliiiPKfSB_i
0x55cff6a0	8	0x60dcf630	43817	805098031027209	0	564	0x0	0x0	8	1	1	512	1	1	8	_ZN4vllm30reshape_and_cache_flash_kernelI13__nv_bfloat16S1_LNS_18Fp8KVCacheDataTypeE0EEEvPKT_S5_PT0_S7_PKlllllliiiPKfSB_i
0x55cff6a0	8	0x60dd6630	43831	805098031041721	0	564	0x0	0x0	8	1	1	512	1	1	8	_ZN4vllm30reshape_and_cache_flash_kernelI13__nv_bfloat16S1_LNS_18Fp8KVCacheDataTypeE0EEEvPKT_S5_PT0_S7_PKlllllliiiPKfSB_i
0x55cff6a0	8	0x60ddd630	43845	805098031096057	0	564	0x0	0x0	8	1	1	512	1	1	8	_ZN4vllm30reshape_and_cache_flash_kernelI13__nv_bfloat16S1_LNS_18Fp8KVCacheDataTypeE0EEEvPKT_S5_PT0_S7_PKlllllliiiPKfSB_i
0x55cff6a0	8	0x60de4630	43859	805098031110649	0	564	0x0	0x0	8	1	1	512	1	1	8	_ZN4vllm30reshape_and_cache_flash_kernelI13__nv_bfloat16S1_LNS_18Fp8KVCacheDataTypeE0EEEvPKT_S5_PT0_S7_PKlllllliiiPKfSB_i
0x55cff6a0	8	0x60deb630	43873	805098031123720	0	564	0x0	0x0	8	1	1	512	1	1	8	_ZN4vllm30reshape_and_cache_flash_kernelI13__nv_bfloat16S1_LNS_18Fp8KVCacheDataTypeE0EEEvPKT_S5_PT0_S7_PKlllllliiiPKfSB_i
0x55cff6a0	8	0x60df2630	43887	805098031135640	0	564	0x0	0x0	8	1	1	512	1	1	8	_ZN4vllm30reshape_and_cache_flash_kernelI13__nv_bfloat16S1_LNS_18Fp8KVCacheDataTypeE0EEEvPKT_S5_PT0_S7_PKlllllliiiPKfSB_i
0x55cff6a0	8	0x60df9630	43901	805098031145704	0	564	0x0	0x0	8	1	1	512	1	1	8	_ZN4vllm30reshape_and_cache_flash_kernelI13__nv_bfloat16S1_LNS_18Fp8KVCacheDataTypeE0EEEvPKT_S5_PT0_S7_PKlllllliiiPKfSB_i
0x55cff6a0	8	0x60e00630	43915	805098031156888	0	564	0x0	0x0	8	1	1	512	1	1	8	_ZN4vllm30reshape_and_cache_flash_kernelI13__nv_bfloat16S1_LNS_18Fp8KVCacheDataTypeE0EEEvPKT_S5_PT0_S7_PKlllllliiiPKfSB_i
0x55cff6a0	8	0x60e07640	43929	805098031170408	0	564	0x0	0x0	8	1	1	512	1	1	8	_ZN4vllm30reshape_and_cache_flash_kernelI13__nv_bfloat16S1_LNS_18Fp8KVCacheDataTypeE0EEEvPKT_S5_PT0_S7_PKlllllliiiPKfSB_i
0x55cff6a0	9	0x60ce8a90	43383	805098152081193	0	564	0x0	0x0	8	1	1	512	1	1	8	_ZN4vllm30reshape_and_cache_flash_kernelI13__nv_bfloat16S1_LNS_18Fp8KVCacheDataTypeE0EEEvPKT_S5_PT0_S7_PKlllllliiiPKfSB_i
0x55cff6a0	9	0x60cefa90	43397	805098152104041	0	564	0x0	0x0	8	1	1	512	1	1	8	_ZN4vllm30reshape_and_cache_flash_kernelI13__nv_bfloat16S1_LNS_18Fp8KVCacheDataTypeE0EEEvPKT_S5_PT0_S7_PKlllllliiiPKfSB_i
0x55cff6a0	9	0x60cf6a90	43411	805098152128009	0	564	0x0	0x0	8	1	1	512	1	1	8	_ZN4vllm30reshape_and_cache_flash_kernelI13__nv_bfloat16S1_LNS_18Fp8KVCacheDataTypeE0EEEvPKT_S5_PT0_S7_PKlllllliiiPKfSB_i
0x55cff6a0	9	0x60d0b600	43425	805098152151129	0	564	0x0	0x0	8	1	1	512	1	1	8	_ZN4vllm30reshape_and_cache_flash_kernelI13__nv_bfloat16S1_LNS_18Fp8KVCacheDataTypeE0EEEvPKT_S5_PT0_S7_PKlllllliiiPKfSB_i
0x55cff6a0	9	0x60d12600	43439	805098152164825	0	564	0x0	0x0	8	1	1	512	1	1	8	_ZN4vllm30reshape_and_cache_flash_kernelI13__nv_bfloat16S1_LNS_18Fp8KVCacheDataTypeE0EEEvPKT_S5_PT0_S7_PKlllllliiiPKfSB_i
0x55cff6a0	9	0x60d19600	43453	805098152177609	0	564	0x0	0x0	8	1	1	512	1	1	8	_ZN4vllm30reshape_and_cache_flash_kernelI13__nv_bfloat16S1_LNS_18Fp8KVCacheDataTypeE0EEEvPKT_S5_PT0_S7_PKlllllliiiPKfSB_i
0x55cff6a0	9	0x60d20600	43467	805098152194472	0	564	0x0	0x0	8	1	1	512	1	1	8	_ZN4vllm30reshape_and_cache_flash_kernelI13__nv_bfloat16S1_LNS_18Fp8KVCacheDataTypeE0EEEvPKT_S5_PT0_S7_PKlllllliiiPKfSB_i
0x55cff6a0	9	0x60d27600	43481	805098152210744	0	564	0x0	0x0	8	1	1	512	1	1	8	_ZN4vllm30reshape_and_cache_flash_kernelI13__nv_bfloat16S1_LNS_18Fp8KVCacheDataTypeE0EEEvPKT_S5_PT0_S7_PKlllllliiiPKfSB_i
0x55cff6a0	9	0x60d2e600	43495	805098152225720	0	564	0x0	0x0	8	1	1	512	1	1	8	_ZN4vllm30reshape_and_cache_flash_kernelI13__nv_bfloat16S1_LNS_18Fp8KVCacheDataTypeE0EEEvPKT_S5_PT0_S7_PKlllllliiiPKfSB_i
0x55cff6a0	9	0x60d35600	43509	805098152239768	0	564	0x0	0x0	8	1	1	512	1	1	8	_ZN4vllm30reshape_and_cache_flash_kernelI13__nv_bfloat16S1_LNS_18Fp8KVCacheDataTypeE0EEEvPKT_S5_PT0_S7_PKlllllliiiPKfSB_i
0x55cff6a0	9	0x60d3c600	43523	805098152252584	0	564	0x0	0x0	8	1	1	512	1	1	8	_ZN4vllm30reshape_and_cache_flash_kernelI13__nv_bfloat16S1_LNS_18Fp8KVCacheDataTypeE0EEEvPKT_S5_PT0_S7_PKlllllliiiPKfSB_i
0x55cff6a0	9	0x60d43600	43537	805098152264872	0	564	0x0	0x0	8	1	1	512	1	1	8	_ZN4vllm30reshape_and_cache_flash_kernelI13__nv_bfloat16S1_LNS_18Fp8KVCacheDataTypeE0EEEvPKT_S5_PT0_S7_PKlllllliiiPKfSB_i
0x55cff6a0	9	0x60d4a610	43551	805098152277128	0	564	0x0	0x0	8	1	1	512	1	1	8	_ZN4vllm30reshape_and_cache_flash_kernelI13__nv_bfloat16S1_LNS_18Fp8KVCacheDataTypeE0EEEvPKT_S5_PT0_S7_PKlllllliiiPKfSB_i
0x55cff6a0	9	0x60d51610	43565	805098152290968	0	564	0x0	0x0	8	1	1	512	1	1	8	_ZN4vllm30reshape_and_cache_flash_kernelI13__nv_bfloat16S1_LNS_18Fp8KVCacheDataTypeE0EEEvPKT_S5_PT0_S7_PKlllllliiiPKfSB_i
0x55cff6a0	9	0x60d58610	43579	805098152303672	0	564	0x0	0x0	8	1	1	512	1	1	8	_ZN4vllm30reshape_and_cache_flash_kernelI13__nv_bfloat16S1_LNS_18Fp8KVCacheDataTypeE0EEEvPKT_S5_PT0_S7_PKlllllliiiPKfSB_i
0x55cff6a0	9	0x60d5f610	43593	805098152317288	0	564	0x0	0x0	8	1	1	512	1	1	8	_ZN4vllm30reshape_and_cache_flash_kernelI13__nv_bfloat16S1_LNS_18Fp8KVCacheDataTypeE0EEEvPKT_S5_PT0_S7_PKlllllliiiPKfSB_i
0x55cff6a0	9	0x60d66610	43607	805098152328184	0	564	0x0	0x0	8	1	1	512	1	1	8	_ZN4vllm30reshape_and_cache_flash_kernelI13__nv_bfloat16S1_LNS_18Fp8KVCacheDataTypeE0EEEvPKT_S5_PT0_S7_PKlllllliiiPKfSB_i
0x55cff6a0	9	0x60d6d610	43621	805098152338216	0	564	0x0	0x0	8	1	1	512	1	1	8	_ZN4vllm30reshape_and_cache_flash_kernelI13__nv_bfloat16S1_LNS_18Fp8KVCacheDataTypeE0EEEvPKT_S5_PT0_S7_PKlllllliiiPKfSB_i
0x55cff6a0	9	0x60d74610	43635	805098152348488	0	564	0x0	0x0	8	1	1	512	1	1	8	_ZN4vllm30reshape_and_cache_flash_kernelI13__nv_bfloat16S1_LNS_18Fp8KVCacheDataTypeE0EEEvPKT_S5_PT0_S7_PKlllllliiiPKfSB_i
0x55cff6a0	9	0x60d7b610	43649	805098152358616	0	564	0x0	0x0	8	1	1	512	1	1	8	_ZN4vllm30reshape_and_cache_flash_kernelI13__nv_bfloat16S1_LNS_18Fp8KVCacheDataTypeE0EEEvPKT_S5_PT0_S7_PKlllllliiiPKfSB_i
0x55cff6a0	9	0x60d82610	43663	805098152372216	0	564	0x0	0x0	8	1	1	512	1	1	8	_ZN4vllm30reshape_and_cache_flash_kernelI13__nv_bfloat16S1_LNS_18Fp8KVCacheDataTypeE0EEEvPKT_S5_PT0_S7_PKlllllliiiPKfSB_i
0x55cff6a0	9	0x60d89620	43677	805098152386584	0	564	0x0	0x0	8	1	1	512	1	1	8	_ZN4vllm30reshape_and_cache_flash_kernelI13__nv_bfloat16S1_LNS_18Fp8KVCacheDataTypeE0EEEvPKT_S5_PT0_S7_PKlllllliiiPKfSB_i
0x55cff6a0	9	0x60d90620	43691	805098152399800	0	564	0x0	0x0	8	1	1	512	1	1	8	_ZN4vllm30reshape_and_cache_flash_kernelI13__nv_bfloat16S1_LNS_18Fp8KVCacheDataTypeE0EEEvPKT_S5_PT0_S7_PKlllllliiiPKfSB_i
0x55cff6a0	9	0x60d97620	43705	805098152412792	0	564	0x0	0x0	8	1	1	512	1	1	8	_ZN4vllm30reshape_and_cache_flash_kernelI13__nv_bfloat16S1_LNS_18Fp8KVCacheDataTypeE0EEEvPKT_S5_PT0_S7_PKlllllliiiPKfSB_i
0x55cff6a0	9	0x60d9e620	43719	805098152427864	0	564	0x0	0x0	8	1	1	512	1	1	8	_ZN4vllm30reshape_and_cache_flash_kernelI13__nv_bfloat16S1_LNS_18Fp8KVCacheDataTypeE0EEEvPKT_S5_PT0_S7_PKlllllliiiPKfSB_i
0x55cff6a0	9	0x60da5620	43733	805098152445304	0	564	0x0	0x0	8	1	1	512	1	1	8	_ZN4vllm30reshape_and_cache_flash_kernelI13__nv_bfloat16S1_LNS_18Fp8KVCacheDataTypeE0EEEvPKT_S5_PT0_S7_PKlllllliiiPKfSB_i
0x55cff6a0	9	0x60dac620	43747	805098152459528	0	564	0x0	0x0	8	1	1	512	1	1	8	_ZN4vllm30reshape_and_cache_flash_kernelI13__nv_bfloat16S1_LNS_18Fp8KVCacheDataTypeE0EEEvPKT_S5_PT0_S7_PKlllllliiiPKfSB_i
0x55cff6a0	9	0x60db3620	43761	805098152474072	0	564	0x0	0x0	8	1	1	512	1	1	8	_ZN4vllm30reshape_and_cache_flash_kernelI13__nv_bfloat16S1_LNS_18Fp8KVCacheDataTypeE0EEEvPKT_S5_PT0_S7_PKlllllliiiPKfSB_i
0x55cff6a0	9	0x60dba620	43775	805098152484984	0	564	0x0	0x0	8	1	1	512	1	1	8	_ZN4vllm30reshape_and_cache_flash_kernelI13__nv_bfloat16S1_LNS_18Fp8KVCacheDataTypeE0EEEvPKT_S5_PT0_S7_PKlllllliiiPKfSB_i
0x55cff6a0	9	0x60dc1620	43789	805098152501032	0	564	0x0	0x0	8	1	1	512	1	1	8	_ZN4vllm30reshape_and_cache_flash_kernelI13__nv_bfloat16S1_LNS_18Fp8KVCacheDataTypeE0EEEvPKT_S5_PT0_S7_PKlllllliiiPKfSB_i
0x55cff6a0	9	0x60dc8630	43803	805098152513800	0	564	0x0	0x0	8	1	1	512	1	1	8	_ZN4vllm30reshape_and_cache_flash_kernelI13__nv_bfloat16S1_LNS_18Fp8KVCacheDataTypeE0EEEvPKT_S5_PT0_S7_PKlllllliiiPKfSB_i
0x55cff6a0	9	0x60dcf630	43817	805098152526408	0	564	0x0	0x0	8	1	1	512	1	1	8	_ZN4vllm30reshape_and_cache_flash_kernelI13__nv_bfloat16S1_LNS_18Fp8KVCacheDataTypeE0EEEvPKT_S5_PT0_S7_PKlllllliiiPKfSB_i
0x55cff6a0	9	0x60dd6630	43831	805098152538088	0	564	0x0	0x0	8	1	1	512	1	1	8	_ZN4vllm30reshape_and_cache_flash_kernelI13__nv_bfloat16S1_LNS_18Fp8KVCacheDataTypeE0EEEvPKT_S5_PT0_S7_PKlllllliiiPKfSB_i
0x55cff6a0	9	0x60ddd630	43845	805098152549464	0	564	0x0	0x0	8	1	1	512	1	1	8	_ZN4vllm30reshape_and_cache_flash_kernelI13__nv_bfloat16S1_LNS_18Fp8KVCacheDataTypeE0EEEvPKT_S5_PT0_S7_PKlllllliiiPKfSB_i
0x55cff6a0	9	0x60de4630	43859	805098152563496	0	564	0x0	0x0	8	1	1	512	1	1	8	_ZN4vllm30reshape_and_cache_flash_kernelI13__nv_bfloat16S1_LNS_18Fp8KVCacheDataTypeE0EEEvPKT_S5_PT0_S7_PKlllllliiiPKfSB_i
0x55cff6a0	9	0x60deb630	43873	805098152595832	0	564	0x0	0x0	8	1	1	512	1	1	8	_ZN4vllm30reshape_and_cache_flash_kernelI13__nv_bfloat16S1_LNS_18Fp8KVCacheDataTypeE0EEEvPKT_S5_PT0_S7_PKlllllliiiPKfSB_i
0x55cff6a0	9	0x60df2630	43887	805098152607832	0	564	0x0	0x0	8	1	1	512	1	1	8	_ZN4vllm30reshape_and_cache_flash_kernelI13__nv_bfloat16S1_LNS_18Fp8KVCacheDataTypeE0EEEvPKT_S5_PT0_S7_PKlllllliiiPKfSB_i
0x55cff6a0	9	0x60df9630	43901	805098152618424	0	564	0x0	0x0	8	1	1	512	1	1	8	_ZN4vllm30reshape_and_cache_flash_kernelI13__nv_bfloat16S1_LNS_18Fp8KVCacheDataTypeE0EEEvPKT_S5_PT0_S7_PKlllllliiiPKfSB_i
0x55cff6a0	9	0x60e00630	43915	805098152629960	0	564	0x0	0x0	8	1	1	512	1	1	8	_ZN4vllm30reshape_and_cache_flash_kernelI13__nv_bfloat16S1_LNS_18Fp8KVCacheDataTypeE0EEEvPKT_S5_PT0_S7_PKlllllliiiPKfSB_i
0x55cff6a0	9	0x60e07640	43929	805098152643656	0	564	0x0	0x0	8	1	1	512	1	1	8	_ZN4vllm30reshape_and_cache_flash_kernelI13__nv_bfloat16S1_LNS_18Fp8KVCacheDataTypeE0EEEvPKT_S5_PT0_S7_PKlllllliiiPKfSB_i
0x55cff6a0	10	0x60ce8a90	43383	805098273346824	0	564	0x0	0x0	8	1	1	512	1	1	8	_ZN4vllm30reshape_and_cache_flash_kernelI13__nv_bfloat16S1_LNS_18Fp8KVCacheDataTypeE0EEEvPKT_S5_PT0_S7_PKlllllliiiPKfSB_i
0x55cff6a0	10	0x60cefa90	43397	805098273391736	0	564	0x0	0x0	8	1	1	512	1	1	8	_ZN4vllm30reshape_and_cache_flash_kernelI13__nv_bfloat16S1_LNS_18Fp8KVCacheDataTypeE0EEEvPKT_S5_PT0_S7_PKlllllliiiPKfSB_i
0x55cff6a0	10	0x60cf6a90	43411	805098273417784	0	564	0x0	0x0	8	1	1	512	1	1	8	_ZN4vllm30reshape_and_cache_flash_kernelI13__nv_bfloat16S1_LNS_18Fp8KVCacheDataTypeE0EEEvPKT_S5_PT0_S7_PKlllllliiiPKfSB_i
0x55cff6a0	10	0x60d0b600	43425	805098273442856	0	564	0x0	0x0	8	1	1	512	1	1	8	_ZN4vllm30reshape_and_cache_flash_kernelI13__nv_bfloat16S1_LNS_18Fp8KVCacheDataTypeE0EEEvPKT_S5_PT0_S7_PKlllllliiiPKfSB_i
0x55cff6a0	10	0x60d12600	43439	805098273454824	0	564	0x0	0x0	8	1	1	512	1	1	8	_ZN4vllm30reshape_and_cache_flash_kernelI13__nv_bfloat16S1_LNS_18Fp8KVCacheDataTypeE0EEEvPKT_S5_PT0_S7_PKlllllliiiPKfSB_i
0x55cff6a0	10	0x60d19600	43453	805098273464904	0	564	0x0	0x0	8	1	1	512	1	1	8	_ZN4vllm30reshape_and_cache_flash_kernelI13__nv_bfloat16S1_LNS_18Fp8KVCacheDataTypeE0EEEvPKT_S5_PT0_S7_PKlllllliiiPKfSB_i
0x55cff6a0	10	0x60d20600	43467	805098273476392	0	564	0x0	0x0	8	1	1	512	1	1	8	_ZN4vllm30reshape_and_cache_flash_kernelI13__nv_bfloat16S1_LNS_18Fp8KVCacheDataTypeE0EEEvPKT_S5_PT0_S7_PKlllllliiiPKfSB_i
0x55cff6a0	10	0x60d27600	43481	805098273486248	0	564	0x0	0x0	8	1	1	512	1	1	8	_ZN4vllm30reshape_and_cache_flash_kernelI13__nv_bfloat16S1_LNS_18Fp8KVCacheDataTypeE0EEEvPKT_S5_PT0_S7_PKlllllliiiPKfSB_i
0x55cff6a0	10	0x60d2e600	43495	805098273496760	0	564	0x0	0x0	8	1	1	512	1	1	8	_ZN4vllm30reshape_and_cache_flash_kernelI13__nv_bfloat16S1_LNS_18Fp8KVCacheDataTypeE0EEEvPKT_S5_PT0_S7_PKlllllliiiPKfSB_i
0x55cff6a0	10	0x60d35600	43509	805098273507848	0	564	0x0	0x0	8	1	1	512	1	1	8	_ZN4vllm30reshape_and_cache_flash_kernelI13__nv_bfloat16S1_LNS_18Fp8KVCacheDataTypeE0EEEvPKT_S5_PT0_S7_PKlllllliiiPKfSB_i
0x55cff6a0	10	0x60d3c600	43523	805098273518552	0	564	0x0	0x0	8	1	1	512	1	1	8	_ZN4vllm30reshape_and_cache_flash_kernelI13__nv_bfloat16S1_LNS_18Fp8KVCacheDataTypeE0EEEvPKT_S5_PT0_S7_PKlllllliiiPKfSB_i
0x55cff6a0	10	0x60d43600	43537	805098273529288	0	564	0x0	0x0	8	1	1	512	1	1	8	_ZN4vllm30reshape_and_cache_flash_kernelI13__nv_bfloat16S1_LNS_18Fp8KVCacheDataTypeE0EEEvPKT_S5_PT0_S7_PKlllllliiiPKfSB_i
0x55cff6a0	10	0x60d4a610	43551	805098273540504	0	564	0x0	0x0	8	1	1	512	1	1	8	_ZN4vllm30reshape_and_cache_flash_kernelI13__nv_bfloat16S1_LNS_18Fp8KVCacheDataTypeE0EEEvPKT_S5_PT0_S7_PKlllllliiiPKfSB_i
0x55cff6a0	10	0x60d51610	43565	805098273552968	0	564	0x0	0x0	8	1	1	512	1	1	8	_ZN4vllm30reshape_and_cache_flash_kernelI13__nv_bfloat16S1_LNS_18Fp8KVCacheDataTypeE0EEEvPKT_S5_PT0_S7_PKlllllliiiPKfSB_i
0x55cff6a0	10	0x60d58610	43579	805098273563768	0	564	0x0	0x0	8	1	1	512	1	1	8	_ZN4vllm30reshape_and_cache_flash_kernelI13__nv_bfloat16S1_LNS_18Fp8KVCacheDataTypeE0EEEvPKT_S5_PT0_S7_PKlllllliiiPKfSB_i
0x55cff6a0	10	0x60d5f610	43593	805098273576408	0	564	0x0	0x0	8	1	1	512	1	1	8	_ZN4vllm30reshape_and_cache_flash_kernelI13__nv_bfloat16S1_LNS_18Fp8KVCacheDataTypeE0EEEvPKT_S5_PT0_S7_PKlllllliiiPKfSB_i
0x55cff6a0	10	0x60d66610	43607	805098273593016	0	564	0x0	0x0	8	1	1	512	1	1	8	_ZN4vllm30reshape_and_cache_flash_kernelI13__nv_bfloat16S1_LNS_18Fp8KVCacheDataTypeE0EEEvPKT_S5_PT0_S7_PKlllllliiiPKfSB_i
0x55cff6a0	10	0x60d6d610	43621	805098273607352	0	564	0x0	0x0	8	1	1	512	1	1	8	_ZN4vllm30reshape_and_cache_flash_kernelI13__nv_bfloat16S1_LNS_18Fp8KVCacheDataTypeE0EEEvPKT_S5_PT0_S7_PKlllllliiiPKfSB_i
0x55cff6a0	10	0x60d74610	43635	805098273618456	0	564	0x0	0x0	8	1	1	512	1	1	8	_ZN4vllm30reshape_and_cache_flash_kernelI13__nv_bfloat16S1_LNS_18Fp8KVCacheDataTypeE0EEEvPKT_S5_PT0_S7_PKlllllliiiPKfSB_i
0x55cff6a0	10	0x60d7b610	43649	805098273632568	0	564	0x0	0x0	8	1	1	512	1	1	8	_ZN4vllm30reshape_and_cache_flash_kernelI13__nv_bfloat16S1_LNS_18Fp8KVCacheDataTypeE0EEEvPKT_S5_PT0_S7_PKlllllliiiPKfSB_i
0x55cff6a0	10	0x60d82610	43663	805098273643912	0	564	0x0	0x0	8	1	1	512	1	1	8	_ZN4vllm30reshape_and_cache_flash_kernelI13__nv_bfloat16S1_LNS_18Fp8KVCacheDataTypeE0EEEvPKT_S5_PT0_S7_PKlllllliiiPKfSB_i
0x55cff6a0	10	0x60d89620	43677	805098273654344	0	564	0x0	0x0	8	1	1	512	1	1	8	_ZN4vllm30reshape_and_cache_flash_kernelI13__nv_bfloat16S1_LNS_18Fp8KVCacheDataTypeE0EEEvPKT_S5_PT0_S7_PKlllllliiiPKfSB_i
0x55cff6a0	10	0x60d90620	43691	805098273664520	0	564	0x0	0x0	8	1	1	512	1	1	8	_ZN4vllm30reshape_and_cache_flash_kernelI13__nv_bfloat16S1_LNS_18Fp8KVCacheDataTypeE0EEEvPKT_S5_PT0_S7_PKlllllliiiPKfSB_i
0x55cff6a0	10	0x60d97620	43705	805098273675896	0	564	0x0	0x0	8	1	1	512	1	1	8	_ZN4vllm30reshape_and_cache_flash_kernelI13__nv_bfloat16S1_LNS_18Fp8KVCacheDataTypeE0EEEvPKT_S5_PT0_S7_PKlllllliiiPKfSB_i
0x55cff6a0	10	0x60d9e620	43719	805098273689192	0	564	0x0	0x0	8	1	1	512	1	1	8	_ZN4vllm30reshape_and_cache_flash_kernelI13__nv_bfloat16S1_LNS_18Fp8KVCacheDataTypeE0EEEvPKT_S5_PT0_S7_PKlllllliiiPKfSB_i
0x55cff6a0	10	0x60da5620	43733	805098273705096	0	564	0x0	0x0	8	1	1	512	1	1	8	_ZN4vllm30reshape_and_cache_flash_kernelI13__nv_bfloat16S1_LNS_18Fp8KVCacheDataTypeE0EEEvPKT_S5_PT0_S7_PKlllllliiiPKfSB_i
0x55cff6a0	10	0x60dac620	43747	805098273715288	0	564	0x0	0x0	8	1	1	512	1	1	8	_ZN4vllm30reshape_and_cache_flash_kernelI13__nv_bfloat16S1_LNS_18Fp8KVCacheDataTypeE0EEEvPKT_S5_PT0_S7_PKlllllliiiPKfSB_i
0x55cff6a0	10	0x60db3620	43761	805098273724216	0	564	0x0	0x0	8	1	1	512	1	1	8	_ZN4vllm30reshape_and_cache_flash_kernelI13__nv_bfloat16S1_LNS_18Fp8KVCacheDataTypeE0EEEvPKT_S5_PT0_S7_PKlllllliiiPKfSB_i
0x55cff6a0	10	0x60dba620	43775	805098273734312	0	564	0x0	0x0	8	1	1	512	1	1	8	_ZN4vllm30reshape_and_cache_flash_kernelI13__nv_bfloat16S1_LNS_18Fp8KVCacheDataTypeE0EEEvPKT_S5_PT0_S7_PKlllllliiiPKfSB_i
0x55cff6a0	10	0x60dc1620	43789	805098273746392	0	564	0x0	0x0	8	1	1	512	1	1	8	_ZN4vllm30reshape_and_cache_flash_kernelI13__nv_bfloat16S1_LNS_18Fp8KVCacheDataTypeE0EEEvPKT_S5_PT0_S7_PKlllllliiiPKfSB_i
0x55cff6a0	10	0x60dc8630	43803	805098273758760	0	564	0x0	0x0	8	1	1	512	1	1	8	_ZN4vllm30reshape_and_cache_flash_kernelI13__nv_bfloat16S1_LNS_18Fp8KVCacheDataTypeE0EEEvPKT_S5_PT0_S7_PKlllllliiiPKfSB_i
0x55cff6a0	10	0x60dcf630	43817	805098273771784	0	564	0x0	0x0	8	1	1	512	1	1	8	_ZN4vllm30reshape_and_cache_flash_kernelI13__nv_bfloat16S1_LNS_18Fp8KVCacheDataTypeE0EEEvPKT_S5_PT0_S7_PKlllllliiiPKfSB_i
0x55cff6a0	10	0x60dd6630	43831	805098273784056	0	564	0x0	0x0	8	1	1	512	1	1	8	_ZN4vllm30reshape_and_cache_flash_kernelI13__nv_bfloat16S1_LNS_18Fp8KVCacheDataTypeE0EEEvPKT_S5_PT0_S7_PKlllllliiiPKfSB_i
0x55cff6a0	10	0x60ddd630	43845	805098273797608	0	564	0x0	0x0	8	1	1	512	1	1	8	_ZN4vllm30reshape_and_cache_flash_kernelI13__nv_bfloat16S1_LNS_18Fp8KVCacheDataTypeE0EEEvPKT_S5_PT0_S7_PKlllllliiiPKfSB_i
0x55cff6a0	10	0x60de4630	43859	805098273813879	0	564	0x0	0x0	8	1	1	512	1	1	8	_ZN4vllm30reshape_and_cache_flash_kernelI13__nv_bfloat16S1_LNS_18Fp8KVCacheDataTypeE0EEEvPKT_S5_PT0_S7_PKlllllliiiPKfSB_i
0x55cff6a0	10	0x60deb630	43873	805098273827671	0	564	0x0	0x0	8	1	1	512	1	1	8	_ZN4vllm30reshape_and_cache_flash_kernelI13__nv_bfloat16S1_LNS_18Fp8KVCacheDataTypeE0EEEvPKT_S5_PT0_S7_PKlllllliiiPKfSB_i
0x55cff6a0	10	0x60df2630	43887	805098273838151	0	564	0x0	0x0	8	1	1	512	1	1	8	_ZN4vllm30reshape_and_cache_flash_kernelI13__nv_bfloat16S1_LNS_18Fp8KVCacheDataTypeE0EEEvPKT_S5_PT0_S7_PKlllllliiiPKfSB_i
0x55cff6a0	10	0x60df9630	43901	805098273851271	0	564	0x0	0x0	8	1	1	512	1	1	8	_ZN4vllm30reshape_and_cache_flash_kernelI13__nv_bfloat16S1_LNS_18Fp8KVCacheDataTypeE0EEEvPKT_S5_PT0_S7_PKlllllliiiPKfSB_i
0x55cff6a0	10	0x60e00630	43915	805098273912215	0	564	0x0	0x0	8	1	1	512	1	1	8	_ZN4vllm30reshape_and_cache_flash_kernelI13__nv_bfloat16S1_LNS_18Fp8KVCacheDataTypeE0EEEvPKT_S5_PT0_S7_PKlllllliiiPKfSB_i
0x55cff6a0	10	0x60e07640	43929	805098273932359	0	564	0x0	0x0	8	1	1	512	1	1	8	_ZN4vllm30reshape_and_cache_flash_kernelI13__nv_bfloat16S1_LNS_18Fp8KVCacheDataTypeE0EEEvPKT_S5_PT0_S7_PKlllllliiiPKfSB_i
0x55cff6a0	11	0x60ce8a90	43383	805098513539068	0	564	0x0	0x0	8	1	1	512	1	1	8	_ZN4vllm30reshape_and_cache_flash_kernelI13__nv_bfloat16S1_LNS_18Fp8KVCacheDataTypeE0EEEvPKT_S5_PT0_S7_PKlllllliiiPKfSB_i
0x55cff6a0	11	0x60cefa90	43397	805098513559276	0	564	0x0	0x0	8	1	1	512	1	1	8	_ZN4vllm30reshape_and_cache_flash_kernelI13__nv_bfloat16S1_LNS_18Fp8KVCacheDataTypeE0EEEvPKT_S5_PT0_S7_PKlllllliiiPKfSB_i
0x55cff6a0	11	0x60cf6a90	43411	805098513575900	0	564	0x0	0x0	8	1	1	512	1	1	8	_ZN4vllm30reshape_and_cache_flash_kernelI13__nv_bfloat16S1_LNS_18Fp8KVCacheDataTypeE0EEEvPKT_S5_PT0_S7_PKlllllliiiPKfSB_i
0x55cff6a0	11	0x60d0b600	43425	805098513589932	0	564	0x0	0x0	8	1	1	512	1	1	8	_ZN4vllm30reshape_and_cache_flash_kernelI13__nv_bfloat16S1_LNS_18Fp8KVCacheDataTypeE0EEEvPKT_S5_PT0_S7_PKlllllliiiPKfSB_i
0x55cff6a0	11	0x60d12600	43439	805098513599804	0	564	0x0	0x0	8	1	1	512	1	1	8	_ZN4vllm30reshape_and_cache_flash_kernelI13__nv_bfloat16S1_LNS_18Fp8KVCacheDataTypeE0EEEvPKT_S5_PT0_S7_PKlllllliiiPKfSB_i
0x55cff6a0	11	0x60d19600	43453	805098513609740	0	564	0x0	0x0	8	1	1	512	1	1	8	_ZN4vllm30reshape_and_cache_flash_kernelI13__nv_bfloat16S1_LNS_18Fp8KVCacheDataTypeE0EEEvPKT_S5_PT0_S7_PKlllllliiiPKfSB_i
0x55cff6a0	11	0x60d20600	43467	805098513619964	0	564	0x0	0x0	8	1	1	512	1	1	8	_ZN4vllm30reshape_and_cache_flash_kernelI13__nv_bfloat16S1_LNS_18Fp8KVCacheDataTypeE0EEEvPKT_S5_PT0_S7_PKlllllliiiPKfSB_i
0x55cff6a0	11	0x60d27600	43481	805098513629292	0	564	0x0	0x0	8	1	1	512	1	1	8	_ZN4vllm30reshape_and_cache_flash_kernelI13__nv_bfloat16S1_LNS_18Fp8KVCacheDataTypeE0EEEvPKT_S5_PT0_S7_PKlllllliiiPKfSB_i
0x55cff6a0	11	0x60d2e600	43495	805098513638828	0	564	0x0	0x0	8	1	1	512	1	1	8	_ZN4vllm30reshape_and_cache_flash_kernelI13__nv_bfloat16S1_LNS_18Fp8KVCacheDataTypeE0EEEvPKT_S5_PT0_S7_PKlllllliiiPKfSB_i
0x55cff6a0	11	0x60d35600	43509	805098513648700	0	564	0x0	0x0	8	1	1	512	1	1	8	_ZN4vllm30reshape_and_cache_flash_kernelI13__nv_bfloat16S1_LNS_18Fp8KVCacheDataTypeE0EEEvPKT_S5_PT0_S7_PKlllllliiiPKfSB_i
0x55cff6a0	11	0x60d3c600	43523	805098513658812	0	564	0x0	0x0	8	1	1	512	1	1	8	_ZN4vllm30reshape_and_cache_flash_kernelI13__nv_bfloat16S1_LNS_18Fp8KVCacheDataTypeE0EEEvPKT_S5_PT0_S7_PKlllllliiiPKfSB_i
0x55cff6a0	11	0x60d43600	43537	805098513668300	0	564	0x0	0x0	8	1	1	512	1	1	8	_ZN4vllm30reshape_and_cache_flash_kernelI13__nv_bfloat16S1_LNS_18Fp8KVCacheDataTypeE0EEEvPKT_S5_PT0_S7_PKlllllliiiPKfSB_i
0x55cff6a0	11	0x60d4a610	43551	805098513678108	0	564	0x0	0x0	8	1	1	512	1	1	8	_ZN4vllm30reshape_and_cache_flash_kernelI13__nv_bfloat16S1_LNS_18Fp8KVCacheDataTypeE0EEEvPKT_S5_PT0_S7_PKlllllliiiPKfSB_i
0x55cff6a0	11	0x60d51610	43565	805098513688124	0	564	0x0	0x0	8	1	1	512	1	1	8	_ZN4vllm30reshape_and_cache_flash_kernelI13__nv_bfloat16S1_LNS_18Fp8KVCacheDataTypeE0EEEvPKT_S5_PT0_S7_PKlllllliiiPKfSB_i
0x55cff6a0	11	0x60d58610	43579	805098513697548	0	564	0x0	0x0	8	1	1	512	1	1	8	_ZN4vllm30reshape_and_cache_flash_kernelI13__nv_bfloat16S1_LNS_18Fp8KVCacheDataTypeE0EEEvPKT_S5_PT0_S7_PKlllllliiiPKfSB_i
0x55cff6a0	11	0x60d5f610	43593	805098513707340	0	564	0x0	0x0	8	1	1	512	1	1	8	_ZN4vllm30reshape_and_cache_flash_kernelI13__nv_bfloat16S1_LNS_18Fp8KVCacheDataTypeE0EEEvPKT_S5_PT0_S7_PKlllllliiiPKfSB_i
0x55cff6a0	11	0x60d66610	43607	805098513717452	0	564	0x0	0x0	8	1	1	512	1	1	8	_ZN4vllm30reshape_and_cache_flash_kernelI13__nv_bfloat16S1_LNS_18Fp8KVCacheDataTypeE0EEEvPKT_S5_PT0_S7_PKlllllliiiPKfSB_i
0x55cff6a0	11	0x60d6d610	43621	805098513726748	0	564	0x0	0x0	8	1	1	512	1	1	8	_ZN4vllm30reshape_and_cache_flash_kernelI13__nv_bfloat16S1_LNS_18Fp8KVCacheDataTypeE0EEEvPKT_S5_PT0_S7_PKlllllliiiPKfSB_i
0x55cff6a0	11	0x60d74610	43635	805098513736252	0	564	0x0	0x0	8	1	1	512	1	1	8	_ZN4vllm30reshape_and_cache_flash_kernelI13__nv_bfloat16S1_LNS_18Fp8KVCacheDataTypeE0EEEvPKT_S5_PT0_S7_PKlllllliiiPKfSB_i
0x55cff6a0	11	0x60d7b610	43649	805098513745020	0	564	0x0	0x0	8	1	1	512	1	1	8	_ZN4vllm30reshape_and_cache_flash_kernelI13__nv_bfloat16S1_LNS_18Fp8KVCacheDataTypeE0EEEvPKT_S5_PT0_S7_PKlllllliiiPKfSB_i
0x55cff6a0	11	0x60d82610	43663	805098513754460	0	564	0x0	0x0	8	1	1	512	1	1	8	_ZN4vllm30reshape_and_cache_flash_kernelI13__nv_bfloat16S1_LNS_18Fp8KVCacheDataTypeE0EEEvPKT_S5_PT0_S7_PKlllllliiiPKfSB_i
0x55cff6a0	11	0x60d89620	43677	805098513764044	0	564	0x0	0x0	8	1	1	512	1	1	8	_ZN4vllm30reshape_and_cache_flash_kernelI13__nv_bfloat16S1_LNS_18Fp8KVCacheDataTypeE0EEEvPKT_S5_PT0_S7_PKlllllliiiPKfSB_i
0x55cff6a0	11	0x60d90620	43691	805098513773052	0	564	0x0	0x0	8	1	1	512	1	1	8	_ZN4vllm30reshape_and_cache_flash_kernelI13__nv_bfloat16S1_LNS_18Fp8KVCacheDataTypeE0EEEvPKT_S5_PT0_S7_PKlllllliiiPKfSB_i
0x55cff6a0	11	0x60d97620	43705	805098513781756	0	564	0x0	0x0	8	1	1	512	1	1	8	_ZN4vllm30reshape_and_cache_flash_kernelI13__nv_bfloat16S1_LNS_18Fp8KVCacheDataTypeE0EEEvPKT_S5_PT0_S7_PKlllllliiiPKfSB_i
0x55cff6a0	11	0x60d9e620	43719	805098513791020	0	564	0x0	0x0	8	1	1	512	1	1	8	_ZN4vllm30reshape_and_cache_flash_kernelI13__nv_bfloat16S1_LNS_18Fp8KVCacheDataTypeE0EEEvPKT_S5_PT0_S7_PKlllllliiiPKfSB_i
0x55cff6a0	11	0x60da5620	43733	805098513800428	0	564	0x0	0x0	8	1	1	512	1	1	8	_ZN4vllm30reshape_and_cache_flash_kernelI13__nv_bfloat16S1_LNS_18Fp8KVCacheDataTypeE0EEEvPKT_S5_PT0_S7_PKlllllliiiPKfSB_i
0x55cff6a0	11	0x60dac620	43747	805098513809308	0	564	0x0	0x0	8	1	1	512	1	1	8	_ZN4vllm30reshape_and_cache_flash_kernelI13__nv_bfloat16S1_LNS_18Fp8KVCacheDataTypeE0EEEvPKT_S5_PT0_S7_PKlllllliiiPKfSB_i
0x55cff6a0	11	0x60db3620	43761	805098513818460	0	564	0x0	0x0	8	1	1	512	1	1	8	_ZN4vllm30reshape_and_cache_flash_kernelI13__nv_bfloat16S1_LNS_18Fp8KVCacheDataTypeE0EEEvPKT_S5_PT0_S7_PKlllllliiiPKfSB_i
0x55cff6a0	11	0x60dba620	43775	805098513827580	0	564	0x0	0x0	8	1	1	512	1	1	8	_ZN4vllm30reshape_and_cache_flash_kernelI13__nv_bfloat16S1_LNS_18Fp8KVCacheDataTypeE0EEEvPKT_S5_PT0_S7_PKlllllliiiPKfSB_i
0x55cff6a0	11	0x60dc1620	43789	805098513836556	0	564	0x0	0x0	8	1	1	512	1	1	8	_ZN4vllm30reshape_and_cache_flash_kernelI13__nv_bfloat16S1_LNS_18Fp8KVCacheDataTypeE0EEEvPKT_S5_PT0_S7_PKlllllliiiPKfSB_i
0x55cff6a0	11	0x60dc8630	43803	805098513845468	0	564	0x0	0x0	8	1	1	512	1	1	8	_ZN4vllm30reshape_and_cache_flash_kernelI13__nv_bfloat16S1_LNS_18Fp8KVCacheDataTypeE0EEEvPKT_S5_PT0_S7_PKlllllliiiPKfSB_i
0x55cff6a0	11	0x60dcf630	43817	805098513854140	0	564	0x0	0x0	8	1	1	512	1	1	8	_ZN4vllm30reshape_and_cache_flash_kernelI13__nv_bfloat16S1_LNS_18Fp8KVCacheDataTypeE0EEEvPKT_S5_PT0_S7_PKlllllliiiPKfSB_i
0x55cff6a0	11	0x60dd6630	43831	805098513863020	0	564	0x0	0x0	8	1	1	512	1	1	8	_ZN4vllm30reshape_and_cache_flash_kernelI13__nv_bfloat16S1_LNS_18Fp8KVCacheDataTypeE0EEEvPKT_S5_PT0_S7_PKlllllliiiPKfSB_i
0x55cff6a0	11	0x60ddd630	43845	805098513872012	0	564	0x0	0x0	8	1	1	512	1	1	8	_ZN4vllm30reshape_and_cache_flash_kernelI13__nv_bfloat16S1_LNS_18Fp8KVCacheDataTypeE0EEEvPKT_S5_PT0_S7_PKlllllliiiPKfSB_i
0x55cff6a0	11	0x60de4630	43859	805098513881340	0	564	0x0	0x0	8	1	1	512	1	1	8	_ZN4vllm30reshape_and_cache_flash_kernelI13__nv_bfloat16S1_LNS_18Fp8KVCacheDataTypeE0EEEvPKT_S5_PT0_S7_PKlllllliiiPKfSB_i
0x55cff6a0	11	0x60deb630	43873	805098513890700	0	564	0x0	0x0	8	1	1	512	1	1	8	_ZN4vllm30reshape_and_cache_flash_kernelI13__nv_bfloat16S1_LNS_18Fp8KVCacheDataTypeE0EEEvPKT_S5_PT0_S7_PKlllllliiiPKfSB_i
0x55cff6a0	11	0x60df2630	43887	805098513899644	0	564	0x0	0x0	8	1	1	512	1	1	8	_ZN4vllm30reshape_and_cache_flash_kernelI13__nv_bfloat16S1_LNS_18Fp8KVCacheDataTypeE0EEEvPKT_S5_PT0_S7_PKlllllliiiPKfSB_i
0x55cff6a0	11	0x60df9630	43901	805098513908748	0	564	0x0	0x0	8	1	1	512	1	1	8	_ZN4vllm30reshape_and_cache_flash_kernelI13__nv_bfloat16S1_LNS_18Fp8KVCacheDataTypeE0EEEvPKT_S5_PT0_S7_PKlllllliiiPKfSB_i
0x55cff6a0	11	0x60e00630	43915	805098513917884	0	564	0x0	0x0	8	1	1	512	1	1	8	_ZN4vllm30reshape_and_cache_flash_kernelI13__nv_bfloat16S1_LNS_18Fp8KVCacheDataTypeE0EEEvPKT_S5_PT0_S7_PKlllllliiiPKfSB_i
0x55cff6a0	11	0x60e07640	43929	805098513926684	0	564	0x0	0x0	8	1	1	512	1	1	8	_ZN4vllm30reshape_and_cache_flash_kernelI13__nv_bfloat16S1_LNS_18Fp8KVCacheDataTypeE0EEEvPKT_S5_PT0_S7_PKlllllliiiPKfSB_i
0x55cff6a0	12	0x60ce8a90	43383	805098516394967	0	564	0x0	0x0	8	1	1	512	1	1	8	_ZN4vllm30reshape_and_cache_flash_kernelI13__nv_bfloat16S1_LNS_18Fp8KVCacheDataTypeE0EEEvPKT_S5_PT0_S7_PKlllllliiiPKfSB_i
0x55cff6a0	12	0x60cefa90	43397	805098516413367	0	564	0x0	0x0	8	1	1	512	1	1	8	_ZN4vllm30reshape_and_cache_flash_kernelI13__nv_bfloat16S1_LNS_18Fp8KVCacheDataTypeE0EEEvPKT_S5_PT0_S7_PKlllllliiiPKfSB_i
0x55cff6a0	12	0x60cf6a90	43411	805098516422887	0	564	0x0	0x0	8	1	1	512	1	1	8	_ZN4vllm30reshape_and_cache_flash_kernelI13__nv_bfloat16S1_LNS_18Fp8KVCacheDataTypeE0EEEvPKT_S5_PT0_S7_PKlllllliiiPKfSB_i
0x55cff6a0	12	0x60d0b600	43425	805098516432407	0	564	0x0	0x0	8	1	1	512	1	1	8	_ZN4vllm30reshape_and_cache_flash_kernelI13__nv_bfloat16S1_LNS_18Fp8KVCacheDataTypeE0EEEvPKT_S5_PT0_S7_PKlllllliiiPKfSB_i
0x55cff6a0	12	0x60d12600	43439	805098516441143	0	564	0x0	0x0	8	1	1	512	1	1	8	_ZN4vllm30reshape_and_cache_flash_kernelI13__nv_bfloat16S1_LNS_18Fp8KVCacheDataTypeE0EEEvPKT_S5_PT0_S7_PKlllllliiiPKfSB_i
0x55cff6a0	12	0x60d19600	43453	805098516449943	0	564	0x0	0x0	8	1	1	512	1	1	8	_ZN4vllm30reshape_and_cache_flash_kernelI13__nv_bfloat16S1_LNS_18Fp8KVCacheDataTypeE0EEEvPKT_S5_PT0_S7_PKlllllliiiPKfSB_i
0x55cff6a0	12	0x60d20600	43467	805098516458711	0	564	0x0	0x0	8	1	1	512	1	1	8	_ZN4vllm30reshape_and_cache_flash_kernelI13__nv_bfloat16S1_LNS_18Fp8KVCacheDataTypeE0EEEvPKT_S5_PT0_S7_PKlllllliiiPKfSB_i
0x55cff6a0	12	0x60d27600	43481	805098516467735	0	564	0x0	0x0	8	1	1	512	1	1	8	_ZN4vllm30reshape_and_cache_flash_kernelI13__nv_bfloat16S1_LNS_18Fp8KVCacheDataTypeE0EEEvPKT_S5_PT0_S7_PKlllllliiiPKfSB_i
0x55cff6a0	12	0x60d2e600	43495	805098516476775	0	564	0x0	0x0	8	1	1	512	1	1	8	_ZN4vllm30reshape_and_cache_flash_kernelI13__nv_bfloat16S1_LNS_18Fp8KVCacheDataTypeE0EEEvPKT_S5_PT0_S7_PKlllllliiiPKfSB_i
0x55cff6a0	12	0x60d35600	43509	805098516485319	0	564	0x0	0x0	8	1	1	512	1	1	8	_ZN4vllm30reshape_and_cache_flash_kernelI13__nv_bfloat16S1_LNS_18Fp8KVCacheDataTypeE0EEEvPKT_S5_PT0_S7_PKlllllliiiPKfSB_i
0x55cff6a0	12	0x60d3c600	43523	805098516494134	0	564	0x0	0x0	8	1	1	512	1	1	8	_ZN4vllm30reshape_and_cache_flash_kernelI13__nv_bfloat16S1_LNS_18Fp8KVCacheDataTypeE0EEEvPKT_S5_PT0_S7_PKlllllliiiPKfSB_i
0x55cff6a0	12	0x60d43600	43537	805098516502966	0	564	0x0	0x0	8	1	1	512	1	1	8	_ZN4vllm30reshape_and_cache_flash_kernelI13__nv_bfloat16S1_LNS_18Fp8KVCacheDataTypeE0EEEvPKT_S5_PT0_S7_PKlllllliiiPKfSB_i
0x55cff6a0	12	0x60d4a610	43551	805098516511558	0	564	0x0	0x0	8	1	1	512	1	1	8	_ZN4vllm30reshape_and_cache_flash_kernelI13__nv_bfloat16S1_LNS_18Fp8KVCacheDataTypeE0EEEvPKT_S5_PT0_S7_PKlllllliiiPKfSB_i
0x55cff6a0	12	0x60d51610	43565	805098516520214	0	564	0x0	0x0	8	1	1	512	1	1	8	_ZN4vllm30reshape_and_cache_flash_kernelI13__nv_bfloat16S1_LNS_18Fp8KVCacheDataTypeE0EEEvPKT_S5_PT0_S7_PKlllllliiiPKfSB_i
0x55cff6a0	12	0x60d58610	43579	805098516528838	0	564	0x0	0x0	8	1	1	512	1	1	8	_ZN4vllm30reshape_and_cache_flash_kernelI13__nv_bfloat16S1_LNS_18Fp8KVCacheDataTypeE0EEEvPKT_S5_PT0_S7_PKlllllliiiPKfSB_i
0x55cff6a0	12	0x60d5f610	43593	805098516537430	0	564	0x0	0x0	8	1	1	512	1	1	8	_ZN4vllm30reshape_and_cache_flash_kernelI13__nv_bfloat16S1_LNS_18Fp8KVCacheDataTypeE0EEEvPKT_S5_PT0_S7_PKlllllliiiPKfSB_i
0x55cff6a0	12	0x60d66610	43607	805098516546214	0	564	0x0	0x0	8	1	1	512	1	1	8	_ZN4vllm30reshape_and_cache_flash_kernelI13__nv_bfloat16S1_LNS_18Fp8KVCacheDataTypeE0EEEvPKT_S5_PT0_S7_PKlllllliiiPKfSB_i
0x55cff6a0	12	0x60d6d610	43621	805098516554982	0	564	0x0	0x0	8	1	1	512	1	1	8	_ZN4vllm30reshape_and_cache_flash_kernelI13__nv_bfloat16S1_LNS_18Fp8KVCacheDataTypeE0EEEvPKT_S5_PT0_S7_PKlllllliiiPKfSB_i
0x55cff6a0	12	0x60d74610	43635	805098516563910	0	564	0x0	0x0	8	1	1	512	1	1	8	_ZN4vllm30reshape_and_cache_flash_kernelI13__nv_bfloat16S1_LNS_18Fp8KVCacheDataTypeE0EEEvPKT_S5_PT0_S7_PKlllllliiiPKfSB_i
0x55cff6a0	12	0x60d7b610	43649	805098516572502	0	564	0x0	0x0	8	1	1	512	1	1	8	_ZN4vllm30reshape_and_cache_flash_kernelI13__nv_bfloat16S1_LNS_18Fp8KVCacheDataTypeE0EEEvPKT_S5_PT0_S7_PKlllllliiiPKfSB_i
0x55cff6a0	12	0x60d82610	43663	805098516581302	0	564	0x0	0x0	8	1	1	512	1	1	8	_ZN4vllm30reshape_and_cache_flash_kernelI13__nv_bfloat16S1_LNS_18Fp8KVCacheDataTypeE0EEEvPKT_S5_PT0_S7_PKlllllliiiPKfSB_i
0x55cff6a0	12	0x60d89620	43677	805098516589862	0	564	0x0	0x0	8	1	1	512	1	1	8	_ZN4vllm30reshape_and_cache_flash_kernelI13__nv_bfloat16S1_LNS_18Fp8KVCacheDataTypeE0EEEvPKT_S5_PT0_S7_PKlllllliiiPKfSB_i
0x55cff6a0	12	0x60d90620	43691	805098516598470	0	564	0x0	0x0	8	1	1	512	1	1	8	_ZN4vllm30reshape_and_cache_flash_kernelI13__nv_bfloat16S1_LNS_18Fp8KVCacheDataTypeE0EEEvPKT_S5_PT0_S7_PKlllllliiiPKfSB_i
0x55cff6a0	12	0x60d97620	43705	805098516607638	0	564	0x0	0x0	8	1	1	512	1	1	8	_ZN4vllm30reshape_and_cache_flash_kernelI13__nv_bfloat16S1_LNS_18Fp8KVCacheDataTypeE0EEEvPKT_S5_PT0_S7_PKlllllliiiPKfSB_i
0x55cff6a0	12	0x60d9e620	43719	805098516616214	0	564	0x0	0x0	8	1	1	512	1	1	8	_ZN4vllm30reshape_and_cache_flash_kernelI13__nv_bfloat16S1_LNS_18Fp8KVCacheDataTypeE0EEEvPKT_S5_PT0_S7_PKlllllliiiPKfSB_i
0x55cff6a0	12	0x60da5620	43733	805098516625366	0	564	0x0	0x0	8	1	1	512	1	1	8	_ZN4vllm30reshape_and_cache_flash_kernelI13__nv_bfloat16S1_LNS_18Fp8KVCacheDataTypeE0EEEvPKT_S5_PT0_S7_PKlllllliiiPKfSB_i
0x55cff6a0	12	0x60dac620	43747	805098516633926	0	564	0x0	0x0	8	1	1	512	1	1	8	_ZN4vllm30reshape_and_cache_flash_kernelI13__nv_bfloat16S1_LNS_18Fp8KVCacheDataTypeE0EEEvPKT_S5_PT0_S7_PKlllllliiiPKfSB_i
0x55cff6a0	12	0x60db3620	43761	805098516642566	0	564	0x0	0x0	8	1	1	512	1	1	8	_ZN4vllm30reshape_and_cache_flash_kernelI13__nv_bfloat16S1_LNS_18Fp8KVCacheDataTypeE0EEEvPKT_S5_PT0_S7_PKlllllliiiPKfSB_i
0x55cff6a0	12	0x60dba620	43775	805098516651206	0	564	0x0	0x0	8	1	1	512	1	1	8	_ZN4vllm30reshape_and_cache_flash_kernelI13__nv_bfloat16S1_LNS_18Fp8KVCacheDataTypeE0EEEvPKT_S5_PT0_S7_PKlllllliiiPKfSB_i
0x55cff6a0	12	0x60dc1620	43789	805098516659718	0	564	0x0	0x0	8	1	1	512	1	1	8	_ZN4vllm30reshape_and_cache_flash_kernelI13__nv_bfloat16S1_LNS_18Fp8KVCacheDataTypeE0EEEvPKT_S5_PT0_S7_PKlllllliiiPKfSB_i
0x55cff6a0	12	0x60dc8630	43803	805098516668262	0	564	0x0	0x0	8	1	1	512	1	1	8	_ZN4vllm30reshape_and_cache_flash_kernelI13__nv_bfloat16S1_LNS_18Fp8KVCacheDataTypeE0EEEvPKT_S5_PT0_S7_PKlllllliiiPKfSB_i
0x55cff6a0	12	0x60dcf630	43817	805098516676838	0	564	0x0	0x0	8	1	1	512	1	1	8	_ZN4vllm30reshape_and_cache_flash_kernelI13__nv_bfloat16S1_LNS_18Fp8KVCacheDataTypeE0EEEvPKT_S5_PT0_S7_PKlllllliiiPKfSB_i
0x55cff6a0	12	0x60dd6630	43831	805098516686166	0	564	0x0	0x0	8	1	1	512	1	1	8	_ZN4vllm30reshape_and_cache_flash_kernelI13__nv_bfloat16S1_LNS_18Fp8KVCacheDataTypeE0EEEvPKT_S5_PT0_S7_PKlllllliiiPKfSB_i
0x55cff6a0	12	0x60ddd630	43845	805098516694886	0	564	0x0	0x0	8	1	1	512	1	1	8	_ZN4vllm30reshape_and_cache_flash_kernelI13__nv_bfloat16S1_LNS_18Fp8KVCacheDataTypeE0EEEvPKT_S5_PT0_S7_PKlllllliiiPKfSB_i
0x55cff6a0	12	0x60de4630	43859	805098516703798	0	564	0x0	0x0	8	1	1	512	1	1	8	_ZN4vllm30reshape_and_cache_flash_kernelI13__nv_bfloat16S1_LNS_18Fp8KVCacheDataTypeE0EEEvPKT_S5_PT0_S7_PKlllllliiiPKfSB_i
0x55cff6a0	12	0x60deb630	43873	805098516712438	0	564	0x0	0x0	8	1	1	512	1	1	8	_ZN4vllm30reshape_and_cache_flash_kernelI13__nv_bfloat16S1_LNS_18Fp8KVCacheDataTypeE0EEEvPKT_S5_PT0_S7_PKlllllliiiPKfSB_i
0x55cff6a0	12	0x60df2630	43887	805098516721110	0	564	0x0	0x0	8	1	1	512	1	1	8	_ZN4vllm30reshape_and_cache_flash_kernelI13__nv_bfloat16S1_LNS_18Fp8KVCacheDataTypeE0EEEvPKT_S5_PT0_S7_PKlllllliiiPKfSB_i
0x55cff6a0	12	0x60df9630	43901	805098516729686	0	564	0x0	0x0	8	1	1	512	1	1	8	_ZN4vllm30reshape_and_cache_flash_kernelI13__nv_bfloat16S1_LNS_18Fp8KVCacheDataTypeE0EEEvPKT_S5_PT0_S7_PKlllllliiiPKfSB_i
0x55cff6a0	12	0x60e00630	43915	805098516738390	0	564	0x0	0x0	8	1	1	512	1	1	8	_ZN4vllm30reshape_and_cache_flash_kernelI13__nv_bfloat16S1_LNS_18Fp8KVCacheDataTypeE0EEEvPKT_S5_PT0_S7_PKlllllliiiPKfSB_i
0x55cff6a0	12	0x60e07640	43929	805098516747174	0	564	0x0	0x0	8	1	1	512	1	1	8	_ZN4vllm30reshape_and_cache_flash_kernelI13__nv_bfloat16S1_LNS_18Fp8KVCacheDataTypeE0EEEvPKT_S5_PT0_S7_PKlllllliiiPKfSB_i
0x55cff6a0	13	0x60ce8a90	43383	805098638680676	0	564	0x0	0x0	8	1	1	512	1	1	8	_ZN4vllm30reshape_and_cache_flash_kernelI13__nv_bfloat16S1_LNS_18Fp8KVCacheDataTypeE0EEEvPKT_S5_PT0_S7_PKlllllliiiPKfSB_i
0x55cff6a0	13	0x60cefa90	43397	805098638709012	0	564	0x0	0x0	8	1	1	512	1	1	8	_ZN4vllm30reshape_and_cache_flash_kernelI13__nv_bfloat16S1_LNS_18Fp8KVCacheDataTypeE0EEEvPKT_S5_PT0_S7_PKlllllliiiPKfSB_i
0x55cff6a0	13	0x60cf6a90	43411	805098638728100	0	564	0x0	0x0	8	1	1	512	1	1	8	_ZN4vllm30reshape_and_cache_flash_kernelI13__nv_bfloat16S1_LNS_18Fp8KVCacheDataTypeE0EEEvPKT_S5_PT0_S7_PKlllllliiiPKfSB_i
0x55cff6a0	13	0x60d0b600	43425	805098638768276	0	564	0x0	0x0	8	1	1	512	1	1	8	_ZN4vllm30reshape_and_cache_flash_kernelI13__nv_bfloat16S1_LNS_18Fp8KVCacheDataTypeE0EEEvPKT_S5_PT0_S7_PKlllllliiiPKfSB_i
0x55cff6a0	13	0x60d12600	43439	805098638789188	0	564	0x0	0x0	8	1	1	512	1	1	8	_ZN4vllm30reshape_and_cache_flash_kernelI13__nv_bfloat16S1_LNS_18Fp8KVCacheDataTypeE0EEEvPKT_S5_PT0_S7_PKlllllliiiPKfSB_i
0x55cff6a0	13	0x60d19600	43453	805098638806548	0	564	0x0	0x0	8	1	1	512	1	1	8	_ZN4vllm30reshape_and_cache_flash_kernelI13__nv_bfloat16S1_LNS_18Fp8KVCacheDataTypeE0EEEvPKT_S5_PT0_S7_PKlllllliiiPKfSB_i
0x55cff6a0	13	0x60d20600	43467	805098638820196	0	564	0x0	0x0	8	1	1	512	1	1	8	_ZN4vllm30reshape_and_cache_flash_kernelI13__nv_bfloat16S1_LNS_18Fp8KVCacheDataTypeE0EEEvPKT_S5_PT0_S7_PKlllllliiiPKfSB_i
0x55cff6a0	13	0x60d27600	43481	805098638835636	0	564	0x0	0x0	8	1	1	512	1	1	8	_ZN4vllm30reshape_and_cache_flash_kernelI13__nv_bfloat16S1_LNS_18Fp8KVCacheDataTypeE0EEEvPKT_S5_PT0_S7_PKlllllliiiPKfSB_i
0x55cff6a0	13	0x60d2e600	43495	805098638846948	0	564	0x0	0x0	8	1	1	512	1	1	8	_ZN4vllm30reshape_and_cache_flash_kernelI13__nv_bfloat16S1_LNS_18Fp8KVCacheDataTypeE0EEEvPKT_S5_PT0_S7_PKlllllliiiPKfSB_i
0x55cff6a0	13	0x60d35600	43509	805098638857812	0	564	0x0	0x0	8	1	1	512	1	1	8	_ZN4vllm30reshape_and_cache_flash_kernelI13__nv_bfloat16S1_LNS_18Fp8KVCacheDataTypeE0EEEvPKT_S5_PT0_S7_PKlllllliiiPKfSB_i
0x55cff6a0	13	0x60d3c600	43523	805098638868596	0	564	0x0	0x0	8	1	1	512	1	1	8	_ZN4vllm30reshape_and_cache_flash_kernelI13__nv_bfloat16S1_LNS_18Fp8KVCacheDataTypeE0EEEvPKT_S5_PT0_S7_PKlllllliiiPKfSB_i
0x55cff6a0	13	0x60d43600	43537	805098638880308	0	564	0x0	0x0	8	1	1	512	1	1	8	_ZN4vllm30reshape_and_cache_flash_kernelI13__nv_bfloat16S1_LNS_18Fp8KVCacheDataTypeE0EEEvPKT_S5_PT0_S7_PKlllllliiiPKfSB_i
0x55cff6a0	13	0x60d4a610	43551	805098638890516	0	564	0x0	0x0	8	1	1	512	1	1	8	_ZN4vllm30reshape_and_cache_flash_kernelI13__nv_bfloat16S1_LNS_18Fp8KVCacheDataTypeE0EEEvPKT_S5_PT0_S7_PKlllllliiiPKfSB_i
0x55cff6a0	13	0x60d51610	43565	805098638902372	0	564	0x0	0x0	8	1	1	512	1	1	8	_ZN4vllm30reshape_and_cache_flash_kernelI13__nv_bfloat16S1_LNS_18Fp8KVCacheDataTypeE0EEEvPKT_S5_PT0_S7_PKlllllliiiPKfSB_i
0x55cff6a0	13	0x60d58610	43579	805098638913588	0	564	0x0	0x0	8	1	1	512	1	1	8	_ZN4vllm30reshape_and_cache_flash_kernelI13__nv_bfloat16S1_LNS_18Fp8KVCacheDataTypeE0EEEvPKT_S5_PT0_S7_PKlllllliiiPKfSB_i
0x55cff6a0	13	0x60d5f610	43593	805098638925828	0	564	0x0	0x0	8	1	1	512	1	1	8	_ZN4vllm30reshape_and_cache_flash_kernelI13__nv_bfloat16S1_LNS_18Fp8KVCacheDataTypeE0EEEvPKT_S5_PT0_S7_PKlllllliiiPKfSB_i
0x55cff6a0	13	0x60d66610	43607	805098638939044	0	564	0x0	0x0	8	1	1	512	1	1	8	_ZN4vllm30reshape_and_cache_flash_kernelI13__nv_bfloat16S1_LNS_18Fp8KVCacheDataTypeE0EEEvPKT_S5_PT0_S7_PKlllllliiiPKfSB_i
0x55cff6a0	13	0x60d6d610	43621	805098638951252	0	564	0x0	0x0	8	1	1	512	1	1	8	_ZN4vllm30reshape_and_cache_flash_kernelI13__nv_bfloat16S1_LNS_18Fp8KVCacheDataTypeE0EEEvPKT_S5_PT0_S7_PKlllllliiiPKfSB_i
0x55cff6a0	13	0x60d74610	43635	805098638962084	0	564	0x0	0x0	8	1	1	512	1	1	8	_ZN4vllm30reshape_and_cache_flash_kernelI13__nv_bfloat16S1_LNS_18Fp8KVCacheDataTypeE0EEEvPKT_S5_PT0_S7_PKlllllliiiPKfSB_i
0x55cff6a0	13	0x60d7b610	43649	805098638974244	0	564	0x0	0x0	8	1	1	512	1	1	8	_ZN4vllm30reshape_and_cache_flash_kernelI13__nv_bfloat16S1_LNS_18Fp8KVCacheDataTypeE0EEEvPKT_S5_PT0_S7_PKlllllliiiPKfSB_i
0x55cff6a0	13	0x60d82610	43663	805098638985444	0	564	0x0	0x0	8	1	1	512	1	1	8	_ZN4vllm30reshape_and_cache_flash_kernelI13__nv_bfloat16S1_LNS_18Fp8KVCacheDataTypeE0EEEvPKT_S5_PT0_S7_PKlllllliiiPKfSB_i
0x55cff6a0	13	0x60d89620	43677	805098638996644	0	564	0x0	0x0	8	1	1	512	1	1	8	_ZN4vllm30reshape_and_cache_flash_kernelI13__nv_bfloat16S1_LNS_18Fp8KVCacheDataTypeE0EEEvPKT_S5_PT0_S7_PKlllllliiiPKfSB_i
0x55cff6a0	13	0x60d90620	43691	805098639014388	0	564	0x0	0x0	8	1	1	512	1	1	8	_ZN4vllm30reshape_and_cache_flash_kernelI13__nv_bfloat16S1_LNS_18Fp8KVCacheDataTypeE0EEEvPKT_S5_PT0_S7_PKlllllliiiPKfSB_i
0x55cff6a0	13	0x60d97620	43705	805098639026468	0	564	0x0	0x0	8	1	1	512	1	1	8	_ZN4vllm30reshape_and_cache_flash_kernelI13__nv_bfloat16S1_LNS_18Fp8KVCacheDataTypeE0EEEvPKT_S5_PT0_S7_PKlllllliiiPKfSB_i
0x55cff6a0	13	0x60d9e620	43719	805098639035844	0	564	0x0	0x0	8	1	1	512	1	1	8	_ZN4vllm30reshape_and_cache_flash_kernelI13__nv_bfloat16S1_LNS_18Fp8KVCacheDataTypeE0EEEvPKT_S5_PT0_S7_PKlllllliiiPKfSB_i
0x55cff6a0	13	0x60da5620	43733	805098639045620	0	564	0x0	0x0	8	1	1	512	1	1	8	_ZN4vllm30reshape_and_cache_flash_kernelI13__nv_bfloat16S1_LNS_18Fp8KVCacheDataTypeE0EEEvPKT_S5_PT0_S7_PKlllllliiiPKfSB_i
0x55cff6a0	13	0x60dac620	43747	805098639055076	0	564	0x0	0x0	8	1	1	512	1	1	8	_ZN4vllm30reshape_and_cache_flash_kernelI13__nv_bfloat16S1_LNS_18Fp8KVCacheDataTypeE0EEEvPKT_S5_PT0_S7_PKlllllliiiPKfSB_i
0x55cff6a0	13	0x60db3620	43761	805098639064900	0	564	0x0	0x0	8	1	1	512	1	1	8	_ZN4vllm30reshape_and_cache_flash_kernelI13__nv_bfloat16S1_LNS_18Fp8KVCacheDataTypeE0EEEvPKT_S5_PT0_S7_PKlllllliiiPKfSB_i
0x55cff6a0	13	0x60dba620	43775	805098639075460	0	564	0x0	0x0	8	1	1	512	1	1	8	_ZN4vllm30reshape_and_cache_flash_kernelI13__nv_bfloat16S1_LNS_18Fp8KVCacheDataTypeE0EEEvPKT_S5_PT0_S7_PKlllllliiiPKfSB_i
0x55cff6a0	13	0x60dc1620	43789	805098639086579	0	564	0x0	0x0	8	1	1	512	1	1	8	_ZN4vllm30reshape_and_cache_flash_kernelI13__nv_bfloat16S1_LNS_18Fp8KVCacheDataTypeE0EEEvPKT_S5_PT0_S7_PKlllllliiiPKfSB_i
0x55cff6a0	13	0x60dc8630	43803	805098639096419	0	564	0x0	0x0	8	1	1	512	1	1	8	_ZN4vllm30reshape_and_cache_flash_kernelI13__nv_bfloat16S1_LNS_18Fp8KVCacheDataTypeE0EEEvPKT_S5_PT0_S7_PKlllllliiiPKfSB_i
0x55cff6a0	13	0x60dcf630	43817	805098639107875	0	564	0x0	0x0	8	1	1	512	1	1	8	_ZN4vllm30reshape_and_cache_flash_kernelI13__nv_bfloat16S1_LNS_18Fp8KVCacheDataTypeE0EEEvPKT_S5_PT0_S7_PKlllllliiiPKfSB_i
0x55cff6a0	13	0x60dd6630	43831	805098639120803	0	564	0x0	0x0	8	1	1	512	1	1	8	_ZN4vllm30reshape_and_cache_flash_kernelI13__nv_bfloat16S1_LNS_18Fp8KVCacheDataTypeE0EEEvPKT_S5_PT0_S7_PKlllllliiiPKfSB_i
0x55cff6a0	13	0x60ddd630	43845	805098639135251	0	564	0x0	0x0	8	1	1	512	1	1	8	_ZN4vllm30reshape_and_cache_flash_kernelI13__nv_bfloat16S1_LNS_18Fp8KVCacheDataTypeE0EEEvPKT_S5_PT0_S7_PKlllllliiiPKfSB_i
0x55cff6a0	13	0x60de4630	43859	805098639152035	0	564	0x0	0x0	8	1	1	512	1	1	8	_ZN4vllm30reshape_and_cache_flash_kernelI13__nv_bfloat16S1_LNS_18Fp8KVCacheDataTypeE0EEEvPKT_S5_PT0_S7_PKlllllliiiPKfSB_i
0x55cff6a0	13	0x60deb630	43873	805098639163459	0	564	0x0	0x0	8	1	1	512	1	1	8	_ZN4vllm30reshape_and_cache_flash_kernelI13__nv_bfloat16S1_LNS_18Fp8KVCacheDataTypeE0EEEvPKT_S5_PT0_S7_PKlllllliiiPKfSB_i
0x55cff6a0	13	0x60df2630	43887	805098639174627	0	564	0x0	0x0	8	1	1	512	1	1	8	_ZN4vllm30reshape_and_cache_flash_kernelI13__nv_bfloat16S1_LNS_18Fp8KVCacheDataTypeE0EEEvPKT_S5_PT0_S7_PKlllllliiiPKfSB_i
0x55cff6a0	13	0x60df9630	43901	805098639187027	0	564	0x0	0x0	8	1	1	512	1	1	8	_ZN4vllm30reshape_and_cache_flash_kernelI13__nv_bfloat16S1_LNS_18Fp8KVCacheDataTypeE0EEEvPKT_S5_PT0_S7_PKlllllliiiPKfSB_i
0x55cff6a0	13	0x60e00630	43915	805098639200099	0	564	0x0	0x0	8	1	1	512	1	1	8	_ZN4vllm30reshape_and_cache_flash_kernelI13__nv_bfloat16S1_LNS_18Fp8KVCacheDataTypeE0EEEvPKT_S5_PT0_S7_PKlllllliiiPKfSB_i
0x55cff6a0	13	0x60e07640	43929	805098639214003	0	564	0x0	0x0	8	1	1	512	1	1	8	_ZN4vllm30reshape_and_cache_flash_kernelI13__nv_bfloat16S1_LNS_18Fp8KVCacheDataTypeE0EEEvPKT_S5_PT0_S7_PKlllllliiiPKfSB_i
0x55cff6a0	14	0x60ce8a90	43383	805098760258899	0	564	0x0	0x0	8	1	1	512	1	1	8	_ZN4vllm30reshape_and_cache_flash_kernelI13__nv_bfloat16S1_LNS_18Fp8KVCacheDataTypeE0EEEvPKT_S5_PT0_S7_PKlllllliiiPKfSB_i
0x55cff6a0	14	0x60cefa90	43397	805098760299139	0	564	0x0	0x0	8	1	1	512	1	1	8	_ZN4vllm30reshape_and_cache_flash_kernelI13__nv_bfloat16S1_LNS_18Fp8KVCacheDataTypeE0EEEvPKT_S5_PT0_S7_PKlllllliiiPKfSB_i
0x55cff6a0	14	0x60cf6a90	43411	805098760322979	0	564	0x0	0x0	8	1	1	512	1	1	8	_ZN4vllm30reshape_and_cache_flash_kernelI13__nv_bfloat16S1_LNS_18Fp8KVCacheDataTypeE0EEEvPKT_S5_PT0_S7_PKlllllliiiPKfSB_i
0x55cff6a0	14	0x60d0b600	43425	805098760344643	0	564	0x0	0x0	8	1	1	512	1	1	8	_ZN4vllm30reshape_and_cache_flash_kernelI13__nv_bfloat16S1_LNS_18Fp8KVCacheDataTypeE0EEEvPKT_S5_PT0_S7_PKlllllliiiPKfSB_i
0x55cff6a0	14	0x60d12600	43439	805098760360691	0	564	0x0	0x0	8	1	1	512	1	1	8	_ZN4vllm30reshape_and_cache_flash_kernelI13__nv_bfloat16S1_LNS_18Fp8KVCacheDataTypeE0EEEvPKT_S5_PT0_S7_PKlllllliiiPKfSB_i
0x55cff6a0	14	0x60d19600	43453	805098760374179	0	564	0x0	0x0	8	1	1	512	1	1	8	_ZN4vllm30reshape_and_cache_flash_kernelI13__nv_bfloat16S1_LNS_18Fp8KVCacheDataTypeE0EEEvPKT_S5_PT0_S7_PKlllllliiiPKfSB_i
0x55cff6a0	14	0x60d20600	43467	805098760404835	0	564	0x0	0x0	8	1	1	512	1	1	8	_ZN4vllm30reshape_and_cache_flash_kernelI13__nv_bfloat16S1_LNS_18Fp8KVCacheDataTypeE0EEEvPKT_S5_PT0_S7_PKlllllliiiPKfSB_i
0x55cff6a0	14	0x60d27600	43481	805098760421123	0	564	0x0	0x0	8	1	1	512	1	1	8	_ZN4vllm30reshape_and_cache_flash_kernelI13__nv_bfloat16S1_LNS_18Fp8KVCacheDataTypeE0EEEvPKT_S5_PT0_S7_PKlllllliiiPKfSB_i
0x55cff6a0	14	0x60d2e600	43495	805098760432227	0	564	0x0	0x0	8	1	1	512	1	1	8	_ZN4vllm30reshape_and_cache_flash_kernelI13__nv_bfloat16S1_LNS_18Fp8KVCacheDataTypeE0EEEvPKT_S5_PT0_S7_PKlllllliiiPKfSB_i
0x55cff6a0	14	0x60d35600	43509	805098760442211	0	564	0x0	0x0	8	1	1	512	1	1	8	_ZN4vllm30reshape_and_cache_flash_kernelI13__nv_bfloat16S1_LNS_18Fp8KVCacheDataTypeE0EEEvPKT_S5_PT0_S7_PKlllllliiiPKfSB_i
0x55cff6a0	14	0x60d3c600	43523	805098760452931	0	564	0x0	0x0	8	1	1	512	1	1	8	_ZN4vllm30reshape_and_cache_flash_kernelI13__nv_bfloat16S1_LNS_18Fp8KVCacheDataTypeE0EEEvPKT_S5_PT0_S7_PKlllllliiiPKfSB_i
0x55cff6a0	14	0x60d43600	43537	805098760463907	0	564	0x0	0x0	8	1	1	512	1	1	8	_ZN4vllm30reshape_and_cache_flash_kernelI13__nv_bfloat16S1_LNS_18Fp8KVCacheDataTypeE0EEEvPKT_S5_PT0_S7_PKlllllliiiPKfSB_i
0x55cff6a0	14	0x60d4a610	43551	805098760474611	0	564	0x0	0x0	8	1	1	512	1	1	8	_ZN4vllm30reshape_and_cache_flash_kernelI13__nv_bfloat16S1_LNS_18Fp8KVCacheDataTypeE0EEEvPKT_S5_PT0_S7_PKlllllliiiPKfSB_i
0x55cff6a0	14	0x60d51610	43565	805098760487987	0	564	0x0	0x0	8	1	1	512	1	1	8	_ZN4vllm30reshape_and_cache_flash_kernelI13__nv_bfloat16S1_LNS_18Fp8KVCacheDataTypeE0EEEvPKT_S5_PT0_S7_PKlllllliiiPKfSB_i
0x55cff6a0	14	0x60d58610	43579	805098760498803	0	564	0x0	0x0	8	1	1	512	1	1	8	_ZN4vllm30reshape_and_cache_flash_kernelI13__nv_bfloat16S1_LNS_18Fp8KVCacheDataTypeE0EEEvPKT_S5_PT0_S7_PKlllllliiiPKfSB_i
0x55cff6a0	14	0x60d5f610	43593	805098760510547	0	564	0x0	0x0	8	1	1	512	1	1	8	_ZN4vllm30reshape_and_cache_flash_kernelI13__nv_bfloat16S1_LNS_18Fp8KVCacheDataTypeE0EEEvPKT_S5_PT0_S7_PKlllllliiiPKfSB_i
0x55cff6a0	14	0x60d66610	43607	805098760525043	0	564	0x0	0x0	8	1	1	512	1	1	8	_ZN4vllm30reshape_and_cache_flash_kernelI13__nv_bfloat16S1_LNS_18Fp8KVCacheDataTypeE0EEEvPKT_S5_PT0_S7_PKlllllliiiPKfSB_i
0x55cff6a0	14	0x60d6d610	43621	805098760537267	0	564	0x0	0x0	8	1	1	512	1	1	8	_ZN4vllm30reshape_and_cache_flash_kernelI13__nv_bfloat16S1_LNS_18Fp8KVCacheDataTypeE0EEEvPKT_S5_PT0_S7_PKlllllliiiPKfSB_i
0x55cff6a0	14	0x60d74610	43635	805098760549795	0	564	0x0	0x0	8	1	1	512	1	1	8	_ZN4vllm30reshape_and_cache_flash_kernelI13__nv_bfloat16S1_LNS_18Fp8KVCacheDataTypeE0EEEvPKT_S5_PT0_S7_PKlllllliiiPKfSB_i
0x55cff6a0	14	0x60d7b610	43649	805098760560595	0	564	0x0	0x0	8	1	1	512	1	1	8	_ZN4vllm30reshape_and_cache_flash_kernelI13__nv_bfloat16S1_LNS_18Fp8KVCacheDataTypeE0EEEvPKT_S5_PT0_S7_PKlllllliiiPKfSB_i
0x55cff6a0	14	0x60d82610	43663	805098760571107	0	564	0x0	0x0	8	1	1	512	1	1	8	_ZN4vllm30reshape_and_cache_flash_kernelI13__nv_bfloat16S1_LNS_18Fp8KVCacheDataTypeE0EEEvPKT_S5_PT0_S7_PKlllllliiiPKfSB_i
0x55cff6a0	14	0x60d89620	43677	805098760583331	0	564	0x0	0x0	8	1	1	512	1	1	8	_ZN4vllm30reshape_and_cache_flash_kernelI13__nv_bfloat16S1_LNS_18Fp8KVCacheDataTypeE0EEEvPKT_S5_PT0_S7_PKlllllliiiPKfSB_i
0x55cff6a0	14	0x60d90620	43691	805098760597331	0	564	0x0	0x0	8	1	1	512	1	1	8	_ZN4vllm30reshape_and_cache_flash_kernelI13__nv_bfloat16S1_LNS_18Fp8KVCacheDataTypeE0EEEvPKT_S5_PT0_S7_PKlllllliiiPKfSB_i
0x55cff6a0	14	0x60d97620	43705	805098760611843	0	564	0x0	0x0	8	1	1	512	1	1	8	_ZN4vllm30reshape_and_cache_flash_kernelI13__nv_bfloat16S1_LNS_18Fp8KVCacheDataTypeE0EEEvPKT_S5_PT0_S7_PKlllllliiiPKfSB_i
0x55cff6a0	14	0x60d9e620	43719	805098760625299	0	564	0x0	0x0	8	1	1	512	1	1	8	_ZN4vllm30reshape_and_cache_flash_kernelI13__nv_bfloat16S1_LNS_18Fp8KVCacheDataTypeE0EEEvPKT_S5_PT0_S7_PKlllllliiiPKfSB_i
0x55cff6a0	14	0x60da5620	43733	805098760642387	0	564	0x0	0x0	8	1	1	512	1	1	8	_ZN4vllm30reshape_and_cache_flash_kernelI13__nv_bfloat16S1_LNS_18Fp8KVCacheDataTypeE0EEEvPKT_S5_PT0_S7_PKlllllliiiPKfSB_i
0x55cff6a0	14	0x60dac620	43747	805098760653187	0	564	0x0	0x0	8	1	1	512	1	1	8	_ZN4vllm30reshape_and_cache_flash_kernelI13__nv_bfloat16S1_LNS_18Fp8KVCacheDataTypeE0EEEvPKT_S5_PT0_S7_PKlllllliiiPKfSB_i
0x55cff6a0	14	0x60db3620	43761	805098760662547	0	564	0x0	0x0	8	1	1	512	1	1	8	_ZN4vllm30reshape_and_cache_flash_kernelI13__nv_bfloat16S1_LNS_18Fp8KVCacheDataTypeE0EEEvPKT_S5_PT0_S7_PKlllllliiiPKfSB_i
0x55cff6a0	14	0x60dba620	43775	805098760672819	0	564	0x0	0x0	8	1	1	512	1	1	8	_ZN4vllm30reshape_and_cache_flash_kernelI13__nv_bfloat16S1_LNS_18Fp8KVCacheDataTypeE0EEEvPKT_S5_PT0_S7_PKlllllliiiPKfSB_i
0x55cff6a0	14	0x60dc1620	43789	805098760684323	0	564	0x0	0x0	8	1	1	512	1	1	8	_ZN4vllm30reshape_and_cache_flash_kernelI13__nv_bfloat16S1_LNS_18Fp8KVCacheDataTypeE0EEEvPKT_S5_PT0_S7_PKlllllliiiPKfSB_i
0x55cff6a0	14	0x60dc8630	43803	805098760697427	0	564	0x0	0x0	8	1	1	512	1	1	8	_ZN4vllm30reshape_and_cache_flash_kernelI13__nv_bfloat16S1_LNS_18Fp8KVCacheDataTypeE0EEEvPKT_S5_PT0_S7_PKlllllliiiPKfSB_i
0x55cff6a0	14	0x60dcf630	43817	805098760712162	0	564	0x0	0x0	8	1	1	512	1	1	8	_ZN4vllm30reshape_and_cache_flash_kernelI13__nv_bfloat16S1_LNS_18Fp8KVCacheDataTypeE0EEEvPKT_S5_PT0_S7_PKlllllliiiPKfSB_i
0x55cff6a0	14	0x60dd6630	43831	805098760724130	0	564	0x0	0x0	8	1	1	512	1	1	8	_ZN4vllm30reshape_and_cache_flash_kernelI13__nv_bfloat16S1_LNS_18Fp8KVCacheDataTypeE0EEEvPKT_S5_PT0_S7_PKlllllliiiPKfSB_i
0x55cff6a0	14	0x60ddd630	43845	805098760739282	0	564	0x0	0x0	8	1	1	512	1	1	8	_ZN4vllm30reshape_and_cache_flash_kernelI13__nv_bfloat16S1_LNS_18Fp8KVCacheDataTypeE0EEEvPKT_S5_PT0_S7_PKlllllliiiPKfSB_i
0x55cff6a0	14	0x60de4630	43859	805098760754194	0	564	0x0	0x0	8	1	1	512	1	1	8	_ZN4vllm30reshape_and_cache_flash_kernelI13__nv_bfloat16S1_LNS_18Fp8KVCacheDataTypeE0EEEvPKT_S5_PT0_S7_PKlllllliiiPKfSB_i
0x55cff6a0	14	0x60deb630	43873	805098760766946	0	564	0x0	0x0	8	1	1	512	1	1	8	_ZN4vllm30reshape_and_cache_flash_kernelI13__nv_bfloat16S1_LNS_18Fp8KVCacheDataTypeE0EEEvPKT_S5_PT0_S7_PKlllllliiiPKfSB_i
0x55cff6a0	14	0x60df2630	43887	805098760777218	0	564	0x0	0x0	8	1	1	512	1	1	8	_ZN4vllm30reshape_and_cache_flash_kernelI13__nv_bfloat16S1_LNS_18Fp8KVCacheDataTypeE0EEEvPKT_S5_PT0_S7_PKlllllliiiPKfSB_i
0x55cff6a0	14	0x60df9630	43901	805098760788290	0	564	0x0	0x0	8	1	1	512	1	1	8	_ZN4vllm30reshape_and_cache_flash_kernelI13__nv_bfloat16S1_LNS_18Fp8KVCacheDataTypeE0EEEvPKT_S5_PT0_S7_PKlllllliiiPKfSB_i
0x55cff6a0	14	0x60e00630	43915	805098760799010	0	564	0x0	0x0	8	1	1	512	1	1	8	_ZN4vllm30reshape_and_cache_flash_kernelI13__nv_bfloat16S1_LNS_18Fp8KVCacheDataTypeE0EEEvPKT_S5_PT0_S7_PKlllllliiiPKfSB_i
0x55cff6a0	14	0x60e07640	43929	805098760813730	0	564	0x0	0x0	8	1	1	512	1	1	8	_ZN4vllm30reshape_and_cache_flash_kernelI13__nv_bfloat16S1_LNS_18Fp8KVCacheDataTypeE0EEEvPKT_S5_PT0_S7_PKlllllliiiPKfSB_i
0x55cff6a0	15	0x60ce8a90	43383	805098881684083	0	564	0x0	0x0	8	1	1	512	1	1	8	_ZN4vllm30reshape_and_cache_flash_kernelI13__nv_bfloat16S1_LNS_18Fp8KVCacheDataTypeE0EEEvPKT_S5_PT0_S7_PKlllllliiiPKfSB_i
0x55cff6a0	15	0x60cefa90	43397	805098881707843	0	564	0x0	0x0	8	1	1	512	1	1	8	_ZN4vllm30reshape_and_cache_flash_kernelI13__nv_bfloat16S1_LNS_18Fp8KVCacheDataTypeE0EEEvPKT_S5_PT0_S7_PKlllllliiiPKfSB_i
0x55cff6a0	15	0x60cf6a90	43411	805098881735011	0	564	0x0	0x0	8	1	1	512	1	1	8	_ZN4vllm30reshape_and_cache_flash_kernelI13__nv_bfloat16S1_LNS_18Fp8KVCacheDataTypeE0EEEvPKT_S5_PT0_S7_PKlllllliiiPKfSB_i
0x55cff6a0	15	0x60d0b600	43425	805098881756771	0	564	0x0	0x0	8	1	1	512	1	1	8	_ZN4vllm30reshape_and_cache_flash_kernelI13__nv_bfloat16S1_LNS_18Fp8KVCacheDataTypeE0EEEvPKT_S5_PT0_S7_PKlllllliiiPKfSB_i
0x55cff6a0	15	0x60d12600	43439	805098881769043	0	564	0x0	0x0	8	1	1	512	1	1	8	_ZN4vllm30reshape_and_cache_flash_kernelI13__nv_bfloat16S1_LNS_18Fp8KVCacheDataTypeE0EEEvPKT_S5_PT0_S7_PKlllllliiiPKfSB_i
0x55cff6a0	15	0x60d19600	43453	805098881781106	0	564	0x0	0x0	8	1	1	512	1	1	8	_ZN4vllm30reshape_and_cache_flash_kernelI13__nv_bfloat16S1_LNS_18Fp8KVCacheDataTypeE0EEEvPKT_S5_PT0_S7_PKlllllliiiPKfSB_i
0x55cff6a0	15	0x60d20600	43467	805098881794210	0	564	0x0	0x0	8	1	1	512	1	1	8	_ZN4vllm30reshape_and_cache_flash_kernelI13__nv_bfloat16S1_LNS_18Fp8KVCacheDataTypeE0EEEvPKT_S5_PT0_S7_PKlllllliiiPKfSB_i
0x55cff6a0	15	0x60d27600	43481	805098881805618	0	564	0x0	0x0	8	1	1	512	1	1	8	_ZN4vllm30reshape_and_cache_flash_kernelI13__nv_bfloat16S1_LNS_18Fp8KVCacheDataTypeE0EEEvPKT_S5_PT0_S7_PKlllllliiiPKfSB_i
0x55cff6a0	15	0x60d2e600	43495	805098881818370	0	564	0x0	0x0	8	1	1	512	1	1	8	_ZN4vllm30reshape_and_cache_flash_kernelI13__nv_bfloat16S1_LNS_18Fp8KVCacheDataTypeE0EEEvPKT_S5_PT0_S7_PKlllllliiiPKfSB_i
0x55cff6a0	15	0x60d35600	43509	805098881854722	0	564	0x0	0x0	8	1	1	512	1	1	8	_ZN4vllm30reshape_and_cache_flash_kernelI13__nv_bfloat16S1_LNS_18Fp8KVCacheDataTypeE0EEEvPKT_S5_PT0_S7_PKlllllliiiPKfSB_i
0x55cff6a0	15	0x60d3c600	43523	805098881867490	0	564	0x0	0x0	8	1	1	512	1	1	8	_ZN4vllm30reshape_and_cache_flash_kernelI13__nv_bfloat16S1_LNS_18Fp8KVCacheDataTypeE0EEEvPKT_S5_PT0_S7_PKlllllliiiPKfSB_i
0x55cff6a0	15	0x60d43600	43537	805098881877890	0	564	0x0	0x0	8	1	1	512	1	1	8	_ZN4vllm30reshape_and_cache_flash_kernelI13__nv_bfloat16S1_LNS_18Fp8KVCacheDataTypeE0EEEvPKT_S5_PT0_S7_PKlllllliiiPKfSB_i
0x55cff6a0	15	0x60d4a610	43551	805098881888370	0	564	0x0	0x0	8	1	1	512	1	1	8	_ZN4vllm30reshape_and_cache_flash_kernelI13__nv_bfloat16S1_LNS_18Fp8KVCacheDataTypeE0EEEvPKT_S5_PT0_S7_PKlllllliiiPKfSB_i
0x55cff6a0	15	0x60d51610	43565	805098881899810	0	564	0x0	0x0	8	1	1	512	1	1	8	_ZN4vllm30reshape_and_cache_flash_kernelI13__nv_bfloat16S1_LNS_18Fp8KVCacheDataTypeE0EEEvPKT_S5_PT0_S7_PKlllllliiiPKfSB_i
0x55cff6a0	15	0x60d58610	43579	805098881912866	0	564	0x0	0x0	8	1	1	512	1	1	8	_ZN4vllm30reshape_and_cache_flash_kernelI13__nv_bfloat16S1_LNS_18Fp8KVCacheDataTypeE0EEEvPKT_S5_PT0_S7_PKlllllliiiPKfSB_i
0x55cff6a0	15	0x60d5f610	43593	805098881925586	0	564	0x0	0x0	8	1	1	512	1	1	8	_ZN4vllm30reshape_and_cache_flash_kernelI13__nv_bfloat16S1_LNS_18Fp8KVCacheDataTypeE0EEEvPKT_S5_PT0_S7_PKlllllliiiPKfSB_i
0x55cff6a0	15	0x60d66610	43607	805098881938066	0	564	0x0	0x0	8	1	1	512	1	1	8	_ZN4vllm30reshape_and_cache_flash_kernelI13__nv_bfloat16S1_LNS_18Fp8KVCacheDataTypeE0EEEvPKT_S5_PT0_S7_PKlllllliiiPKfSB_i
0x55cff6a0	15	0x60d6d610	43621	805098881949298	0	564	0x0	0x0	8	1	1	512	1	1	8	_ZN4vllm30reshape_and_cache_flash_kernelI13__nv_bfloat16S1_LNS_18Fp8KVCacheDataTypeE0EEEvPKT_S5_PT0_S7_PKlllllliiiPKfSB_i
0x55cff6a0	15	0x60d74610	43635	805098881961282	0	564	0x0	0x0	8	1	1	512	1	1	8	_ZN4vllm30reshape_and_cache_flash_kernelI13__nv_bfloat16S1_LNS_18Fp8KVCacheDataTypeE0EEEvPKT_S5_PT0_S7_PKlllllliiiPKfSB_i
0x55cff6a0	15	0x60d7b610	43649	805098881975042	0	564	0x0	0x0	8	1	1	512	1	1	8	_ZN4vllm30reshape_and_cache_flash_kernelI13__nv_bfloat16S1_LNS_18Fp8KVCacheDataTypeE0EEEvPKT_S5_PT0_S7_PKlllllliiiPKfSB_i
0x55cff6a0	15	0x60d82610	43663	805098881987618	0	564	0x0	0x0	8	1	1	512	1	1	8	_ZN4vllm30reshape_and_cache_flash_kernelI13__nv_bfloat16S1_LNS_18Fp8KVCacheDataTypeE0EEEvPKT_S5_PT0_S7_PKlllllliiiPKfSB_i
0x55cff6a0	15	0x60d89620	43677	805098881998754	0	564	0x0	0x0	8	1	1	512	1	1	8	_ZN4vllm30reshape_and_cache_flash_kernelI13__nv_bfloat16S1_LNS_18Fp8KVCacheDataTypeE0EEEvPKT_S5_PT0_S7_PKlllllliiiPKfSB_i
0x55cff6a0	15	0x60d90620	43691	805098882015490	0	564	0x0	0x0	8	1	1	512	1	1	8	_ZN4vllm30reshape_and_cache_flash_kernelI13__nv_bfloat16S1_LNS_18Fp8KVCacheDataTypeE0EEEvPKT_S5_PT0_S7_PKlllllliiiPKfSB_i
0x55cff6a0	15	0x60d97620	43705	805098882030450	0	564	0x0	0x0	8	1	1	512	1	1	8	_ZN4vllm30reshape_and_cache_flash_kernelI13__nv_bfloat16S1_LNS_18Fp8KVCacheDataTypeE0EEEvPKT_S5_PT0_S7_PKlllllliiiPKfSB_i
0x55cff6a0	15	0x60d9e620	43719	805098882042802	0	564	0x0	0x0	8	1	1	512	1	1	8	_ZN4vllm30reshape_and_cache_flash_kernelI13__nv_bfloat16S1_LNS_18Fp8KVCacheDataTypeE0EEEvPKT_S5_PT0_S7_PKlllllliiiPKfSB_i
0x55cff6a0	15	0x60da5620	43733	805098882058082	0	564	0x0	0x0	8	1	1	512	1	1	8	_ZN4vllm30reshape_and_cache_flash_kernelI13__nv_bfloat16S1_LNS_18Fp8KVCacheDataTypeE0EEEvPKT_S5_PT0_S7_PKlllllliiiPKfSB_i
0x55cff6a0	15	0x60dac620	43747	805098882069474	0	564	0x0	0x0	8	1	1	512	1	1	8	_ZN4vllm30reshape_and_cache_flash_kernelI13__nv_bfloat16S1_LNS_18Fp8KVCacheDataTypeE0EEEvPKT_S5_PT0_S7_PKlllllliiiPKfSB_i
0x55cff6a0	15	0x60db3620	43761	805098882082482	0	564	0x0	0x0	8	1	1	512	1	1	8	_ZN4vllm30reshape_and_cache_flash_kernelI13__nv_bfloat16S1_LNS_18Fp8KVCacheDataTypeE0EEEvPKT_S5_PT0_S7_PKlllllliiiPKfSB_i
0x55cff6a0	15	0x60dba620	43775	805098882095010	0	564	0x0	0x0	8	1	1	512	1	1	8	_ZN4vllm30reshape_and_cache_flash_kernelI13__nv_bfloat16S1_LNS_18Fp8KVCacheDataTypeE0EEEvPKT_S5_PT0_S7_PKlllllliiiPKfSB_i
0x55cff6a0	15	0x60dc1620	43789	805098882106674	0	564	0x0	0x0	8	1	1	512	1	1	8	_ZN4vllm30reshape_and_cache_flash_kernelI13__nv_bfloat16S1_LNS_18Fp8KVCacheDataTypeE0EEEvPKT_S5_PT0_S7_PKlllllliiiPKfSB_i
0x55cff6a0	15	0x60dc8630	43803	805098882119746	0	564	0x0	0x0	8	1	1	512	1	1	8	_ZN4vllm30reshape_and_cache_flash_kernelI13__nv_bfloat16S1_LNS_18Fp8KVCacheDataTypeE0EEEvPKT_S5_PT0_S7_PKlllllliiiPKfSB_i
0x55cff6a0	15	0x60dcf630	43817	805098882132226	0	564	0x0	0x0	8	1	1	512	1	1	8	_ZN4vllm30reshape_and_cache_flash_kernelI13__nv_bfloat16S1_LNS_18Fp8KVCacheDataTypeE0EEEvPKT_S5_PT0_S7_PKlllllliiiPKfSB_i
0x55cff6a0	15	0x60dd6630	43831	805098882145874	0	564	0x0	0x0	8	1	1	512	1	1	8	_ZN4vllm30reshape_and_cache_flash_kernelI13__nv_bfloat16S1_LNS_18Fp8KVCacheDataTypeE0EEEvPKT_S5_PT0_S7_PKlllllliiiPKfSB_i
0x55cff6a0	15	0x60ddd630	43845	805098882161426	0	564	0x0	0x0	8	1	1	512	1	1	8	_ZN4vllm30reshape_and_cache_flash_kernelI13__nv_bfloat16S1_LNS_18Fp8KVCacheDataTypeE0EEEvPKT_S5_PT0_S7_PKlllllliiiPKfSB_i
0x55cff6a0	15	0x60de4630	43859	805098882176034	0	564	0x0	0x0	8	1	1	512	1	1	8	_ZN4vllm30reshape_and_cache_flash_kernelI13__nv_bfloat16S1_LNS_18Fp8KVCacheDataTypeE0EEEvPKT_S5_PT0_S7_PKlllllliiiPKfSB_i
0x55cff6a0	15	0x60deb630	43873	805098882189010	0	564	0x0	0x0	8	1	1	512	1	1	8	_ZN4vllm30reshape_and_cache_flash_kernelI13__nv_bfloat16S1_LNS_18Fp8KVCacheDataTypeE0EEEvPKT_S5_PT0_S7_PKlllllliiiPKfSB_i
0x55cff6a0	15	0x60df2630	43887	805098882201138	0	564	0x0	0x0	8	1	1	512	1	1	8	_ZN4vllm30reshape_and_cache_flash_kernelI13__nv_bfloat16S1_LNS_18Fp8KVCacheDataTypeE0EEEvPKT_S5_PT0_S7_PKlllllliiiPKfSB_i
0x55cff6a0	15	0x60df9630	43901	805098882210946	0	564	0x0	0x0	8	1	1	512	1	1	8	_ZN4vllm30reshape_and_cache_flash_kernelI13__nv_bfloat16S1_LNS_18Fp8KVCacheDataTypeE0EEEvPKT_S5_PT0_S7_PKlllllliiiPKfSB_i
0x55cff6a0	15	0x60e00630	43915	805098882224194	0	564	0x0	0x0	8	1	1	512	1	1	8	_ZN4vllm30reshape_and_cache_flash_kernelI13__nv_bfloat16S1_LNS_18Fp8KVCacheDataTypeE0EEEvPKT_S5_PT0_S7_PKlllllliiiPKfSB_i
0x55cff6a0	15	0x60e07640	43929	805098882237874	0	564	0x0	0x0	8	1	1	512	1	1	8	_ZN4vllm30reshape_and_cache_flash_kernelI13__nv_bfloat16S1_LNS_18Fp8KVCacheDataTypeE0EEEvPKT_S5_PT0_S7_PKlllllliiiPKfSB_i
0x55cff6a0	16	0x60ce8a90	43383	805099002960882	0	564	0x0	0x0	8	1	1	512	1	1	8	_ZN4vllm30reshape_and_cache_flash_kernelI13__nv_bfloat16S1_LNS_18Fp8KVCacheDataTypeE0EEEvPKT_S5_PT0_S7_PKlllllliiiPKfSB_i
0x55cff6a0	16	0x60cefa90	43397	805099002999826	0	564	0x0	0x0	8	1	1	512	1	1	8	_ZN4vllm30reshape_and_cache_flash_kernelI13__nv_bfloat16S1_LNS_18Fp8KVCacheDataTypeE0EEEvPKT_S5_PT0_S7_PKlllllliiiPKfSB_i
0x55cff6a0	16	0x60cf6a90	43411	805099003036562	0	564	0x0	0x0	8	1	1	512	1	1	8	_ZN4vllm30reshape_and_cache_flash_kernelI13__nv_bfloat16S1_LNS_18Fp8KVCacheDataTypeE0EEEvPKT_S5_PT0_S7_PKlllllliiiPKfSB_i
0x55cff6a0	16	0x60d0b600	43425	805099003062082	0	564	0x0	0x0	8	1	1	512	1	1	8	_ZN4vllm30reshape_and_cache_flash_kernelI13__nv_bfloat16S1_LNS_18Fp8KVCacheDataTypeE0EEEvPKT_S5_PT0_S7_PKlllllliiiPKfSB_i
0x55cff6a0	16	0x60d12600	43439	805099003078146	0	564	0x0	0x0	8	1	1	512	1	1	8	_ZN4vllm30reshape_and_cache_flash_kernelI13__nv_bfloat16S1_LNS_18Fp8KVCacheDataTypeE0EEEvPKT_S5_PT0_S7_PKlllllliiiPKfSB_i
0x55cff6a0	16	0x60d19600	43453	805099003092914	0	564	0x0	0x0	8	1	1	512	1	1	8	_ZN4vllm30reshape_and_cache_flash_kernelI13__nv_bfloat16S1_LNS_18Fp8KVCacheDataTypeE0EEEvPKT_S5_PT0_S7_PKlllllliiiPKfSB_i
0x55cff6a0	16	0x60d20600	43467	805099003105698	0	564	0x0	0x0	8	1	1	512	1	1	8	_ZN4vllm30reshape_and_cache_flash_kernelI13__nv_bfloat16S1_LNS_18Fp8KVCacheDataTypeE0EEEvPKT_S5_PT0_S7_PKlllllliiiPKfSB_i
0x55cff6a0	16	0x60d27600	43481	805099003117618	0	564	0x0	0x0	8	1	1	512	1	1	8	_ZN4vllm30reshape_and_cache_flash_kernelI13__nv_bfloat16S1_LNS_18Fp8KVCacheDataTypeE0EEEvPKT_S5_PT0_S7_PKlllllliiiPKfSB_i
0x55cff6a0	16	0x60d2e600	43495	805099003130578	0	564	0x0	0x0	8	1	1	512	1	1	8	_ZN4vllm30reshape_and_cache_flash_kernelI13__nv_bfloat16S1_LNS_18Fp8KVCacheDataTypeE0EEEvPKT_S5_PT0_S7_PKlllllliiiPKfSB_i
0x55cff6a0	16	0x60d35600	43509	805099003142946	0	564	0x0	0x0	8	1	1	512	1	1	8	_ZN4vllm30reshape_and_cache_flash_kernelI13__nv_bfloat16S1_LNS_18Fp8KVCacheDataTypeE0EEEvPKT_S5_PT0_S7_PKlllllliiiPKfSB_i
0x55cff6a0	16	0x60d3c600	43523	805099003154402	0	564	0x0	0x0	8	1	1	512	1	1	8	_ZN4vllm30reshape_and_cache_flash_kernelI13__nv_bfloat16S1_LNS_18Fp8KVCacheDataTypeE0EEEvPKT_S5_PT0_S7_PKlllllliiiPKfSB_i
0x55cff6a0	16	0x60d43600	43537	805099003190450	0	564	0x0	0x0	8	1	1	512	1	1	8	_ZN4vllm30reshape_and_cache_flash_kernelI13__nv_bfloat16S1_LNS_18Fp8KVCacheDataTypeE0EEEvPKT_S5_PT0_S7_PKlllllliiiPKfSB_i
0x55cff6a0	16	0x60d4a610	43551	805099003202402	0	564	0x0	0x0	8	1	1	512	1	1	8	_ZN4vllm30reshape_and_cache_flash_kernelI13__nv_bfloat16S1_LNS_18Fp8KVCacheDataTypeE0EEEvPKT_S5_PT0_S7_PKlllllliiiPKfSB_i
0x55cff6a0	16	0x60d51610	43565	805099003214754	0	564	0x0	0x0	8	1	1	512	1	1	8	_ZN4vllm30reshape_and_cache_flash_kernelI13__nv_bfloat16S1_LNS_18Fp8KVCacheDataTypeE0EEEvPKT_S5_PT0_S7_PKlllllliiiPKfSB_i
0x55cff6a0	16	0x60d58610	43579	805099003226930	0	564	0x0	0x0	8	1	1	512	1	1	8	_ZN4vllm30reshape_and_cache_flash_kernelI13__nv_bfloat16S1_LNS_18Fp8KVCacheDataTypeE0EEEvPKT_S5_PT0_S7_PKlllllliiiPKfSB_i
0x55cff6a0	16	0x60d5f610	43593	805099003238898	0	564	0x0	0x0	8	1	1	512	1	1	8	_ZN4vllm30reshape_and_cache_flash_kernelI13__nv_bfloat16S1_LNS_18Fp8KVCacheDataTypeE0EEEvPKT_S5_PT0_S7_PKlllllliiiPKfSB_i
0x55cff6a0	16	0x60d66610	43607	805099003255858	0	564	0x0	0x0	8	1	1	512	1	1	8	_ZN4vllm30reshape_and_cache_flash_kernelI13__nv_bfloat16S1_LNS_18Fp8KVCacheDataTypeE0EEEvPKT_S5_PT0_S7_PKlllllliiiPKfSB_i
0x55cff6a0	16	0x60d6d610	43621	805099003268066	0	564	0x0	0x0	8	1	1	512	1	1	8	_ZN4vllm30reshape_and_cache_flash_kernelI13__nv_bfloat16S1_LNS_18Fp8KVCacheDataTypeE0EEEvPKT_S5_PT0_S7_PKlllllliiiPKfSB_i
0x55cff6a0	16	0x60d74610	43635	805099003280626	0	564	0x0	0x0	8	1	1	512	1	1	8	_ZN4vllm30reshape_and_cache_flash_kernelI13__nv_bfloat16S1_LNS_18Fp8KVCacheDataTypeE0EEEvPKT_S5_PT0_S7_PKlllllliiiPKfSB_i
0x55cff6a0	16	0x60d7b610	43649	805099003292561	0	564	0x0	0x0	8	1	1	512	1	1	8	_ZN4vllm30reshape_and_cache_flash_kernelI13__nv_bfloat16S1_LNS_18Fp8KVCacheDataTypeE0EEEvPKT_S5_PT0_S7_PKlllllliiiPKfSB_i
0x55cff6a0	16	0x60d82610	43663	805099003303537	0	564	0x0	0x0	8	1	1	512	1	1	8	_ZN4vllm30reshape_and_cache_flash_kernelI13__nv_bfloat16S1_LNS_18Fp8KVCacheDataTypeE0EEEvPKT_S5_PT0_S7_PKlllllliiiPKfSB_i
0x55cff6a0	16	0x60d89620	43677	805099003315969	0	564	0x0	0x0	8	1	1	512	1	1	8	_ZN4vllm30reshape_and_cache_flash_kernelI13__nv_bfloat16S1_LNS_18Fp8KVCacheDataTypeE0EEEvPKT_S5_PT0_S7_PKlllllliiiPKfSB_i
0x55cff6a0	16	0x60d90620	43691	805099003328881	0	564	0x0	0x0	8	1	1	512	1	1	8	_ZN4vllm30reshape_and_cache_flash_kernelI13__nv_bfloat16S1_LNS_18Fp8KVCacheDataTypeE0EEEvPKT_S5_PT0_S7_PKlllllliiiPKfSB_i
0x55cff6a0	16	0x60d97620	43705	805099003341121	0	564	0x0	0x0	8	1	1	512	1	1	8	_ZN4vllm30reshape_and_cache_flash_kernelI13__nv_bfloat16S1_LNS_18Fp8KVCacheDataTypeE0EEEvPKT_S5_PT0_S7_PKlllllliiiPKfSB_i
0x55cff6a0	16	0x60d9e620	43719	805099003356577	0	564	0x0	0x0	8	1	1	512	1	1	8	_ZN4vllm30reshape_and_cache_flash_kernelI13__nv_bfloat16S1_LNS_18Fp8KVCacheDataTypeE0EEEvPKT_S5_PT0_S7_PKlllllliiiPKfSB_i
0x55cff6a0	16	0x60da5620	43733	805099003375633	0	564	0x0	0x0	8	1	1	512	1	1	8	_ZN4vllm30reshape_and_cache_flash_kernelI13__nv_bfloat16S1_LNS_18Fp8KVCacheDataTypeE0EEEvPKT_S5_PT0_S7_PKlllllliiiPKfSB_i
0x55cff6a0	16	0x60dac620	43747	805099003387425	0	564	0x0	0x0	8	1	1	512	1	1	8	_ZN4vllm30reshape_and_cache_flash_kernelI13__nv_bfloat16S1_LNS_18Fp8KVCacheDataTypeE0EEEvPKT_S5_PT0_S7_PKlllllliiiPKfSB_i
0x55cff6a0	16	0x60db3620	43761	805099003398529	0	564	0x0	0x0	8	1	1	512	1	1	8	_ZN4vllm30reshape_and_cache_flash_kernelI13__nv_bfloat16S1_LNS_18Fp8KVCacheDataTypeE0EEEvPKT_S5_PT0_S7_PKlllllliiiPKfSB_i
0x55cff6a0	16	0x60dba620	43775	805099003410529	0	564	0x0	0x0	8	1	1	512	1	1	8	_ZN4vllm30reshape_and_cache_flash_kernelI13__nv_bfloat16S1_LNS_18Fp8KVCacheDataTypeE0EEEvPKT_S5_PT0_S7_PKlllllliiiPKfSB_i
0x55cff6a0	16	0x60dc1620	43789	805099003421553	0	564	0x0	0x0	8	1	1	512	1	1	8	_ZN4vllm30reshape_and_cache_flash_kernelI13__nv_bfloat16S1_LNS_18Fp8KVCacheDataTypeE0EEEvPKT_S5_PT0_S7_PKlllllliiiPKfSB_i
0x55cff6a0	16	0x60dc8630	43803	805099003431297	0	564	0x0	0x0	8	1	1	512	1	1	8	_ZN4vllm30reshape_and_cache_flash_kernelI13__nv_bfloat16S1_LNS_18Fp8KVCacheDataTypeE0EEEvPKT_S5_PT0_S7_PKlllllliiiPKfSB_i
0x55cff6a0	16	0x60dcf630	43817	805099003440897	0	564	0x0	0x0	8	1	1	512	1	1	8	_ZN4vllm30reshape_and_cache_flash_kernelI13__nv_bfloat16S1_LNS_18Fp8KVCacheDataTypeE0EEEvPKT_S5_PT0_S7_PKlllllliiiPKfSB_i
0x55cff6a0	16	0x60dd6630	43831	805099003450705	0	564	0x0	0x0	8	1	1	512	1	1	8	_ZN4vllm30reshape_and_cache_flash_kernelI13__nv_bfloat16S1_LNS_18Fp8KVCacheDataTypeE0EEEvPKT_S5_PT0_S7_PKlllllliiiPKfSB_i
0x55cff6a0	16	0x60ddd630	43845	805099003463041	0	564	0x0	0x0	8	1	1	512	1	1	8	_ZN4vllm30reshape_and_cache_flash_kernelI13__nv_bfloat16S1_LNS_18Fp8KVCacheDataTypeE0EEEvPKT_S5_PT0_S7_PKlllllliiiPKfSB_i
0x55cff6a0	16	0x60de4630	43859	805099003477009	0	564	0x0	0x0	8	1	1	512	1	1	8	_ZN4vllm30reshape_and_cache_flash_kernelI13__nv_bfloat16S1_LNS_18Fp8KVCacheDataTypeE0EEEvPKT_S5_PT0_S7_PKlllllliiiPKfSB_i
0x55cff6a0	16	0x60deb630	43873	805099003490481	0	564	0x0	0x0	8	1	1	512	1	1	8	_ZN4vllm30reshape_and_cache_flash_kernelI13__nv_bfloat16S1_LNS_18Fp8KVCacheDataTypeE0EEEvPKT_S5_PT0_S7_PKlllllliiiPKfSB_i
0x55cff6a0	16	0x60df2630	43887	805099003501681	0	564	0x0	0x0	8	1	1	512	1	1	8	_ZN4vllm30reshape_and_cache_flash_kernelI13__nv_bfloat16S1_LNS_18Fp8KVCacheDataTypeE0EEEvPKT_S5_PT0_S7_PKlllllliiiPKfSB_i
0x55cff6a0	16	0x60df9630	43901	805099003511889	0	564	0x0	0x0	8	1	1	512	1	1	8	_ZN4vllm30reshape_and_cache_flash_kernelI13__nv_bfloat16S1_LNS_18Fp8KVCacheDataTypeE0EEEvPKT_S5_PT0_S7_PKlllllliiiPKfSB_i
0x55cff6a0	16	0x60e00630	43915	805099003522449	0	564	0x0	0x0	8	1	1	512	1	1	8	_ZN4vllm30reshape_and_cache_flash_kernelI13__nv_bfloat16S1_LNS_18Fp8KVCacheDataTypeE0EEEvPKT_S5_PT0_S7_PKlllllliiiPKfSB_i
0x55cff6a0	16	0x60e07640	43929	805099003534513	0	564	0x0	0x0	8	1	1	512	1	1	8	_ZN4vllm30reshape_and_cache_flash_kernelI13__nv_bfloat16S1_LNS_18Fp8KVCacheDataTypeE0EEEvPKT_S5_PT0_S7_PKlllllliiiPKfSB_i
0x55cff6a0	17	0x60ce8a90	43383	805099124708801	0	564	0x0	0x0	8	1	1	512	1	1	8	_ZN4vllm30reshape_and_cache_flash_kernelI13__nv_bfloat16S1_LNS_18Fp8KVCacheDataTypeE0EEEvPKT_S5_PT0_S7_PKlllllliiiPKfSB_i
0x55cff6a0	17	0x60cefa90	43397	805099124746768	0	564	0x0	0x0	8	1	1	512	1	1	8	_ZN4vllm30reshape_and_cache_flash_kernelI13__nv_bfloat16S1_LNS_18Fp8KVCacheDataTypeE0EEEvPKT_S5_PT0_S7_PKlllllliiiPKfSB_i
0x55cff6a0	17	0x60cf6a90	43411	805099124775120	0	564	0x0	0x0	8	1	1	512	1	1	8	_ZN4vllm30reshape_and_cache_flash_kernelI13__nv_bfloat16S1_LNS_18Fp8KVCacheDataTypeE0EEEvPKT_S5_PT0_S7_PKlllllliiiPKfSB_i
0x55cff6a0	17	0x60d0b600	43425	805099124797552	0	564	0x0	0x0	8	1	1	512	1	1	8	_ZN4vllm30reshape_and_cache_flash_kernelI13__nv_bfloat16S1_LNS_18Fp8KVCacheDataTypeE0EEEvPKT_S5_PT0_S7_PKlllllliiiPKfSB_i
0x55cff6a0	17	0x60d12600	43439	805099124814656	0	564	0x0	0x0	8	1	1	512	1	1	8	_ZN4vllm30reshape_and_cache_flash_kernelI13__nv_bfloat16S1_LNS_18Fp8KVCacheDataTypeE0EEEvPKT_S5_PT0_S7_PKlllllliiiPKfSB_i
0x55cff6a0	17	0x60d19600	43453	805099124829904	0	564	0x0	0x0	8	1	1	512	1	1	8	_ZN4vllm30reshape_and_cache_flash_kernelI13__nv_bfloat16S1_LNS_18Fp8KVCacheDataTypeE0EEEvPKT_S5_PT0_S7_PKlllllliiiPKfSB_i
0x55cff6a0	17	0x60d20600	43467	805099124844640	0	564	0x0	0x0	8	1	1	512	1	1	8	_ZN4vllm30reshape_and_cache_flash_kernelI13__nv_bfloat16S1_LNS_18Fp8KVCacheDataTypeE0EEEvPKT_S5_PT0_S7_PKlllllliiiPKfSB_i
0x55cff6a0	17	0x60d27600	43481	805099124859632	0	564	0x0	0x0	8	1	1	512	1	1	8	_ZN4vllm30reshape_and_cache_flash_kernelI13__nv_bfloat16S1_LNS_18Fp8KVCacheDataTypeE0EEEvPKT_S5_PT0_S7_PKlllllliiiPKfSB_i
0x55cff6a0	17	0x60d2e600	43495	805099124872288	0	564	0x0	0x0	8	1	1	512	1	1	8	_ZN4vllm30reshape_and_cache_flash_kernelI13__nv_bfloat16S1_LNS_18Fp8KVCacheDataTypeE0EEEvPKT_S5_PT0_S7_PKlllllliiiPKfSB_i
0x55cff6a0	17	0x60d35600	43509	805099124885744	0	564	0x0	0x0	8	1	1	512	1	1	8	_ZN4vllm30reshape_and_cache_flash_kernelI13__nv_bfloat16S1_LNS_18Fp8KVCacheDataTypeE0EEEvPKT_S5_PT0_S7_PKlllllliiiPKfSB_i
0x55cff6a0	17	0x60d3c600	43523	805099124898928	0	564	0x0	0x0	8	1	1	512	1	1	8	_ZN4vllm30reshape_and_cache_flash_kernelI13__nv_bfloat16S1_LNS_18Fp8KVCacheDataTypeE0EEEvPKT_S5_PT0_S7_PKlllllliiiPKfSB_i
0x55cff6a0	17	0x60d43600	43537	805099124911728	0	564	0x0	0x0	8	1	1	512	1	1	8	_ZN4vllm30reshape_and_cache_flash_kernelI13__nv_bfloat16S1_LNS_18Fp8KVCacheDataTypeE0EEEvPKT_S5_PT0_S7_PKlllllliiiPKfSB_i
0x55cff6a0	17	0x60d4a610	43551	805099124924560	0	564	0x0	0x0	8	1	1	512	1	1	8	_ZN4vllm30reshape_and_cache_flash_kernelI13__nv_bfloat16S1_LNS_18Fp8KVCacheDataTypeE0EEEvPKT_S5_PT0_S7_PKlllllliiiPKfSB_i
0x55cff6a0	17	0x60d51610	43565	805099124940176	0	564	0x0	0x0	8	1	1	512	1	1	8	_ZN4vllm30reshape_and_cache_flash_kernelI13__nv_bfloat16S1_LNS_18Fp8KVCacheDataTypeE0EEEvPKT_S5_PT0_S7_PKlllllliiiPKfSB_i
0x55cff6a0	17	0x60d58610	43579	805099124977040	0	564	0x0	0x0	8	1	1	512	1	1	8	_ZN4vllm30reshape_and_cache_flash_kernelI13__nv_bfloat16S1_LNS_18Fp8KVCacheDataTypeE0EEEvPKT_S5_PT0_S7_PKlllllliiiPKfSB_i
0x55cff6a0	17	0x60d5f610	43593	805099124989920	0	564	0x0	0x0	8	1	1	512	1	1	8	_ZN4vllm30reshape_and_cache_flash_kernelI13__nv_bfloat16S1_LNS_18Fp8KVCacheDataTypeE0EEEvPKT_S5_PT0_S7_PKlllllliiiPKfSB_i
0x55cff6a0	17	0x60d66610	43607	805099125009104	0	564	0x0	0x0	8	1	1	512	1	1	8	_ZN4vllm30reshape_and_cache_flash_kernelI13__nv_bfloat16S1_LNS_18Fp8KVCacheDataTypeE0EEEvPKT_S5_PT0_S7_PKlllllliiiPKfSB_i
0x55cff6a0	17	0x60d6d610	43621	805099125024912	0	564	0x0	0x0	8	1	1	512	1	1	8	_ZN4vllm30reshape_and_cache_flash_kernelI13__nv_bfloat16S1_LNS_18Fp8KVCacheDataTypeE0EEEvPKT_S5_PT0_S7_PKlllllliiiPKfSB_i
0x55cff6a0	17	0x60d74610	43635	805099125037008	0	564	0x0	0x0	8	1	1	512	1	1	8	_ZN4vllm30reshape_and_cache_flash_kernelI13__nv_bfloat16S1_LNS_18Fp8KVCacheDataTypeE0EEEvPKT_S5_PT0_S7_PKlllllliiiPKfSB_i
0x55cff6a0	17	0x60d7b610	43649	805099125046688	0	564	0x0	0x0	8	1	1	512	1	1	8	_ZN4vllm30reshape_and_cache_flash_kernelI13__nv_bfloat16S1_LNS_18Fp8KVCacheDataTypeE0EEEvPKT_S5_PT0_S7_PKlllllliiiPKfSB_i
0x55cff6a0	17	0x60d82610	43663	805099125058048	0	564	0x0	0x0	8	1	1	512	1	1	8	_ZN4vllm30reshape_and_cache_flash_kernelI13__nv_bfloat16S1_LNS_18Fp8KVCacheDataTypeE0EEEvPKT_S5_PT0_S7_PKlllllliiiPKfSB_i
0x55cff6a0	17	0x60d89620	43677	805099125067520	0	564	0x0	0x0	8	1	1	512	1	1	8	_ZN4vllm30reshape_and_cache_flash_kernelI13__nv_bfloat16S1_LNS_18Fp8KVCacheDataTypeE0EEEvPKT_S5_PT0_S7_PKlllllliiiPKfSB_i
0x55cff6a0	17	0x60d90620	43691	805099125079808	0	564	0x0	0x0	8	1	1	512	1	1	8	_ZN4vllm30reshape_and_cache_flash_kernelI13__nv_bfloat16S1_LNS_18Fp8KVCacheDataTypeE0EEEvPKT_S5_PT0_S7_PKlllllliiiPKfSB_i
0x55cff6a0	17	0x60d97620	43705	805099125093760	0	564	0x0	0x0	8	1	1	512	1	1	8	_ZN4vllm30reshape_and_cache_flash_kernelI13__nv_bfloat16S1_LNS_18Fp8KVCacheDataTypeE0EEEvPKT_S5_PT0_S7_PKlllllliiiPKfSB_i
0x55cff6a0	17	0x60d9e620	43719	805099125109856	0	564	0x0	0x0	8	1	1	512	1	1	8	_ZN4vllm30reshape_and_cache_flash_kernelI13__nv_bfloat16S1_LNS_18Fp8KVCacheDataTypeE0EEEvPKT_S5_PT0_S7_PKlllllliiiPKfSB_i
0x55cff6a0	17	0x60da5620	43733	805099125126912	0	564	0x0	0x0	8	1	1	512	1	1	8	_ZN4vllm30reshape_and_cache_flash_kernelI13__nv_bfloat16S1_LNS_18Fp8KVCacheDataTypeE0EEEvPKT_S5_PT0_S7_PKlllllliiiPKfSB_i
0x55cff6a0	17	0x60dac620	43747	805099125138096	0	564	0x0	0x0	8	1	1	512	1	1	8	_ZN4vllm30reshape_and_cache_flash_kernelI13__nv_bfloat16S1_LNS_18Fp8KVCacheDataTypeE0EEEvPKT_S5_PT0_S7_PKlllllliiiPKfSB_i
0x55cff6a0	17	0x60db3620	43761	805099125150496	0	564	0x0	0x0	8	1	1	512	1	1	8	_ZN4vllm30reshape_and_cache_flash_kernelI13__nv_bfloat16S1_LNS_18Fp8KVCacheDataTypeE0EEEvPKT_S5_PT0_S7_PKlllllliiiPKfSB_i
0x55cff6a0	17	0x60dba620	43775	805099125162688	0	564	0x0	0x0	8	1	1	512	1	1	8	_ZN4vllm30reshape_and_cache_flash_kernelI13__nv_bfloat16S1_LNS_18Fp8KVCacheDataTypeE0EEEvPKT_S5_PT0_S7_PKlllllliiiPKfSB_i
0x55cff6a0	17	0x60dc1620	43789	805099125175568	0	564	0x0	0x0	8	1	1	512	1	1	8	_ZN4vllm30reshape_and_cache_flash_kernelI13__nv_bfloat16S1_LNS_18Fp8KVCacheDataTypeE0EEEvPKT_S5_PT0_S7_PKlllllliiiPKfSB_i
0x55cff6a0	17	0x60dc8630	43803	805099125187136	0	564	0x0	0x0	8	1	1	512	1	1	8	_ZN4vllm30reshape_and_cache_flash_kernelI13__nv_bfloat16S1_LNS_18Fp8KVCacheDataTypeE0EEEvPKT_S5_PT0_S7_PKlllllliiiPKfSB_i
0x55cff6a0	17	0x60dcf630	43817	805099125200448	0	564	0x0	0x0	8	1	1	512	1	1	8	_ZN4vllm30reshape_and_cache_flash_kernelI13__nv_bfloat16S1_LNS_18Fp8KVCacheDataTypeE0EEEvPKT_S5_PT0_S7_PKlllllliiiPKfSB_i
0x55cff6a0	17	0x60dd6630	43831	805099125213024	0	564	0x0	0x0	8	1	1	512	1	1	8	_ZN4vllm30reshape_and_cache_flash_kernelI13__nv_bfloat16S1_LNS_18Fp8KVCacheDataTypeE0EEEvPKT_S5_PT0_S7_PKlllllliiiPKfSB_i
0x55cff6a0	17	0x60ddd630	43845	805099125226416	0	564	0x0	0x0	8	1	1	512	1	1	8	_ZN4vllm30reshape_and_cache_flash_kernelI13__nv_bfloat16S1_LNS_18Fp8KVCacheDataTypeE0EEEvPKT_S5_PT0_S7_PKlllllliiiPKfSB_i
0x55cff6a0	17	0x60de4630	43859	805099125236688	0	564	0x0	0x0	8	1	1	512	1	1	8	_ZN4vllm30reshape_and_cache_flash_kernelI13__nv_bfloat16S1_LNS_18Fp8KVCacheDataTypeE0EEEvPKT_S5_PT0_S7_PKlllllliiiPKfSB_i
0x55cff6a0	17	0x60deb630	43873	805099125245807	0	564	0x0	0x0	8	1	1	512	1	1	8	_ZN4vllm30reshape_and_cache_flash_kernelI13__nv_bfloat16S1_LNS_18Fp8KVCacheDataTypeE0EEEvPKT_S5_PT0_S7_PKlllllliiiPKfSB_i
0x55cff6a0	17	0x60df2630	43887	805099125255711	0	564	0x0	0x0	8	1	1	512	1	1	8	_ZN4vllm30reshape_and_cache_flash_kernelI13__nv_bfloat16S1_LNS_18Fp8KVCacheDataTypeE0EEEvPKT_S5_PT0_S7_PKlllllliiiPKfSB_i
0x55cff6a0	17	0x60df9630	43901	805099125268159	0	564	0x0	0x0	8	1	1	512	1	1	8	_ZN4vllm30reshape_and_cache_flash_kernelI13__nv_bfloat16S1_LNS_18Fp8KVCacheDataTypeE0EEEvPKT_S5_PT0_S7_PKlllllliiiPKfSB_i
0x55cff6a0	17	0x60e00630	43915	805099125280335	0	564	0x0	0x0	8	1	1	512	1	1	8	_ZN4vllm30reshape_and_cache_flash_kernelI13__nv_bfloat16S1_LNS_18Fp8KVCacheDataTypeE0EEEvPKT_S5_PT0_S7_PKlllllliiiPKfSB_i
0x55cff6a0	17	0x60e07640	43929	805099125295551	0	564	0x0	0x0	8	1	1	512	1	1	8	_ZN4vllm30reshape_and_cache_flash_kernelI13__nv_bfloat16S1_LNS_18Fp8KVCacheDataTypeE0EEEvPKT_S5_PT0_S7_PKlllllliiiPKfSB_i
0x55cff6a0	18	0x60ce8a90	43383	805099246112672	0	564	0x0	0x0	8	1	1	512	1	1	8	_ZN4vllm30reshape_and_cache_flash_kernelI13__nv_bfloat16S1_LNS_18Fp8KVCacheDataTypeE0EEEvPKT_S5_PT0_S7_PKlllllliiiPKfSB_i
0x55cff6a0	18	0x60cefa90	43397	805099246157872	0	564	0x0	0x0	8	1	1	512	1	1	8	_ZN4vllm30reshape_and_cache_flash_kernelI13__nv_bfloat16S1_LNS_18Fp8KVCacheDataTypeE0EEEvPKT_S5_PT0_S7_PKlllllliiiPKfSB_i
0x55cff6a0	18	0x60cf6a90	43411	805099246186080	0	564	0x0	0x0	8	1	1	512	1	1	8	_ZN4vllm30reshape_and_cache_flash_kernelI13__nv_bfloat16S1_LNS_18Fp8KVCacheDataTypeE0EEEvPKT_S5_PT0_S7_PKlllllliiiPKfSB_i
0x55cff6a0	18	0x60d0b600	43425	805099246208688	0	564	0x0	0x0	8	1	1	512	1	1	8	_ZN4vllm30reshape_and_cache_flash_kernelI13__nv_bfloat16S1_LNS_18Fp8KVCacheDataTypeE0EEEvPKT_S5_PT0_S7_PKlllllliiiPKfSB_i
0x55cff6a0	18	0x60d12600	43439	805099246224288	0	564	0x0	0x0	8	1	1	512	1	1	8	_ZN4vllm30reshape_and_cache_flash_kernelI13__nv_bfloat16S1_LNS_18Fp8KVCacheDataTypeE0EEEvPKT_S5_PT0_S7_PKlllllliiiPKfSB_i
0x55cff6a0	18	0x60d19600	43453	805099246235936	0	564	0x0	0x0	8	1	1	512	1	1	8	_ZN4vllm30reshape_and_cache_flash_kernelI13__nv_bfloat16S1_LNS_18Fp8KVCacheDataTypeE0EEEvPKT_S5_PT0_S7_PKlllllliiiPKfSB_i
0x55cff6a0	18	0x60d20600	43467	805099246248959	0	564	0x0	0x0	8	1	1	512	1	1	8	_ZN4vllm30reshape_and_cache_flash_kernelI13__nv_bfloat16S1_LNS_18Fp8KVCacheDataTypeE0EEEvPKT_S5_PT0_S7_PKlllllliiiPKfSB_i
0x55cff6a0	18	0x60d27600	43481	805099246261471	0	564	0x0	0x0	8	1	1	512	1	1	8	_ZN4vllm30reshape_and_cache_flash_kernelI13__nv_bfloat16S1_LNS_18Fp8KVCacheDataTypeE0EEEvPKT_S5_PT0_S7_PKlllllliiiPKfSB_i
0x55cff6a0	18	0x60d2e600	43495	805099246274991	0	564	0x0	0x0	8	1	1	512	1	1	8	_ZN4vllm30reshape_and_cache_flash_kernelI13__nv_bfloat16S1_LNS_18Fp8KVCacheDataTypeE0EEEvPKT_S5_PT0_S7_PKlllllliiiPKfSB_i
0x55cff6a0	18	0x60d35600	43509	805099246285695	0	564	0x0	0x0	8	1	1	512	1	1	8	_ZN4vllm30reshape_and_cache_flash_kernelI13__nv_bfloat16S1_LNS_18Fp8KVCacheDataTypeE0EEEvPKT_S5_PT0_S7_PKlllllliiiPKfSB_i
0x55cff6a0	18	0x60d3c600	43523	805099246299119	0	564	0x0	0x0	8	1	1	512	1	1	8	_ZN4vllm30reshape_and_cache_flash_kernelI13__nv_bfloat16S1_LNS_18Fp8KVCacheDataTypeE0EEEvPKT_S5_PT0_S7_PKlllllliiiPKfSB_i
0x55cff6a0	18	0x60d43600	43537	805099246312671	0	564	0x0	0x0	8	1	1	512	1	1	8	_ZN4vllm30reshape_and_cache_flash_kernelI13__nv_bfloat16S1_LNS_18Fp8KVCacheDataTypeE0EEEvPKT_S5_PT0_S7_PKlllllliiiPKfSB_i
0x55cff6a0	18	0x60d4a610	43551	805099246324991	0	564	0x0	0x0	8	1	1	512	1	1	8	_ZN4vllm30reshape_and_cache_flash_kernelI13__nv_bfloat16S1_LNS_18Fp8KVCacheDataTypeE0EEEvPKT_S5_PT0_S7_PKlllllliiiPKfSB_i
0x55cff6a0	18	0x60d51610	43565	805099246338639	0	564	0x0	0x0	8	1	1	512	1	1	8	_ZN4vllm30reshape_and_cache_flash_kernelI13__nv_bfloat16S1_LNS_18Fp8KVCacheDataTypeE0EEEvPKT_S5_PT0_S7_PKlllllliiiPKfSB_i
0x55cff6a0	18	0x60d58610	43579	805099246351711	0	564	0x0	0x0	8	1	1	512	1	1	8	_ZN4vllm30reshape_and_cache_flash_kernelI13__nv_bfloat16S1_LNS_18Fp8KVCacheDataTypeE0EEEvPKT_S5_PT0_S7_PKlllllliiiPKfSB_i
0x55cff6a0	18	0x60d5f610	43593	805099246367855	0	564	0x0	0x0	8	1	1	512	1	1	8	_ZN4vllm30reshape_and_cache_flash_kernelI13__nv_bfloat16S1_LNS_18Fp8KVCacheDataTypeE0EEEvPKT_S5_PT0_S7_PKlllllliiiPKfSB_i
0x55cff6a0	18	0x60d66610	43607	805099246386415	0	564	0x0	0x0	8	1	1	512	1	1	8	_ZN4vllm30reshape_and_cache_flash_kernelI13__nv_bfloat16S1_LNS_18Fp8KVCacheDataTypeE0EEEvPKT_S5_PT0_S7_PKlllllliiiPKfSB_i
0x55cff6a0	18	0x60d6d610	43621	805099246429551	0	564	0x0	0x0	8	1	1	512	1	1	8	_ZN4vllm30reshape_and_cache_flash_kernelI13__nv_bfloat16S1_LNS_18Fp8KVCacheDataTypeE0EEEvPKT_S5_PT0_S7_PKlllllliiiPKfSB_i
0x55cff6a0	18	0x60d74610	43635	805099246452063	0	564	0x0	0x0	8	1	1	512	1	1	8	_ZN4vllm30reshape_and_cache_flash_kernelI13__nv_bfloat16S1_LNS_18Fp8KVCacheDataTypeE0EEEvPKT_S5_PT0_S7_PKlllllliiiPKfSB_i
0x55cff6a0	18	0x60d7b610	43649	805099246464783	0	564	0x0	0x0	8	1	1	512	1	1	8	_ZN4vllm30reshape_and_cache_flash_kernelI13__nv_bfloat16S1_LNS_18Fp8KVCacheDataTypeE0EEEvPKT_S5_PT0_S7_PKlllllliiiPKfSB_i
0x55cff6a0	18	0x60d82610	43663	805099246476127	0	564	0x0	0x0	8	1	1	512	1	1	8	_ZN4vllm30reshape_and_cache_flash_kernelI13__nv_bfloat16S1_LNS_18Fp8KVCacheDataTypeE0EEEvPKT_S5_PT0_S7_PKlllllliiiPKfSB_i
0x55cff6a0	18	0x60d89620	43677	805099246488015	0	564	0x0	0x0	8	1	1	512	1	1	8	_ZN4vllm30reshape_and_cache_flash_kernelI13__nv_bfloat16S1_LNS_18Fp8KVCacheDataTypeE0EEEvPKT_S5_PT0_S7_PKlllllliiiPKfSB_i
0x55cff6a0	18	0x60d90620	43691	805099246500479	0	564	0x0	0x0	8	1	1	512	1	1	8	_ZN4vllm30reshape_and_cache_flash_kernelI13__nv_bfloat16S1_LNS_18Fp8KVCacheDataTypeE0EEEvPKT_S5_PT0_S7_PKlllllliiiPKfSB_i
0x55cff6a0	18	0x60d97620	43705	805099246510479	0	564	0x0	0x0	8	1	1	512	1	1	8	_ZN4vllm30reshape_and_cache_flash_kernelI13__nv_bfloat16S1_LNS_18Fp8KVCacheDataTypeE0EEEvPKT_S5_PT0_S7_PKlllllliiiPKfSB_i
0x55cff6a0	18	0x60d9e620	43719	805099246520095	0	564	0x0	0x0	8	1	1	512	1	1	8	_ZN4vllm30reshape_and_cache_flash_kernelI13__nv_bfloat16S1_LNS_18Fp8KVCacheDataTypeE0EEEvPKT_S5_PT0_S7_PKlllllliiiPKfSB_i
0x55cff6a0	18	0x60da5620	43733	805099246534367	0	564	0x0	0x0	8	1	1	512	1	1	8	_ZN4vllm30reshape_and_cache_flash_kernelI13__nv_bfloat16S1_LNS_18Fp8KVCacheDataTypeE0EEEvPKT_S5_PT0_S7_PKlllllliiiPKfSB_i
0x55cff6a0	18	0x60dac620	43747	805099246549823	0	564	0x0	0x0	8	1	1	512	1	1	8	_ZN4vllm30reshape_and_cache_flash_kernelI13__nv_bfloat16S1_LNS_18Fp8KVCacheDataTypeE0EEEvPKT_S5_PT0_S7_PKlllllliiiPKfSB_i
0x55cff6a0	18	0x60db3620	43761	805099246563663	0	564	0x0	0x0	8	1	1	512	1	1	8	_ZN4vllm30reshape_and_cache_flash_kernelI13__nv_bfloat16S1_LNS_18Fp8KVCacheDataTypeE0EEEvPKT_S5_PT0_S7_PKlllllliiiPKfSB_i
0x55cff6a0	18	0x60dba620	43775	805099246575151	0	564	0x0	0x0	8	1	1	512	1	1	8	_ZN4vllm30reshape_and_cache_flash_kernelI13__nv_bfloat16S1_LNS_18Fp8KVCacheDataTypeE0EEEvPKT_S5_PT0_S7_PKlllllliiiPKfSB_i
0x55cff6a0	18	0x60dc1620	43789	805099246587999	0	564	0x0	0x0	8	1	1	512	1	1	8	_ZN4vllm30reshape_and_cache_flash_kernelI13__nv_bfloat16S1_LNS_18Fp8KVCacheDataTypeE0EEEvPKT_S5_PT0_S7_PKlllllliiiPKfSB_i
0x55cff6a0	18	0x60dc8630	43803	805099246600943	0	564	0x0	0x0	8	1	1	512	1	1	8	_ZN4vllm30reshape_and_cache_flash_kernelI13__nv_bfloat16S1_LNS_18Fp8KVCacheDataTypeE0EEEvPKT_S5_PT0_S7_PKlllllliiiPKfSB_i
0x55cff6a0	18	0x60dcf630	43817	805099246611855	0	564	0x0	0x0	8	1	1	512	1	1	8	_ZN4vllm30reshape_and_cache_flash_kernelI13__nv_bfloat16S1_LNS_18Fp8KVCacheDataTypeE0EEEvPKT_S5_PT0_S7_PKlllllliiiPKfSB_i
0x55cff6a0	18	0x60dd6630	43831	805099246624735	0	564	0x0	0x0	8	1	1	512	1	1	8	_ZN4vllm30reshape_and_cache_flash_kernelI13__nv_bfloat16S1_LNS_18Fp8KVCacheDataTypeE0EEEvPKT_S5_PT0_S7_PKlllllliiiPKfSB_i
0x55cff6a0	18	0x60ddd630	43845	805099246639567	0	564	0x0	0x0	8	1	1	512	1	1	8	_ZN4vllm30reshape_and_cache_flash_kernelI13__nv_bfloat16S1_LNS_18Fp8KVCacheDataTypeE0EEEvPKT_S5_PT0_S7_PKlllllliiiPKfSB_i
0x55cff6a0	18	0x60de4630	43859	805099246655615	0	564	0x0	0x0	8	1	1	512	1	1	8	_ZN4vllm30reshape_and_cache_flash_kernelI13__nv_bfloat16S1_LNS_18Fp8KVCacheDataTypeE0EEEvPKT_S5_PT0_S7_PKlllllliiiPKfSB_i
0x55cff6a0	18	0x60deb630	43873	805099246672463	0	564	0x0	0x0	8	1	1	512	1	1	8	_ZN4vllm30reshape_and_cache_flash_kernelI13__nv_bfloat16S1_LNS_18Fp8KVCacheDataTypeE0EEEvPKT_S5_PT0_S7_PKlllllliiiPKfSB_i
0x55cff6a0	18	0x60df2630	43887	805099246684015	0	564	0x0	0x0	8	1	1	512	1	1	8	_ZN4vllm30reshape_and_cache_flash_kernelI13__nv_bfloat16S1_LNS_18Fp8KVCacheDataTypeE0EEEvPKT_S5_PT0_S7_PKlllllliiiPKfSB_i
0x55cff6a0	18	0x60df9630	43901	805099246695359	0	564	0x0	0x0	8	1	1	512	1	1	8	_ZN4vllm30reshape_and_cache_flash_kernelI13__nv_bfloat16S1_LNS_18Fp8KVCacheDataTypeE0EEEvPKT_S5_PT0_S7_PKlllllliiiPKfSB_i
0x55cff6a0	18	0x60e00630	43915	805099246707471	0	564	0x0	0x0	8	1	1	512	1	1	8	_ZN4vllm30reshape_and_cache_flash_kernelI13__nv_bfloat16S1_LNS_18Fp8KVCacheDataTypeE0EEEvPKT_S5_PT0_S7_PKlllllliiiPKfSB_i
0x55cff6a0	18	0x60e07640	43929	805099246721599	0	564	0x0	0x0	8	1	1	512	1	1	8	_ZN4vllm30reshape_and_cache_flash_kernelI13__nv_bfloat16S1_LNS_18Fp8KVCacheDataTypeE0EEEvPKT_S5_PT0_S7_PKlllllliiiPKfSB_i
0x60baf780	1	0x611d1170	44510	805099367491039	0	564	0x0	0x0	4	1	1	512	1	1	4	_ZN4vllm30reshape_and_cache_flash_kernelI13__nv_bfloat16S1_LNS_18Fp8KVCacheDataTypeE0EEEvPKT_S5_PT0_S7_PKlllllliiiPKfSB_i
0x60baf780	1	0x611d8170	44524	805099367513855	0	564	0x0	0x0	4	1	1	512	1	1	4	_ZN4vllm30reshape_and_cache_flash_kernelI13__nv_bfloat16S1_LNS_18Fp8KVCacheDataTypeE0EEEvPKT_S5_PT0_S7_PKlllllliiiPKfSB_i
0x60baf780	1	0x611df170	44538	805099367542687	0	564	0x0	0x0	4	1	1	512	1	1	4	_ZN4vllm30reshape_and_cache_flash_kernelI13__nv_bfloat16S1_LNS_18Fp8KVCacheDataTypeE0EEEvPKT_S5_PT0_S7_PKlllllliiiPKfSB_i
0x60baf780	1	0x611e6170	44552	805099367569727	0	564	0x0	0x0	4	1	1	512	1	1	4	_ZN4vllm30reshape_and_cache_flash_kernelI13__nv_bfloat16S1_LNS_18Fp8KVCacheDataTypeE0EEEvPKT_S5_PT0_S7_PKlllllliiiPKfSB_i
0x60baf780	1	0x611ed170	44566	805099367592799	0	564	0x0	0x0	4	1	1	512	1	1	4	_ZN4vllm30reshape_and_cache_flash_kernelI13__nv_bfloat16S1_LNS_18Fp8KVCacheDataTypeE0EEEvPKT_S5_PT0_S7_PKlllllliiiPKfSB_i
0x60baf780	1	0x611fd640	44580	805099367614095	0	564	0x0	0x0	4	1	1	512	1	1	4	_ZN4vllm30reshape_and_cache_flash_kernelI13__nv_bfloat16S1_LNS_18Fp8KVCacheDataTypeE0EEEvPKT_S5_PT0_S7_PKlllllliiiPKfSB_i
0x60baf780	1	0x61204640	44594	805099367639359	0	564	0x0	0x0	4	1	1	512	1	1	4	_ZN4vllm30reshape_and_cache_flash_kernelI13__nv_bfloat16S1_LNS_18Fp8KVCacheDataTypeE0EEEvPKT_S5_PT0_S7_PKlllllliiiPKfSB_i
0x60baf780	1	0x6120b640	44608	805099367651311	0	564	0x0	0x0	4	1	1	512	1	1	4	_ZN4vllm30reshape_and_cache_flash_kernelI13__nv_bfloat16S1_LNS_18Fp8KVCacheDataTypeE0EEEvPKT_S5_PT0_S7_PKlllllliiiPKfSB_i
0x60baf780	1	0x61212640	44622	805099367664207	0	564	0x0	0x0	4	1	1	512	1	1	4	_ZN4vllm30reshape_and_cache_flash_kernelI13__nv_bfloat16S1_LNS_18Fp8KVCacheDataTypeE0EEEvPKT_S5_PT0_S7_PKlllllliiiPKfSB_i
0x60baf780	1	0x61219640	44636	805099367679855	0	564	0x0	0x0	4	1	1	512	1	1	4	_ZN4vllm30reshape_and_cache_flash_kernelI13__nv_bfloat16S1_LNS_18Fp8KVCacheDataTypeE0EEEvPKT_S5_PT0_S7_PKlllllliiiPKfSB_i
0x60baf780	1	0x61220640	44650	805099367694063	0	564	0x0	0x0	4	1	1	512	1	1	4	_ZN4vllm30reshape_and_cache_flash_kernelI13__nv_bfloat16S1_LNS_18Fp8KVCacheDataTypeE0EEEvPKT_S5_PT0_S7_PKlllllliiiPKfSB_i
0x60baf780	1	0x61227640	44664	805099367708687	0	564	0x0	0x0	4	1	1	512	1	1	4	_ZN4vllm30reshape_and_cache_flash_kernelI13__nv_bfloat16S1_LNS_18Fp8KVCacheDataTypeE0EEEvPKT_S5_PT0_S7_PKlllllliiiPKfSB_i
0x60baf780	1	0x6122e640	44678	805099367722639	0	564	0x0	0x0	4	1	1	512	1	1	4	_ZN4vllm30reshape_and_cache_flash_kernelI13__nv_bfloat16S1_LNS_18Fp8KVCacheDataTypeE0EEEvPKT_S5_PT0_S7_PKlllllliiiPKfSB_i
0x60baf780	1	0x61235640	44692	805099367734271	0	564	0x0	0x0	4	1	1	512	1	1	4	_ZN4vllm30reshape_and_cache_flash_kernelI13__nv_bfloat16S1_LNS_18Fp8KVCacheDataTypeE0EEEvPKT_S5_PT0_S7_PKlllllliiiPKfSB_i
0x60baf780	1	0x6123c650	44706	805099367744606	0	564	0x0	0x0	4	1	1	512	1	1	4	_ZN4vllm30reshape_and_cache_flash_kernelI13__nv_bfloat16S1_LNS_18Fp8KVCacheDataTypeE0EEEvPKT_S5_PT0_S7_PKlllllliiiPKfSB_i
0x60baf780	1	0x61243650	44720	805099367754798	0	564	0x0	0x0	4	1	1	512	1	1	4	_ZN4vllm30reshape_and_cache_flash_kernelI13__nv_bfloat16S1_LNS_18Fp8KVCacheDataTypeE0EEEvPKT_S5_PT0_S7_PKlllllliiiPKfSB_i
0x60baf780	1	0x6124a650	44734	805099367767454	0	564	0x0	0x0	4	1	1	512	1	1	4	_ZN4vllm30reshape_and_cache_flash_kernelI13__nv_bfloat16S1_LNS_18Fp8KVCacheDataTypeE0EEEvPKT_S5_PT0_S7_PKlllllliiiPKfSB_i
0x60baf780	1	0x61251650	44748	805099367781934	0	564	0x0	0x0	4	1	1	512	1	1	4	_ZN4vllm30reshape_and_cache_flash_kernelI13__nv_bfloat16S1_LNS_18Fp8KVCacheDataTypeE0EEEvPKT_S5_PT0_S7_PKlllllliiiPKfSB_i
0x60baf780	1	0x61258650	44762	805099367796238	0	564	0x0	0x0	4	1	1	512	1	1	4	_ZN4vllm30reshape_and_cache_flash_kernelI13__nv_bfloat16S1_LNS_18Fp8KVCacheDataTypeE0EEEvPKT_S5_PT0_S7_PKlllllliiiPKfSB_i
0x60baf780	1	0x6125f650	44776	805099367839326	0	564	0x0	0x0	4	1	1	512	1	1	4	_ZN4vllm30reshape_and_cache_flash_kernelI13__nv_bfloat16S1_LNS_18Fp8KVCacheDataTypeE0EEEvPKT_S5_PT0_S7_PKlllllliiiPKfSB_i
0x60baf780	1	0x61266650	44790	805099367856862	0	564	0x0	0x0	4	1	1	512	1	1	4	_ZN4vllm30reshape_and_cache_flash_kernelI13__nv_bfloat16S1_LNS_18Fp8KVCacheDataTypeE0EEEvPKT_S5_PT0_S7_PKlllllliiiPKfSB_i
0x60baf780	1	0x6126d650	44804	805099367870462	0	564	0x0	0x0	4	1	1	512	1	1	4	_ZN4vllm30reshape_and_cache_flash_kernelI13__nv_bfloat16S1_LNS_18Fp8KVCacheDataTypeE0EEEvPKT_S5_PT0_S7_PKlllllliiiPKfSB_i
0x60baf780	1	0x61274650	44818	805099367882958	0	564	0x0	0x0	4	1	1	512	1	1	4	_ZN4vllm30reshape_and_cache_flash_kernelI13__nv_bfloat16S1_LNS_18Fp8KVCacheDataTypeE0EEEvPKT_S5_PT0_S7_PKlllllliiiPKfSB_i
0x60baf780	1	0x6127b660	44832	805099367894302	0	564	0x0	0x0	4	1	1	512	1	1	4	_ZN4vllm30reshape_and_cache_flash_kernelI13__nv_bfloat16S1_LNS_18Fp8KVCacheDataTypeE0EEEvPKT_S5_PT0_S7_PKlllllliiiPKfSB_i
0x60baf780	1	0x61282660	44846	805099367904366	0	564	0x0	0x0	4	1	1	512	1	1	4	_ZN4vllm30reshape_and_cache_flash_kernelI13__nv_bfloat16S1_LNS_18Fp8KVCacheDataTypeE0EEEvPKT_S5_PT0_S7_PKlllllliiiPKfSB_i
0x60baf780	1	0x61289660	44860	805099367916846	0	564	0x0	0x0	4	1	1	512	1	1	4	_ZN4vllm30reshape_and_cache_flash_kernelI13__nv_bfloat16S1_LNS_18Fp8KVCacheDataTypeE0EEEvPKT_S5_PT0_S7_PKlllllliiiPKfSB_i
0x60baf780	1	0x61290660	44874	805099367929566	0	564	0x0	0x0	4	1	1	512	1	1	4	_ZN4vllm30reshape_and_cache_flash_kernelI13__nv_bfloat16S1_LNS_18Fp8KVCacheDataTypeE0EEEvPKT_S5_PT0_S7_PKlllllliiiPKfSB_i
0x60baf780	1	0x61297660	44888	805099367941934	0	564	0x0	0x0	4	1	1	512	1	1	4	_ZN4vllm30reshape_and_cache_flash_kernelI13__nv_bfloat16S1_LNS_18Fp8KVCacheDataTypeE0EEEvPKT_S5_PT0_S7_PKlllllliiiPKfSB_i
0x60baf780	1	0x6129e660	44902	805099367953246	0	564	0x0	0x0	4	1	1	512	1	1	4	_ZN4vllm30reshape_and_cache_flash_kernelI13__nv_bfloat16S1_LNS_18Fp8KVCacheDataTypeE0EEEvPKT_S5_PT0_S7_PKlllllliiiPKfSB_i
0x60baf780	1	0x612a5660	44916	805099367964974	0	564	0x0	0x0	4	1	1	512	1	1	4	_ZN4vllm30reshape_and_cache_flash_kernelI13__nv_bfloat16S1_LNS_18Fp8KVCacheDataTypeE0EEEvPKT_S5_PT0_S7_PKlllllliiiPKfSB_i
0x60baf780	1	0x612ac660	44930	805099367976478	0	564	0x0	0x0	4	1	1	512	1	1	4	_ZN4vllm30reshape_and_cache_flash_kernelI13__nv_bfloat16S1_LNS_18Fp8KVCacheDataTypeE0EEEvPKT_S5_PT0_S7_PKlllllliiiPKfSB_i
0x60baf780	1	0x612b3660	44944	805099367987054	0	564	0x0	0x0	4	1	1	512	1	1	4	_ZN4vllm30reshape_and_cache_flash_kernelI13__nv_bfloat16S1_LNS_18Fp8KVCacheDataTypeE0EEEvPKT_S5_PT0_S7_PKlllllliiiPKfSB_i
0x60baf780	1	0x612ba670	44958	805099367997294	0	564	0x0	0x0	4	1	1	512	1	1	4	_ZN4vllm30reshape_and_cache_flash_kernelI13__nv_bfloat16S1_LNS_18Fp8KVCacheDataTypeE0EEEvPKT_S5_PT0_S7_PKlllllliiiPKfSB_i
0x60baf780	1	0x612c1670	44972	805099368014094	0	564	0x0	0x0	4	1	1	512	1	1	4	_ZN4vllm30reshape_and_cache_flash_kernelI13__nv_bfloat16S1_LNS_18Fp8KVCacheDataTypeE0EEEvPKT_S5_PT0_S7_PKlllllliiiPKfSB_i
0x60baf780	1	0x612c8670	44986	805099368027614	0	564	0x0	0x0	4	1	1	512	1	1	4	_ZN4vllm30reshape_and_cache_flash_kernelI13__nv_bfloat16S1_LNS_18Fp8KVCacheDataTypeE0EEEvPKT_S5_PT0_S7_PKlllllliiiPKfSB_i
0x60baf780	1	0x612cf670	45000	805099368039694	0	564	0x0	0x0	4	1	1	512	1	1	4	_ZN4vllm30reshape_and_cache_flash_kernelI13__nv_bfloat16S1_LNS_18Fp8KVCacheDataTypeE0EEEvPKT_S5_PT0_S7_PKlllllliiiPKfSB_i
0x60baf780	1	0x612d6670	45014	805099368050750	0	564	0x0	0x0	4	1	1	512	1	1	4	_ZN4vllm30reshape_and_cache_flash_kernelI13__nv_bfloat16S1_LNS_18Fp8KVCacheDataTypeE0EEEvPKT_S5_PT0_S7_PKlllllliiiPKfSB_i
0x60baf780	1	0x612dd670	45028	805099368060926	0	564	0x0	0x0	4	1	1	512	1	1	4	_ZN4vllm30reshape_and_cache_flash_kernelI13__nv_bfloat16S1_LNS_18Fp8KVCacheDataTypeE0EEEvPKT_S5_PT0_S7_PKlllllliiiPKfSB_i
0x60baf780	1	0x612e4670	45042	805099368071710	0	564	0x0	0x0	4	1	1	512	1	1	4	_ZN4vllm30reshape_and_cache_flash_kernelI13__nv_bfloat16S1_LNS_18Fp8KVCacheDataTypeE0EEEvPKT_S5_PT0_S7_PKlllllliiiPKfSB_i
0x60baf780	1	0x612eb670	45056	805099368082254	0	564	0x0	0x0	4	1	1	512	1	1	4	_ZN4vllm30reshape_and_cache_flash_kernelI13__nv_bfloat16S1_LNS_18Fp8KVCacheDataTypeE0EEEvPKT_S5_PT0_S7_PKlllllliiiPKfSB_i
0x60baf780	2	0x611d1170	44510	805099488571215	0	564	0x0	0x0	4	1	1	512	1	1	4	_ZN4vllm30reshape_and_cache_flash_kernelI13__nv_bfloat16S1_LNS_18Fp8KVCacheDataTypeE0EEEvPKT_S5_PT0_S7_PKlllllliiiPKfSB_i
0x60baf780	2	0x611d8170	44524	805099488608127	0	564	0x0	0x0	4	1	1	512	1	1	4	_ZN4vllm30reshape_and_cache_flash_kernelI13__nv_bfloat16S1_LNS_18Fp8KVCacheDataTypeE0EEEvPKT_S5_PT0_S7_PKlllllliiiPKfSB_i
0x60baf780	2	0x611df170	44538	805099488634543	0	564	0x0	0x0	4	1	1	512	1	1	4	_ZN4vllm30reshape_and_cache_flash_kernelI13__nv_bfloat16S1_LNS_18Fp8KVCacheDataTypeE0EEEvPKT_S5_PT0_S7_PKlllllliiiPKfSB_i
0x60baf780	2	0x611e6170	44552	805099488658687	0	564	0x0	0x0	4	1	1	512	1	1	4	_ZN4vllm30reshape_and_cache_flash_kernelI13__nv_bfloat16S1_LNS_18Fp8KVCacheDataTypeE0EEEvPKT_S5_PT0_S7_PKlllllliiiPKfSB_i
0x60baf780	2	0x611ed170	44566	805099488676047	0	564	0x0	0x0	4	1	1	512	1	1	4	_ZN4vllm30reshape_and_cache_flash_kernelI13__nv_bfloat16S1_LNS_18Fp8KVCacheDataTypeE0EEEvPKT_S5_PT0_S7_PKlllllliiiPKfSB_i
0x60baf780	2	0x611fd640	44580	805099488694831	0	564	0x0	0x0	4	1	1	512	1	1	4	_ZN4vllm30reshape_and_cache_flash_kernelI13__nv_bfloat16S1_LNS_18Fp8KVCacheDataTypeE0EEEvPKT_S5_PT0_S7_PKlllllliiiPKfSB_i
0x60baf780	2	0x61204640	44594	805099488714926	0	564	0x0	0x0	4	1	1	512	1	1	4	_ZN4vllm30reshape_and_cache_flash_kernelI13__nv_bfloat16S1_LNS_18Fp8KVCacheDataTypeE0EEEvPKT_S5_PT0_S7_PKlllllliiiPKfSB_i
0x60baf780	2	0x6120b640	44608	805099488728350	0	564	0x0	0x0	4	1	1	512	1	1	4	_ZN4vllm30reshape_and_cache_flash_kernelI13__nv_bfloat16S1_LNS_18Fp8KVCacheDataTypeE0EEEvPKT_S5_PT0_S7_PKlllllliiiPKfSB_i
0x60baf780	2	0x61212640	44622	805099488742846	0	564	0x0	0x0	4	1	1	512	1	1	4	_ZN4vllm30reshape_and_cache_flash_kernelI13__nv_bfloat16S1_LNS_18Fp8KVCacheDataTypeE0EEEvPKT_S5_PT0_S7_PKlllllliiiPKfSB_i
0x60baf780	2	0x61219640	44636	805099488757310	0	564	0x0	0x0	4	1	1	512	1	1	4	_ZN4vllm30reshape_and_cache_flash_kernelI13__nv_bfloat16S1_LNS_18Fp8KVCacheDataTypeE0EEEvPKT_S5_PT0_S7_PKlllllliiiPKfSB_i
0x60baf780	2	0x61220640	44650	805099488771038	0	564	0x0	0x0	4	1	1	512	1	1	4	_ZN4vllm30reshape_and_cache_flash_kernelI13__nv_bfloat16S1_LNS_18Fp8KVCacheDataTypeE0EEEvPKT_S5_PT0_S7_PKlllllliiiPKfSB_i
0x60baf780	2	0x61227640	44664	805099488784766	0	564	0x0	0x0	4	1	1	512	1	1	4	_ZN4vllm30reshape_and_cache_flash_kernelI13__nv_bfloat16S1_LNS_18Fp8KVCacheDataTypeE0EEEvPKT_S5_PT0_S7_PKlllllliiiPKfSB_i
0x60baf780	2	0x6122e640	44678	805099488795582	0	564	0x0	0x0	4	1	1	512	1	1	4	_ZN4vllm30reshape_and_cache_flash_kernelI13__nv_bfloat16S1_LNS_18Fp8KVCacheDataTypeE0EEEvPKT_S5_PT0_S7_PKlllllliiiPKfSB_i
0x60baf780	2	0x61235640	44692	805099488806734	0	564	0x0	0x0	4	1	1	512	1	1	4	_ZN4vllm30reshape_and_cache_flash_kernelI13__nv_bfloat16S1_LNS_18Fp8KVCacheDataTypeE0EEEvPKT_S5_PT0_S7_PKlllllliiiPKfSB_i
0x60baf780	2	0x6123c650	44706	805099488817214	0	564	0x0	0x0	4	1	1	512	1	1	4	_ZN4vllm30reshape_and_cache_flash_kernelI13__nv_bfloat16S1_LNS_18Fp8KVCacheDataTypeE0EEEvPKT_S5_PT0_S7_PKlllllliiiPKfSB_i
0x60baf780	2	0x61243650	44720	805099488826574	0	564	0x0	0x0	4	1	1	512	1	1	4	_ZN4vllm30reshape_and_cache_flash_kernelI13__nv_bfloat16S1_LNS_18Fp8KVCacheDataTypeE0EEEvPKT_S5_PT0_S7_PKlllllliiiPKfSB_i
0x60baf780	2	0x6124a650	44734	805099488835806	0	564	0x0	0x0	4	1	1	512	1	1	4	_ZN4vllm30reshape_and_cache_flash_kernelI13__nv_bfloat16S1_LNS_18Fp8KVCacheDataTypeE0EEEvPKT_S5_PT0_S7_PKlllllliiiPKfSB_i
0x60baf780	2	0x61251650	44748	805099488848590	0	564	0x0	0x0	4	1	1	512	1	1	4	_ZN4vllm30reshape_and_cache_flash_kernelI13__nv_bfloat16S1_LNS_18Fp8KVCacheDataTypeE0EEEvPKT_S5_PT0_S7_PKlllllliiiPKfSB_i
0x60baf780	2	0x61258650	44762	805099488862270	0	564	0x0	0x0	4	1	1	512	1	1	4	_ZN4vllm30reshape_and_cache_flash_kernelI13__nv_bfloat16S1_LNS_18Fp8KVCacheDataTypeE0EEEvPKT_S5_PT0_S7_PKlllllliiiPKfSB_i
0x60baf780	2	0x6125f650	44776	805099488875486	0	564	0x0	0x0	4	1	1	512	1	1	4	_ZN4vllm30reshape_and_cache_flash_kernelI13__nv_bfloat16S1_LNS_18Fp8KVCacheDataTypeE0EEEvPKT_S5_PT0_S7_PKlllllliiiPKfSB_i
0x60baf780	2	0x61266650	44790	805099488888654	0	564	0x0	0x0	4	1	1	512	1	1	4	_ZN4vllm30reshape_and_cache_flash_kernelI13__nv_bfloat16S1_LNS_18Fp8KVCacheDataTypeE0EEEvPKT_S5_PT0_S7_PKlllllliiiPKfSB_i
0x60baf780	2	0x6126d650	44804	805099488900942	0	564	0x0	0x0	4	1	1	512	1	1	4	_ZN4vllm30reshape_and_cache_flash_kernelI13__nv_bfloat16S1_LNS_18Fp8KVCacheDataTypeE0EEEvPKT_S5_PT0_S7_PKlllllliiiPKfSB_i
0x60baf780	2	0x61274650	44818	805099488942702	0	564	0x0	0x0	4	1	1	512	1	1	4	_ZN4vllm30reshape_and_cache_flash_kernelI13__nv_bfloat16S1_LNS_18Fp8KVCacheDataTypeE0EEEvPKT_S5_PT0_S7_PKlllllliiiPKfSB_i
0x60baf780	2	0x6127b660	44832	805099488961086	0	564	0x0	0x0	4	1	1	512	1	1	4	_ZN4vllm30reshape_and_cache_flash_kernelI13__nv_bfloat16S1_LNS_18Fp8KVCacheDataTypeE0EEEvPKT_S5_PT0_S7_PKlllllliiiPKfSB_i
0x60baf780	2	0x61282660	44846	805099488972702	0	564	0x0	0x0	4	1	1	512	1	1	4	_ZN4vllm30reshape_and_cache_flash_kernelI13__nv_bfloat16S1_LNS_18Fp8KVCacheDataTypeE0EEEvPKT_S5_PT0_S7_PKlllllliiiPKfSB_i
0x60baf780	2	0x61289660	44860	805099488985134	0	564	0x0	0x0	4	1	1	512	1	1	4	_ZN4vllm30reshape_and_cache_flash_kernelI13__nv_bfloat16S1_LNS_18Fp8KVCacheDataTypeE0EEEvPKT_S5_PT0_S7_PKlllllliiiPKfSB_i
0x60baf780	2	0x61290660	44874	805099488997742	0	564	0x0	0x0	4	1	1	512	1	1	4	_ZN4vllm30reshape_and_cache_flash_kernelI13__nv_bfloat16S1_LNS_18Fp8KVCacheDataTypeE0EEEvPKT_S5_PT0_S7_PKlllllliiiPKfSB_i
0x60baf780	2	0x61297660	44888	805099489014750	0	564	0x0	0x0	4	1	1	512	1	1	4	_ZN4vllm30reshape_and_cache_flash_kernelI13__nv_bfloat16S1_LNS_18Fp8KVCacheDataTypeE0EEEvPKT_S5_PT0_S7_PKlllllliiiPKfSB_i
0x60baf780	2	0x6129e660	44902	805099489027054	0	564	0x0	0x0	4	1	1	512	1	1	4	_ZN4vllm30reshape_and_cache_flash_kernelI13__nv_bfloat16S1_LNS_18Fp8KVCacheDataTypeE0EEEvPKT_S5_PT0_S7_PKlllllliiiPKfSB_i
0x60baf780	2	0x612a5660	44916	805099489038318	0	564	0x0	0x0	4	1	1	512	1	1	4	_ZN4vllm30reshape_and_cache_flash_kernelI13__nv_bfloat16S1_LNS_18Fp8KVCacheDataTypeE0EEEvPKT_S5_PT0_S7_PKlllllliiiPKfSB_i
0x60baf780	2	0x612ac660	44930	805099489050670	0	564	0x0	0x0	4	1	1	512	1	1	4	_ZN4vllm30reshape_and_cache_flash_kernelI13__nv_bfloat16S1_LNS_18Fp8KVCacheDataTypeE0EEEvPKT_S5_PT0_S7_PKlllllliiiPKfSB_i
0x60baf780	2	0x612b3660	44944	805099489060430	0	564	0x0	0x0	4	1	1	512	1	1	4	_ZN4vllm30reshape_and_cache_flash_kernelI13__nv_bfloat16S1_LNS_18Fp8KVCacheDataTypeE0EEEvPKT_S5_PT0_S7_PKlllllliiiPKfSB_i
0x60baf780	2	0x612ba670	44958	805099489069854	0	564	0x0	0x0	4	1	1	512	1	1	4	_ZN4vllm30reshape_and_cache_flash_kernelI13__nv_bfloat16S1_LNS_18Fp8KVCacheDataTypeE0EEEvPKT_S5_PT0_S7_PKlllllliiiPKfSB_i
0x60baf780	2	0x612c1670	44972	805099489080190	0	564	0x0	0x0	4	1	1	512	1	1	4	_ZN4vllm30reshape_and_cache_flash_kernelI13__nv_bfloat16S1_LNS_18Fp8KVCacheDataTypeE0EEEvPKT_S5_PT0_S7_PKlllllliiiPKfSB_i
0x60baf780	2	0x612c8670	44986	805099489091502	0	564	0x0	0x0	4	1	1	512	1	1	4	_ZN4vllm30reshape_and_cache_flash_kernelI13__nv_bfloat16S1_LNS_18Fp8KVCacheDataTypeE0EEEvPKT_S5_PT0_S7_PKlllllliiiPKfSB_i
0x60baf780	2	0x612cf670	45000	805099489103758	0	564	0x0	0x0	4	1	1	512	1	1	4	_ZN4vllm30reshape_and_cache_flash_kernelI13__nv_bfloat16S1_LNS_18Fp8KVCacheDataTypeE0EEEvPKT_S5_PT0_S7_PKlllllliiiPKfSB_i
0x60baf780	2	0x612d6670	45014	805099489119134	0	564	0x0	0x0	4	1	1	512	1	1	4	_ZN4vllm30reshape_and_cache_flash_kernelI13__nv_bfloat16S1_LNS_18Fp8KVCacheDataTypeE0EEEvPKT_S5_PT0_S7_PKlllllliiiPKfSB_i
0x60baf780	2	0x612dd670	45028	805099489131358	0	564	0x0	0x0	4	1	1	512	1	1	4	_ZN4vllm30reshape_and_cache_flash_kernelI13__nv_bfloat16S1_LNS_18Fp8KVCacheDataTypeE0EEEvPKT_S5_PT0_S7_PKlllllliiiPKfSB_i
0x60baf780	2	0x612e4670	45042	805099489141886	0	564	0x0	0x0	4	1	1	512	1	1	4	_ZN4vllm30reshape_and_cache_flash_kernelI13__nv_bfloat16S1_LNS_18Fp8KVCacheDataTypeE0EEEvPKT_S5_PT0_S7_PKlllllliiiPKfSB_i
0x60baf780	2	0x612eb670	45056	805099489153422	0	564	0x0	0x0	4	1	1	512	1	1	4	_ZN4vllm30reshape_and_cache_flash_kernelI13__nv_bfloat16S1_LNS_18Fp8KVCacheDataTypeE0EEEvPKT_S5_PT0_S7_PKlllllliiiPKfSB_i
0x60baf780	3	0x611d1170	44510	805099609374575	0	564	0x0	0x0	4	1	1	512	1	1	4	_ZN4vllm30reshape_and_cache_flash_kernelI13__nv_bfloat16S1_LNS_18Fp8KVCacheDataTypeE0EEEvPKT_S5_PT0_S7_PKlllllliiiPKfSB_i
0x60baf780	3	0x611d8170	44524	805099609426079	0	564	0x0	0x0	4	1	1	512	1	1	4	_ZN4vllm30reshape_and_cache_flash_kernelI13__nv_bfloat16S1_LNS_18Fp8KVCacheDataTypeE0EEEvPKT_S5_PT0_S7_PKlllllliiiPKfSB_i
0x60baf780	3	0x611df170	44538	805099609452799	0	564	0x0	0x0	4	1	1	512	1	1	4	_ZN4vllm30reshape_and_cache_flash_kernelI13__nv_bfloat16S1_LNS_18Fp8KVCacheDataTypeE0EEEvPKT_S5_PT0_S7_PKlllllliiiPKfSB_i
0x60baf780	3	0x611e6170	44552	805099609475183	0	564	0x0	0x0	4	1	1	512	1	1	4	_ZN4vllm30reshape_and_cache_flash_kernelI13__nv_bfloat16S1_LNS_18Fp8KVCacheDataTypeE0EEEvPKT_S5_PT0_S7_PKlllllliiiPKfSB_i
0x60baf780	3	0x611ed170	44566	805099609491919	0	564	0x0	0x0	4	1	1	512	1	1	4	_ZN4vllm30reshape_and_cache_flash_kernelI13__nv_bfloat16S1_LNS_18Fp8KVCacheDataTypeE0EEEvPKT_S5_PT0_S7_PKlllllliiiPKfSB_i
0x60baf780	3	0x611fd640	44580	805099609508095	0	564	0x0	0x0	4	1	1	512	1	1	4	_ZN4vllm30reshape_and_cache_flash_kernelI13__nv_bfloat16S1_LNS_18Fp8KVCacheDataTypeE0EEEvPKT_S5_PT0_S7_PKlllllliiiPKfSB_i
0x60baf780	3	0x61204640	44594	805099609522783	0	564	0x0	0x0	4	1	1	512	1	1	4	_ZN4vllm30reshape_and_cache_flash_kernelI13__nv_bfloat16S1_LNS_18Fp8KVCacheDataTypeE0EEEvPKT_S5_PT0_S7_PKlllllliiiPKfSB_i
0x60baf780	3	0x6120b640	44608	805099609533519	0	564	0x0	0x0	4	1	1	512	1	1	4	_ZN4vllm30reshape_and_cache_flash_kernelI13__nv_bfloat16S1_LNS_18Fp8KVCacheDataTypeE0EEEvPKT_S5_PT0_S7_PKlllllliiiPKfSB_i
0x60baf780	3	0x61212640	44622	805099609543983	0	564	0x0	0x0	4	1	1	512	1	1	4	_ZN4vllm30reshape_and_cache_flash_kernelI13__nv_bfloat16S1_LNS_18Fp8KVCacheDataTypeE0EEEvPKT_S5_PT0_S7_PKlllllliiiPKfSB_i
0x60baf780	3	0x61219640	44636	805099609555439	0	564	0x0	0x0	4	1	1	512	1	1	4	_ZN4vllm30reshape_and_cache_flash_kernelI13__nv_bfloat16S1_LNS_18Fp8KVCacheDataTypeE0EEEvPKT_S5_PT0_S7_PKlllllliiiPKfSB_i
0x60baf780	3	0x61220640	44650	805099609565343	0	564	0x0	0x0	4	1	1	512	1	1	4	_ZN4vllm30reshape_and_cache_flash_kernelI13__nv_bfloat16S1_LNS_18Fp8KVCacheDataTypeE0EEEvPKT_S5_PT0_S7_PKlllllliiiPKfSB_i
0x60baf780	3	0x61227640	44664	805099609578015	0	564	0x0	0x0	4	1	1	512	1	1	4	_ZN4vllm30reshape_and_cache_flash_kernelI13__nv_bfloat16S1_LNS_18Fp8KVCacheDataTypeE0EEEvPKT_S5_PT0_S7_PKlllllliiiPKfSB_i
0x60baf780	3	0x6122e640	44678	805099609592767	0	564	0x0	0x0	4	1	1	512	1	1	4	_ZN4vllm30reshape_and_cache_flash_kernelI13__nv_bfloat16S1_LNS_18Fp8KVCacheDataTypeE0EEEvPKT_S5_PT0_S7_PKlllllliiiPKfSB_i
0x60baf780	3	0x61235640	44692	805099609607727	0	564	0x0	0x0	4	1	1	512	1	1	4	_ZN4vllm30reshape_and_cache_flash_kernelI13__nv_bfloat16S1_LNS_18Fp8KVCacheDataTypeE0EEEvPKT_S5_PT0_S7_PKlllllliiiPKfSB_i
0x60baf780	3	0x6123c650	44706	805099609621023	0	564	0x0	0x0	4	1	1	512	1	1	4	_ZN4vllm30reshape_and_cache_flash_kernelI13__nv_bfloat16S1_LNS_18Fp8KVCacheDataTypeE0EEEvPKT_S5_PT0_S7_PKlllllliiiPKfSB_i
0x60baf780	3	0x61243650	44720	805099609634655	0	564	0x0	0x0	4	1	1	512	1	1	4	_ZN4vllm30reshape_and_cache_flash_kernelI13__nv_bfloat16S1_LNS_18Fp8KVCacheDataTypeE0EEEvPKT_S5_PT0_S7_PKlllllliiiPKfSB_i
0x60baf780	3	0x6124a650	44734	805099609648671	0	564	0x0	0x0	4	1	1	512	1	1	4	_ZN4vllm30reshape_and_cache_flash_kernelI13__nv_bfloat16S1_LNS_18Fp8KVCacheDataTypeE0EEEvPKT_S5_PT0_S7_PKlllllliiiPKfSB_i
0x60baf780	3	0x61251650	44748	805099609662255	0	564	0x0	0x0	4	1	1	512	1	1	4	_ZN4vllm30reshape_and_cache_flash_kernelI13__nv_bfloat16S1_LNS_18Fp8KVCacheDataTypeE0EEEvPKT_S5_PT0_S7_PKlllllliiiPKfSB_i
0x60baf780	3	0x61258650	44762	805099609680655	0	564	0x0	0x0	4	1	1	512	1	1	4	_ZN4vllm30reshape_and_cache_flash_kernelI13__nv_bfloat16S1_LNS_18Fp8KVCacheDataTypeE0EEEvPKT_S5_PT0_S7_PKlllllliiiPKfSB_i
0x60baf780	3	0x6125f650	44776	805099609698319	0	564	0x0	0x0	4	1	1	512	1	1	4	_ZN4vllm30reshape_and_cache_flash_kernelI13__nv_bfloat16S1_LNS_18Fp8KVCacheDataTypeE0EEEvPKT_S5_PT0_S7_PKlllllliiiPKfSB_i
0x60baf780	3	0x61266650	44790	805099609711647	0	564	0x0	0x0	4	1	1	512	1	1	4	_ZN4vllm30reshape_and_cache_flash_kernelI13__nv_bfloat16S1_LNS_18Fp8KVCacheDataTypeE0EEEvPKT_S5_PT0_S7_PKlllllliiiPKfSB_i
0x60baf780	3	0x6126d650	44804	805099609724319	0	564	0x0	0x0	4	1	1	512	1	1	4	_ZN4vllm30reshape_and_cache_flash_kernelI13__nv_bfloat16S1_LNS_18Fp8KVCacheDataTypeE0EEEvPKT_S5_PT0_S7_PKlllllliiiPKfSB_i
0x60baf780	3	0x61274650	44818	805099609738670	0	564	0x0	0x0	4	1	1	512	1	1	4	_ZN4vllm30reshape_and_cache_flash_kernelI13__nv_bfloat16S1_LNS_18Fp8KVCacheDataTypeE0EEEvPKT_S5_PT0_S7_PKlllllliiiPKfSB_i
0x60baf780	3	0x6127b660	44832	805099609749966	0	564	0x0	0x0	4	1	1	512	1	1	4	_ZN4vllm30reshape_and_cache_flash_kernelI13__nv_bfloat16S1_LNS_18Fp8KVCacheDataTypeE0EEEvPKT_S5_PT0_S7_PKlllllliiiPKfSB_i
0x60baf780	3	0x61282660	44846	805099609762222	0	564	0x0	0x0	4	1	1	512	1	1	4	_ZN4vllm30reshape_and_cache_flash_kernelI13__nv_bfloat16S1_LNS_18Fp8KVCacheDataTypeE0EEEvPKT_S5_PT0_S7_PKlllllliiiPKfSB_i
0x60baf780	3	0x61289660	44860	805099609787582	0	564	0x0	0x0	4	1	1	512	1	1	4	_ZN4vllm30reshape_and_cache_flash_kernelI13__nv_bfloat16S1_LNS_18Fp8KVCacheDataTypeE0EEEvPKT_S5_PT0_S7_PKlllllliiiPKfSB_i
0x60baf780	3	0x61290660	44874	805099609802510	0	564	0x0	0x0	4	1	1	512	1	1	4	_ZN4vllm30reshape_and_cache_flash_kernelI13__nv_bfloat16S1_LNS_18Fp8KVCacheDataTypeE0EEEvPKT_S5_PT0_S7_PKlllllliiiPKfSB_i
0x60baf780	3	0x61297660	44888	805099609816606	0	564	0x0	0x0	4	1	1	512	1	1	4	_ZN4vllm30reshape_and_cache_flash_kernelI13__nv_bfloat16S1_LNS_18Fp8KVCacheDataTypeE0EEEvPKT_S5_PT0_S7_PKlllllliiiPKfSB_i
0x60baf780	3	0x6129e660	44902	805099609828126	0	564	0x0	0x0	4	1	1	512	1	1	4	_ZN4vllm30reshape_and_cache_flash_kernelI13__nv_bfloat16S1_LNS_18Fp8KVCacheDataTypeE0EEEvPKT_S5_PT0_S7_PKlllllliiiPKfSB_i
0x60baf780	3	0x612a5660	44916	805099609839422	0	564	0x0	0x0	4	1	1	512	1	1	4	_ZN4vllm30reshape_and_cache_flash_kernelI13__nv_bfloat16S1_LNS_18Fp8KVCacheDataTypeE0EEEvPKT_S5_PT0_S7_PKlllllliiiPKfSB_i
0x60baf780	3	0x612ac660	44930	805099609849918	0	564	0x0	0x0	4	1	1	512	1	1	4	_ZN4vllm30reshape_and_cache_flash_kernelI13__nv_bfloat16S1_LNS_18Fp8KVCacheDataTypeE0EEEvPKT_S5_PT0_S7_PKlllllliiiPKfSB_i
0x60baf780	3	0x612b3660	44944	805099609861854	0	564	0x0	0x0	4	1	1	512	1	1	4	_ZN4vllm30reshape_and_cache_flash_kernelI13__nv_bfloat16S1_LNS_18Fp8KVCacheDataTypeE0EEEvPKT_S5_PT0_S7_PKlllllliiiPKfSB_i
0x60baf780	3	0x612ba670	44958	805099609872766	0	564	0x0	0x0	4	1	1	512	1	1	4	_ZN4vllm30reshape_and_cache_flash_kernelI13__nv_bfloat16S1_LNS_18Fp8KVCacheDataTypeE0EEEvPKT_S5_PT0_S7_PKlllllliiiPKfSB_i
0x60baf780	3	0x612c1670	44972	805099609883582	0	564	0x0	0x0	4	1	1	512	1	1	4	_ZN4vllm30reshape_and_cache_flash_kernelI13__nv_bfloat16S1_LNS_18Fp8KVCacheDataTypeE0EEEvPKT_S5_PT0_S7_PKlllllliiiPKfSB_i
0x60baf780	3	0x612c8670	44986	805099609894734	0	564	0x0	0x0	4	1	1	512	1	1	4	_ZN4vllm30reshape_and_cache_flash_kernelI13__nv_bfloat16S1_LNS_18Fp8KVCacheDataTypeE0EEEvPKT_S5_PT0_S7_PKlllllliiiPKfSB_i
0x60baf780	3	0x612cf670	45000	805099609907390	0	564	0x0	0x0	4	1	1	512	1	1	4	_ZN4vllm30reshape_and_cache_flash_kernelI13__nv_bfloat16S1_LNS_18Fp8KVCacheDataTypeE0EEEvPKT_S5_PT0_S7_PKlllllliiiPKfSB_i
0x60baf780	3	0x612d6670	45014	805099609920718	0	564	0x0	0x0	4	1	1	512	1	1	4	_ZN4vllm30reshape_and_cache_flash_kernelI13__nv_bfloat16S1_LNS_18Fp8KVCacheDataTypeE0EEEvPKT_S5_PT0_S7_PKlllllliiiPKfSB_i
0x60baf780	3	0x612dd670	45028	805099609932126	0	564	0x0	0x0	4	1	1	512	1	1	4	_ZN4vllm30reshape_and_cache_flash_kernelI13__nv_bfloat16S1_LNS_18Fp8KVCacheDataTypeE0EEEvPKT_S5_PT0_S7_PKlllllliiiPKfSB_i
0x60baf780	3	0x612e4670	45042	805099609942766	0	564	0x0	0x0	4	1	1	512	1	1	4	_ZN4vllm30reshape_and_cache_flash_kernelI13__nv_bfloat16S1_LNS_18Fp8KVCacheDataTypeE0EEEvPKT_S5_PT0_S7_PKlllllliiiPKfSB_i
0x60baf780	3	0x612eb670	45056	805099609953278	0	564	0x0	0x0	4	1	1	512	1	1	4	_ZN4vllm30reshape_and_cache_flash_kernelI13__nv_bfloat16S1_LNS_18Fp8KVCacheDataTypeE0EEEvPKT_S5_PT0_S7_PKlllllliiiPKfSB_i
0x60baf780	4	0x611d1170	44510	805099729988368	0	564	0x0	0x0	4	1	1	512	1	1	4	_ZN4vllm30reshape_and_cache_flash_kernelI13__nv_bfloat16S1_LNS_18Fp8KVCacheDataTypeE0EEEvPKT_S5_PT0_S7_PKlllllliiiPKfSB_i
0x60baf780	4	0x611d8170	44524	805099730032160	0	564	0x0	0x0	4	1	1	512	1	1	4	_ZN4vllm30reshape_and_cache_flash_kernelI13__nv_bfloat16S1_LNS_18Fp8KVCacheDataTypeE0EEEvPKT_S5_PT0_S7_PKlllllliiiPKfSB_i
0x60baf780	4	0x611df170	44538	805099730066720	0	564	0x0	0x0	4	1	1	512	1	1	4	_ZN4vllm30reshape_and_cache_flash_kernelI13__nv_bfloat16S1_LNS_18Fp8KVCacheDataTypeE0EEEvPKT_S5_PT0_S7_PKlllllliiiPKfSB_i
0x60baf780	4	0x611e6170	44552	805099730089984	0	564	0x0	0x0	4	1	1	512	1	1	4	_ZN4vllm30reshape_and_cache_flash_kernelI13__nv_bfloat16S1_LNS_18Fp8KVCacheDataTypeE0EEEvPKT_S5_PT0_S7_PKlllllliiiPKfSB_i
0x60baf780	4	0x611ed170	44566	805099730106848	0	564	0x0	0x0	4	1	1	512	1	1	4	_ZN4vllm30reshape_and_cache_flash_kernelI13__nv_bfloat16S1_LNS_18Fp8KVCacheDataTypeE0EEEvPKT_S5_PT0_S7_PKlllllliiiPKfSB_i
0x60baf780	4	0x611fd640	44580	805099730131104	0	564	0x0	0x0	4	1	1	512	1	1	4	_ZN4vllm30reshape_and_cache_flash_kernelI13__nv_bfloat16S1_LNS_18Fp8KVCacheDataTypeE0EEEvPKT_S5_PT0_S7_PKlllllliiiPKfSB_i
0x60baf780	4	0x61204640	44594	805099730148800	0	564	0x0	0x0	4	1	1	512	1	1	4	_ZN4vllm30reshape_and_cache_flash_kernelI13__nv_bfloat16S1_LNS_18Fp8KVCacheDataTypeE0EEEvPKT_S5_PT0_S7_PKlllllliiiPKfSB_i
0x60baf780	4	0x6120b640	44608	805099730159472	0	564	0x0	0x0	4	1	1	512	1	1	4	_ZN4vllm30reshape_and_cache_flash_kernelI13__nv_bfloat16S1_LNS_18Fp8KVCacheDataTypeE0EEEvPKT_S5_PT0_S7_PKlllllliiiPKfSB_i
0x60baf780	4	0x61212640	44622	805099730170624	0	564	0x0	0x0	4	1	1	512	1	1	4	_ZN4vllm30reshape_and_cache_flash_kernelI13__nv_bfloat16S1_LNS_18Fp8KVCacheDataTypeE0EEEvPKT_S5_PT0_S7_PKlllllliiiPKfSB_i
0x60baf780	4	0x61219640	44636	805099730183856	0	564	0x0	0x0	4	1	1	512	1	1	4	_ZN4vllm30reshape_and_cache_flash_kernelI13__nv_bfloat16S1_LNS_18Fp8KVCacheDataTypeE0EEEvPKT_S5_PT0_S7_PKlllllliiiPKfSB_i
0x60baf780	4	0x61220640	44650	805099730197439	0	564	0x0	0x0	4	1	1	512	1	1	4	_ZN4vllm30reshape_and_cache_flash_kernelI13__nv_bfloat16S1_LNS_18Fp8KVCacheDataTypeE0EEEvPKT_S5_PT0_S7_PKlllllliiiPKfSB_i
0x60baf780	4	0x61227640	44664	805099730212975	0	564	0x0	0x0	4	1	1	512	1	1	4	_ZN4vllm30reshape_and_cache_flash_kernelI13__nv_bfloat16S1_LNS_18Fp8KVCacheDataTypeE0EEEvPKT_S5_PT0_S7_PKlllllliiiPKfSB_i
0x60baf780	4	0x6122e640	44678	805099730227791	0	564	0x0	0x0	4	1	1	512	1	1	4	_ZN4vllm30reshape_and_cache_flash_kernelI13__nv_bfloat16S1_LNS_18Fp8KVCacheDataTypeE0EEEvPKT_S5_PT0_S7_PKlllllliiiPKfSB_i
0x60baf780	4	0x61235640	44692	805099730239727	0	564	0x0	0x0	4	1	1	512	1	1	4	_ZN4vllm30reshape_and_cache_flash_kernelI13__nv_bfloat16S1_LNS_18Fp8KVCacheDataTypeE0EEEvPKT_S5_PT0_S7_PKlllllliiiPKfSB_i
0x60baf780	4	0x6123c650	44706	805099730255551	0	564	0x0	0x0	4	1	1	512	1	1	4	_ZN4vllm30reshape_and_cache_flash_kernelI13__nv_bfloat16S1_LNS_18Fp8KVCacheDataTypeE0EEEvPKT_S5_PT0_S7_PKlllllliiiPKfSB_i
0x60baf780	4	0x61243650	44720	805099730267295	0	564	0x0	0x0	4	1	1	512	1	1	4	_ZN4vllm30reshape_and_cache_flash_kernelI13__nv_bfloat16S1_LNS_18Fp8KVCacheDataTypeE0EEEvPKT_S5_PT0_S7_PKlllllliiiPKfSB_i
0x60baf780	4	0x6124a650	44734	805099730281119	0	564	0x0	0x0	4	1	1	512	1	1	4	_ZN4vllm30reshape_and_cache_flash_kernelI13__nv_bfloat16S1_LNS_18Fp8KVCacheDataTypeE0EEEvPKT_S5_PT0_S7_PKlllllliiiPKfSB_i
0x60baf780	4	0x61251650	44748	805099730295967	0	564	0x0	0x0	4	1	1	512	1	1	4	_ZN4vllm30reshape_and_cache_flash_kernelI13__nv_bfloat16S1_LNS_18Fp8KVCacheDataTypeE0EEEvPKT_S5_PT0_S7_PKlllllliiiPKfSB_i
0x60baf780	4	0x61258650	44762	805099730309503	0	564	0x0	0x0	4	1	1	512	1	1	4	_ZN4vllm30reshape_and_cache_flash_kernelI13__nv_bfloat16S1_LNS_18Fp8KVCacheDataTypeE0EEEvPKT_S5_PT0_S7_PKlllllliiiPKfSB_i
0x60baf780	4	0x6125f650	44776	805099730321407	0	564	0x0	0x0	4	1	1	512	1	1	4	_ZN4vllm30reshape_and_cache_flash_kernelI13__nv_bfloat16S1_LNS_18Fp8KVCacheDataTypeE0EEEvPKT_S5_PT0_S7_PKlllllliiiPKfSB_i
0x60baf780	4	0x61266650	44790	805099730332143	0	564	0x0	0x0	4	1	1	512	1	1	4	_ZN4vllm30reshape_and_cache_flash_kernelI13__nv_bfloat16S1_LNS_18Fp8KVCacheDataTypeE0EEEvPKT_S5_PT0_S7_PKlllllliiiPKfSB_i
0x60baf780	4	0x6126d650	44804	805099730344223	0	564	0x0	0x0	4	1	1	512	1	1	4	_ZN4vllm30reshape_and_cache_flash_kernelI13__nv_bfloat16S1_LNS_18Fp8KVCacheDataTypeE0EEEvPKT_S5_PT0_S7_PKlllllliiiPKfSB_i
0x60baf780	4	0x61274650	44818	805099730358047	0	564	0x0	0x0	4	1	1	512	1	1	4	_ZN4vllm30reshape_and_cache_flash_kernelI13__nv_bfloat16S1_LNS_18Fp8KVCacheDataTypeE0EEEvPKT_S5_PT0_S7_PKlllllliiiPKfSB_i
0x60baf780	4	0x6127b660	44832	805099730370399	0	564	0x0	0x0	4	1	1	512	1	1	4	_ZN4vllm30reshape_and_cache_flash_kernelI13__nv_bfloat16S1_LNS_18Fp8KVCacheDataTypeE0EEEvPKT_S5_PT0_S7_PKlllllliiiPKfSB_i
0x60baf780	4	0x61282660	44846	805099730381935	0	564	0x0	0x0	4	1	1	512	1	1	4	_ZN4vllm30reshape_and_cache_flash_kernelI13__nv_bfloat16S1_LNS_18Fp8KVCacheDataTypeE0EEEvPKT_S5_PT0_S7_PKlllllliiiPKfSB_i
0x60baf780	4	0x61289660	44860	805099730393695	0	564	0x0	0x0	4	1	1	512	1	1	4	_ZN4vllm30reshape_and_cache_flash_kernelI13__nv_bfloat16S1_LNS_18Fp8KVCacheDataTypeE0EEEvPKT_S5_PT0_S7_PKlllllliiiPKfSB_i
0x60baf780	4	0x61290660	44874	805099730406431	0	564	0x0	0x0	4	1	1	512	1	1	4	_ZN4vllm30reshape_and_cache_flash_kernelI13__nv_bfloat16S1_LNS_18Fp8KVCacheDataTypeE0EEEvPKT_S5_PT0_S7_PKlllllliiiPKfSB_i
0x60baf780	4	0x61297660	44888	805099730455631	0	564	0x0	0x0	4	1	1	512	1	1	4	_ZN4vllm30reshape_and_cache_flash_kernelI13__nv_bfloat16S1_LNS_18Fp8KVCacheDataTypeE0EEEvPKT_S5_PT0_S7_PKlllllliiiPKfSB_i
0x60baf780	4	0x6129e660	44902	805099730472671	0	564	0x0	0x0	4	1	1	512	1	1	4	_ZN4vllm30reshape_and_cache_flash_kernelI13__nv_bfloat16S1_LNS_18Fp8KVCacheDataTypeE0EEEvPKT_S5_PT0_S7_PKlllllliiiPKfSB_i
0x60baf780	4	0x612a5660	44916	805099730484639	0	564	0x0	0x0	4	1	1	512	1	1	4	_ZN4vllm30reshape_and_cache_flash_kernelI13__nv_bfloat16S1_LNS_18Fp8KVCacheDataTypeE0EEEvPKT_S5_PT0_S7_PKlllllliiiPKfSB_i
0x60baf780	4	0x612ac660	44930	805099730496975	0	564	0x0	0x0	4	1	1	512	1	1	4	_ZN4vllm30reshape_and_cache_flash_kernelI13__nv_bfloat16S1_LNS_18Fp8KVCacheDataTypeE0EEEvPKT_S5_PT0_S7_PKlllllliiiPKfSB_i
0x60baf780	4	0x612b3660	44944	805099730508575	0	564	0x0	0x0	4	1	1	512	1	1	4	_ZN4vllm30reshape_and_cache_flash_kernelI13__nv_bfloat16S1_LNS_18Fp8KVCacheDataTypeE0EEEvPKT_S5_PT0_S7_PKlllllliiiPKfSB_i
0x60baf780	4	0x612ba670	44958	805099730521471	0	564	0x0	0x0	4	1	1	512	1	1	4	_ZN4vllm30reshape_and_cache_flash_kernelI13__nv_bfloat16S1_LNS_18Fp8KVCacheDataTypeE0EEEvPKT_S5_PT0_S7_PKlllllliiiPKfSB_i
0x60baf780	4	0x612c1670	44972	805099730531583	0	564	0x0	0x0	4	1	1	512	1	1	4	_ZN4vllm30reshape_and_cache_flash_kernelI13__nv_bfloat16S1_LNS_18Fp8KVCacheDataTypeE0EEEvPKT_S5_PT0_S7_PKlllllliiiPKfSB_i
0x60baf780	4	0x612c8670	44986	805099730542863	0	564	0x0	0x0	4	1	1	512	1	1	4	_ZN4vllm30reshape_and_cache_flash_kernelI13__nv_bfloat16S1_LNS_18Fp8KVCacheDataTypeE0EEEvPKT_S5_PT0_S7_PKlllllliiiPKfSB_i
0x60baf780	4	0x612cf670	45000	805099730555087	0	564	0x0	0x0	4	1	1	512	1	1	4	_ZN4vllm30reshape_and_cache_flash_kernelI13__nv_bfloat16S1_LNS_18Fp8KVCacheDataTypeE0EEEvPKT_S5_PT0_S7_PKlllllliiiPKfSB_i
0x60baf780	4	0x612d6670	45014	805099730569775	0	564	0x0	0x0	4	1	1	512	1	1	4	_ZN4vllm30reshape_and_cache_flash_kernelI13__nv_bfloat16S1_LNS_18Fp8KVCacheDataTypeE0EEEvPKT_S5_PT0_S7_PKlllllliiiPKfSB_i
0x60baf780	4	0x612dd670	45028	805099730581519	0	564	0x0	0x0	4	1	1	512	1	1	4	_ZN4vllm30reshape_and_cache_flash_kernelI13__nv_bfloat16S1_LNS_18Fp8KVCacheDataTypeE0EEEvPKT_S5_PT0_S7_PKlllllliiiPKfSB_i
0x60baf780	4	0x612e4670	45042	805099730594063	0	564	0x0	0x0	4	1	1	512	1	1	4	_ZN4vllm30reshape_and_cache_flash_kernelI13__nv_bfloat16S1_LNS_18Fp8KVCacheDataTypeE0EEEvPKT_S5_PT0_S7_PKlllllliiiPKfSB_i
0x60baf780	4	0x612eb670	45056	805099730607023	0	564	0x0	0x0	4	1	1	512	1	1	4	_ZN4vllm30reshape_and_cache_flash_kernelI13__nv_bfloat16S1_LNS_18Fp8KVCacheDataTypeE0EEEvPKT_S5_PT0_S7_PKlllllliiiPKfSB_i
0x60baf780	5	0x611d1170	44510	805099849701874	0	564	0x0	0x0	4	1	1	512	1	1	4	_ZN4vllm30reshape_and_cache_flash_kernelI13__nv_bfloat16S1_LNS_18Fp8KVCacheDataTypeE0EEEvPKT_S5_PT0_S7_PKlllllliiiPKfSB_i
0x60baf780	5	0x611d8170	44524	805099849746162	0	564	0x0	0x0	4	1	1	512	1	1	4	_ZN4vllm30reshape_and_cache_flash_kernelI13__nv_bfloat16S1_LNS_18Fp8KVCacheDataTypeE0EEEvPKT_S5_PT0_S7_PKlllllliiiPKfSB_i
0x60baf780	5	0x611df170	44538	805099849780066	0	564	0x0	0x0	4	1	1	512	1	1	4	_ZN4vllm30reshape_and_cache_flash_kernelI13__nv_bfloat16S1_LNS_18Fp8KVCacheDataTypeE0EEEvPKT_S5_PT0_S7_PKlllllliiiPKfSB_i
0x60baf780	5	0x611e6170	44552	805099849800690	0	564	0x0	0x0	4	1	1	512	1	1	4	_ZN4vllm30reshape_and_cache_flash_kernelI13__nv_bfloat16S1_LNS_18Fp8KVCacheDataTypeE0EEEvPKT_S5_PT0_S7_PKlllllliiiPKfSB_i
0x60baf780	5	0x611ed170	44566	805099849816690	0	564	0x0	0x0	4	1	1	512	1	1	4	_ZN4vllm30reshape_and_cache_flash_kernelI13__nv_bfloat16S1_LNS_18Fp8KVCacheDataTypeE0EEEvPKT_S5_PT0_S7_PKlllllliiiPKfSB_i
0x60baf780	5	0x611fd640	44580	805099849832050	0	564	0x0	0x0	4	1	1	512	1	1	4	_ZN4vllm30reshape_and_cache_flash_kernelI13__nv_bfloat16S1_LNS_18Fp8KVCacheDataTypeE0EEEvPKT_S5_PT0_S7_PKlllllliiiPKfSB_i
0x60baf780	5	0x61204640	44594	805099849850434	0	564	0x0	0x0	4	1	1	512	1	1	4	_ZN4vllm30reshape_and_cache_flash_kernelI13__nv_bfloat16S1_LNS_18Fp8KVCacheDataTypeE0EEEvPKT_S5_PT0_S7_PKlllllliiiPKfSB_i
0x60baf780	5	0x6120b640	44608	805099849862994	0	564	0x0	0x0	4	1	1	512	1	1	4	_ZN4vllm30reshape_and_cache_flash_kernelI13__nv_bfloat16S1_LNS_18Fp8KVCacheDataTypeE0EEEvPKT_S5_PT0_S7_PKlllllliiiPKfSB_i
0x60baf780	5	0x61212640	44622	805099849874850	0	564	0x0	0x0	4	1	1	512	1	1	4	_ZN4vllm30reshape_and_cache_flash_kernelI13__nv_bfloat16S1_LNS_18Fp8KVCacheDataTypeE0EEEvPKT_S5_PT0_S7_PKlllllliiiPKfSB_i
0x60baf780	5	0x61219640	44636	805099849887602	0	564	0x0	0x0	4	1	1	512	1	1	4	_ZN4vllm30reshape_and_cache_flash_kernelI13__nv_bfloat16S1_LNS_18Fp8KVCacheDataTypeE0EEEvPKT_S5_PT0_S7_PKlllllliiiPKfSB_i
0x60baf780	5	0x61220640	44650	805099849898130	0	564	0x0	0x0	4	1	1	512	1	1	4	_ZN4vllm30reshape_and_cache_flash_kernelI13__nv_bfloat16S1_LNS_18Fp8KVCacheDataTypeE0EEEvPKT_S5_PT0_S7_PKlllllliiiPKfSB_i
0x60baf780	5	0x61227640	44664	805099849908146	0	564	0x0	0x0	4	1	1	512	1	1	4	_ZN4vllm30reshape_and_cache_flash_kernelI13__nv_bfloat16S1_LNS_18Fp8KVCacheDataTypeE0EEEvPKT_S5_PT0_S7_PKlllllliiiPKfSB_i
0x60baf780	5	0x6122e640	44678	805099849918194	0	564	0x0	0x0	4	1	1	512	1	1	4	_ZN4vllm30reshape_and_cache_flash_kernelI13__nv_bfloat16S1_LNS_18Fp8KVCacheDataTypeE0EEEvPKT_S5_PT0_S7_PKlllllliiiPKfSB_i
0x60baf780	5	0x61235640	44692	805099849927826	0	564	0x0	0x0	4	1	1	512	1	1	4	_ZN4vllm30reshape_and_cache_flash_kernelI13__nv_bfloat16S1_LNS_18Fp8KVCacheDataTypeE0EEEvPKT_S5_PT0_S7_PKlllllliiiPKfSB_i
0x60baf780	5	0x6123c650	44706	805099849941186	0	564	0x0	0x0	4	1	1	512	1	1	4	_ZN4vllm30reshape_and_cache_flash_kernelI13__nv_bfloat16S1_LNS_18Fp8KVCacheDataTypeE0EEEvPKT_S5_PT0_S7_PKlllllliiiPKfSB_i
0x60baf780	5	0x61243650	44720	805099849952338	0	564	0x0	0x0	4	1	1	512	1	1	4	_ZN4vllm30reshape_and_cache_flash_kernelI13__nv_bfloat16S1_LNS_18Fp8KVCacheDataTypeE0EEEvPKT_S5_PT0_S7_PKlllllliiiPKfSB_i
0x60baf780	5	0x6124a650	44734	805099849964018	0	564	0x0	0x0	4	1	1	512	1	1	4	_ZN4vllm30reshape_and_cache_flash_kernelI13__nv_bfloat16S1_LNS_18Fp8KVCacheDataTypeE0EEEvPKT_S5_PT0_S7_PKlllllliiiPKfSB_i
0x60baf780	5	0x61251650	44748	805099849979026	0	564	0x0	0x0	4	1	1	512	1	1	4	_ZN4vllm30reshape_and_cache_flash_kernelI13__nv_bfloat16S1_LNS_18Fp8KVCacheDataTypeE0EEEvPKT_S5_PT0_S7_PKlllllliiiPKfSB_i
0x60baf780	5	0x61258650	44762	805099849996834	0	564	0x0	0x0	4	1	1	512	1	1	4	_ZN4vllm30reshape_and_cache_flash_kernelI13__nv_bfloat16S1_LNS_18Fp8KVCacheDataTypeE0EEEvPKT_S5_PT0_S7_PKlllllliiiPKfSB_i
0x60baf780	5	0x6125f650	44776	805099850013586	0	564	0x0	0x0	4	1	1	512	1	1	4	_ZN4vllm30reshape_and_cache_flash_kernelI13__nv_bfloat16S1_LNS_18Fp8KVCacheDataTypeE0EEEvPKT_S5_PT0_S7_PKlllllliiiPKfSB_i
0x60baf780	5	0x61266650	44790	805099850028850	0	564	0x0	0x0	4	1	1	512	1	1	4	_ZN4vllm30reshape_and_cache_flash_kernelI13__nv_bfloat16S1_LNS_18Fp8KVCacheDataTypeE0EEEvPKT_S5_PT0_S7_PKlllllliiiPKfSB_i
0x60baf780	5	0x6126d650	44804	805099850043362	0	564	0x0	0x0	4	1	1	512	1	1	4	_ZN4vllm30reshape_and_cache_flash_kernelI13__nv_bfloat16S1_LNS_18Fp8KVCacheDataTypeE0EEEvPKT_S5_PT0_S7_PKlllllliiiPKfSB_i
0x60baf780	5	0x61274650	44818	805099850059778	0	564	0x0	0x0	4	1	1	512	1	1	4	_ZN4vllm30reshape_and_cache_flash_kernelI13__nv_bfloat16S1_LNS_18Fp8KVCacheDataTypeE0EEEvPKT_S5_PT0_S7_PKlllllliiiPKfSB_i
0x60baf780	5	0x6127b660	44832	805099850072210	0	564	0x0	0x0	4	1	1	512	1	1	4	_ZN4vllm30reshape_and_cache_flash_kernelI13__nv_bfloat16S1_LNS_18Fp8KVCacheDataTypeE0EEEvPKT_S5_PT0_S7_PKlllllliiiPKfSB_i
0x60baf780	5	0x61282660	44846	805099850083250	0	564	0x0	0x0	4	1	1	512	1	1	4	_ZN4vllm30reshape_and_cache_flash_kernelI13__nv_bfloat16S1_LNS_18Fp8KVCacheDataTypeE0EEEvPKT_S5_PT0_S7_PKlllllliiiPKfSB_i
0x60baf780	5	0x61289660	44860	805099850096098	0	564	0x0	0x0	4	1	1	512	1	1	4	_ZN4vllm30reshape_and_cache_flash_kernelI13__nv_bfloat16S1_LNS_18Fp8KVCacheDataTypeE0EEEvPKT_S5_PT0_S7_PKlllllliiiPKfSB_i
0x60baf780	5	0x61290660	44874	805099850110130	0	564	0x0	0x0	4	1	1	512	1	1	4	_ZN4vllm30reshape_and_cache_flash_kernelI13__nv_bfloat16S1_LNS_18Fp8KVCacheDataTypeE0EEEvPKT_S5_PT0_S7_PKlllllliiiPKfSB_i
0x60baf780	5	0x61297660	44888	805099850123842	0	564	0x0	0x0	4	1	1	512	1	1	4	_ZN4vllm30reshape_and_cache_flash_kernelI13__nv_bfloat16S1_LNS_18Fp8KVCacheDataTypeE0EEEvPKT_S5_PT0_S7_PKlllllliiiPKfSB_i
0x60baf780	5	0x6129e660	44902	805099850136050	0	564	0x0	0x0	4	1	1	512	1	1	4	_ZN4vllm30reshape_and_cache_flash_kernelI13__nv_bfloat16S1_LNS_18Fp8KVCacheDataTypeE0EEEvPKT_S5_PT0_S7_PKlllllliiiPKfSB_i
0x60baf780	5	0x612a5660	44916	805099850146002	0	564	0x0	0x0	4	1	1	512	1	1	4	_ZN4vllm30reshape_and_cache_flash_kernelI13__nv_bfloat16S1_LNS_18Fp8KVCacheDataTypeE0EEEvPKT_S5_PT0_S7_PKlllllliiiPKfSB_i
0x60baf780	5	0x612ac660	44930	805099850167570	0	564	0x0	0x0	4	1	1	512	1	1	4	_ZN4vllm30reshape_and_cache_flash_kernelI13__nv_bfloat16S1_LNS_18Fp8KVCacheDataTypeE0EEEvPKT_S5_PT0_S7_PKlllllliiiPKfSB_i
0x60baf780	5	0x612b3660	44944	805099850183553	0	564	0x0	0x0	4	1	1	512	1	1	4	_ZN4vllm30reshape_and_cache_flash_kernelI13__nv_bfloat16S1_LNS_18Fp8KVCacheDataTypeE0EEEvPKT_S5_PT0_S7_PKlllllliiiPKfSB_i
0x60baf780	5	0x612ba670	44958	805099850195633	0	564	0x0	0x0	4	1	1	512	1	1	4	_ZN4vllm30reshape_and_cache_flash_kernelI13__nv_bfloat16S1_LNS_18Fp8KVCacheDataTypeE0EEEvPKT_S5_PT0_S7_PKlllllliiiPKfSB_i
0x60baf780	5	0x612c1670	44972	805099850205249	0	564	0x0	0x0	4	1	1	512	1	1	4	_ZN4vllm30reshape_and_cache_flash_kernelI13__nv_bfloat16S1_LNS_18Fp8KVCacheDataTypeE0EEEvPKT_S5_PT0_S7_PKlllllliiiPKfSB_i
0x60baf780	5	0x612c8670	44986	805099850215009	0	564	0x0	0x0	4	1	1	512	1	1	4	_ZN4vllm30reshape_and_cache_flash_kernelI13__nv_bfloat16S1_LNS_18Fp8KVCacheDataTypeE0EEEvPKT_S5_PT0_S7_PKlllllliiiPKfSB_i
0x60baf780	5	0x612cf670	45000	805099850225633	0	564	0x0	0x0	4	1	1	512	1	1	4	_ZN4vllm30reshape_and_cache_flash_kernelI13__nv_bfloat16S1_LNS_18Fp8KVCacheDataTypeE0EEEvPKT_S5_PT0_S7_PKlllllliiiPKfSB_i
0x60baf780	5	0x612d6670	45014	805099850237377	0	564	0x0	0x0	4	1	1	512	1	1	4	_ZN4vllm30reshape_and_cache_flash_kernelI13__nv_bfloat16S1_LNS_18Fp8KVCacheDataTypeE0EEEvPKT_S5_PT0_S7_PKlllllliiiPKfSB_i
0x60baf780	5	0x612dd670	45028	805099850247361	0	564	0x0	0x0	4	1	1	512	1	1	4	_ZN4vllm30reshape_and_cache_flash_kernelI13__nv_bfloat16S1_LNS_18Fp8KVCacheDataTypeE0EEEvPKT_S5_PT0_S7_PKlllllliiiPKfSB_i
0x60baf780	5	0x612e4670	45042	805099850256865	0	564	0x0	0x0	4	1	1	512	1	1	4	_ZN4vllm30reshape_and_cache_flash_kernelI13__nv_bfloat16S1_LNS_18Fp8KVCacheDataTypeE0EEEvPKT_S5_PT0_S7_PKlllllliiiPKfSB_i
0x60baf780	5	0x612eb670	45056	805099850270001	0	564	0x0	0x0	4	1	1	512	1	1	4	_ZN4vllm30reshape_and_cache_flash_kernelI13__nv_bfloat16S1_LNS_18Fp8KVCacheDataTypeE0EEEvPKT_S5_PT0_S7_PKlllllliiiPKfSB_i
0x60baf780	6	0x611d1170	44510	805099970272675	0	564	0x0	0x0	4	1	1	512	1	1	4	_ZN4vllm30reshape_and_cache_flash_kernelI13__nv_bfloat16S1_LNS_18Fp8KVCacheDataTypeE0EEEvPKT_S5_PT0_S7_PKlllllliiiPKfSB_i
0x60baf780	6	0x611d8170	44524	805099970324723	0	564	0x0	0x0	4	1	1	512	1	1	4	_ZN4vllm30reshape_and_cache_flash_kernelI13__nv_bfloat16S1_LNS_18Fp8KVCacheDataTypeE0EEEvPKT_S5_PT0_S7_PKlllllliiiPKfSB_i
0x60baf780	6	0x611df170	44538	805099970362115	0	564	0x0	0x0	4	1	1	512	1	1	4	_ZN4vllm30reshape_and_cache_flash_kernelI13__nv_bfloat16S1_LNS_18Fp8KVCacheDataTypeE0EEEvPKT_S5_PT0_S7_PKlllllliiiPKfSB_i
0x60baf780	6	0x611e6170	44552	805099970384435	0	564	0x0	0x0	4	1	1	512	1	1	4	_ZN4vllm30reshape_and_cache_flash_kernelI13__nv_bfloat16S1_LNS_18Fp8KVCacheDataTypeE0EEEvPKT_S5_PT0_S7_PKlllllliiiPKfSB_i
0x60baf780	6	0x611ed170	44566	805099970400691	0	564	0x0	0x0	4	1	1	512	1	1	4	_ZN4vllm30reshape_and_cache_flash_kernelI13__nv_bfloat16S1_LNS_18Fp8KVCacheDataTypeE0EEEvPKT_S5_PT0_S7_PKlllllliiiPKfSB_i
0x60baf780	6	0x611fd640	44580	805099970417827	0	564	0x0	0x0	4	1	1	512	1	1	4	_ZN4vllm30reshape_and_cache_flash_kernelI13__nv_bfloat16S1_LNS_18Fp8KVCacheDataTypeE0EEEvPKT_S5_PT0_S7_PKlllllliiiPKfSB_i
0x60baf780	6	0x61204640	44594	805099970436787	0	564	0x0	0x0	4	1	1	512	1	1	4	_ZN4vllm30reshape_and_cache_flash_kernelI13__nv_bfloat16S1_LNS_18Fp8KVCacheDataTypeE0EEEvPKT_S5_PT0_S7_PKlllllliiiPKfSB_i
0x60baf780	6	0x6120b640	44608	805099970448691	0	564	0x0	0x0	4	1	1	512	1	1	4	_ZN4vllm30reshape_and_cache_flash_kernelI13__nv_bfloat16S1_LNS_18Fp8KVCacheDataTypeE0EEEvPKT_S5_PT0_S7_PKlllllliiiPKfSB_i
0x60baf780	6	0x61212640	44622	805099970461379	0	564	0x0	0x0	4	1	1	512	1	1	4	_ZN4vllm30reshape_and_cache_flash_kernelI13__nv_bfloat16S1_LNS_18Fp8KVCacheDataTypeE0EEEvPKT_S5_PT0_S7_PKlllllliiiPKfSB_i
0x60baf780	6	0x61219640	44636	805099970475331	0	564	0x0	0x0	4	1	1	512	1	1	4	_ZN4vllm30reshape_and_cache_flash_kernelI13__nv_bfloat16S1_LNS_18Fp8KVCacheDataTypeE0EEEvPKT_S5_PT0_S7_PKlllllliiiPKfSB_i
0x60baf780	6	0x61220640	44650	805099970487779	0	564	0x0	0x0	4	1	1	512	1	1	4	_ZN4vllm30reshape_and_cache_flash_kernelI13__nv_bfloat16S1_LNS_18Fp8KVCacheDataTypeE0EEEvPKT_S5_PT0_S7_PKlllllliiiPKfSB_i
0x60baf780	6	0x61227640	44664	805099970499459	0	564	0x0	0x0	4	1	1	512	1	1	4	_ZN4vllm30reshape_and_cache_flash_kernelI13__nv_bfloat16S1_LNS_18Fp8KVCacheDataTypeE0EEEvPKT_S5_PT0_S7_PKlllllliiiPKfSB_i
0x60baf780	6	0x6122e640	44678	805099970517395	0	564	0x0	0x0	4	1	1	512	1	1	4	_ZN4vllm30reshape_and_cache_flash_kernelI13__nv_bfloat16S1_LNS_18Fp8KVCacheDataTypeE0EEEvPKT_S5_PT0_S7_PKlllllliiiPKfSB_i
0x60baf780	6	0x61235640	44692	805099970533859	0	564	0x0	0x0	4	1	1	512	1	1	4	_ZN4vllm30reshape_and_cache_flash_kernelI13__nv_bfloat16S1_LNS_18Fp8KVCacheDataTypeE0EEEvPKT_S5_PT0_S7_PKlllllliiiPKfSB_i
0x60baf780	6	0x6123c650	44706	805099970550131	0	564	0x0	0x0	4	1	1	512	1	1	4	_ZN4vllm30reshape_and_cache_flash_kernelI13__nv_bfloat16S1_LNS_18Fp8KVCacheDataTypeE0EEEvPKT_S5_PT0_S7_PKlllllliiiPKfSB_i
0x60baf780	6	0x61243650	44720	805099970562498	0	564	0x0	0x0	4	1	1	512	1	1	4	_ZN4vllm30reshape_and_cache_flash_kernelI13__nv_bfloat16S1_LNS_18Fp8KVCacheDataTypeE0EEEvPKT_S5_PT0_S7_PKlllllliiiPKfSB_i
0x60baf780	6	0x6124a650	44734	805099970575842	0	564	0x0	0x0	4	1	1	512	1	1	4	_ZN4vllm30reshape_and_cache_flash_kernelI13__nv_bfloat16S1_LNS_18Fp8KVCacheDataTypeE0EEEvPKT_S5_PT0_S7_PKlllllliiiPKfSB_i
0x60baf780	6	0x61251650	44748	805099970590626	0	564	0x0	0x0	4	1	1	512	1	1	4	_ZN4vllm30reshape_and_cache_flash_kernelI13__nv_bfloat16S1_LNS_18Fp8KVCacheDataTypeE0EEEvPKT_S5_PT0_S7_PKlllllliiiPKfSB_i
0x60baf780	6	0x61258650	44762	805099970604658	0	564	0x0	0x0	4	1	1	512	1	1	4	_ZN4vllm30reshape_and_cache_flash_kernelI13__nv_bfloat16S1_LNS_18Fp8KVCacheDataTypeE0EEEvPKT_S5_PT0_S7_PKlllllliiiPKfSB_i
0x60baf780	6	0x6125f650	44776	805099970617826	0	564	0x0	0x0	4	1	1	512	1	1	4	_ZN4vllm30reshape_and_cache_flash_kernelI13__nv_bfloat16S1_LNS_18Fp8KVCacheDataTypeE0EEEvPKT_S5_PT0_S7_PKlllllliiiPKfSB_i
0x60baf780	6	0x61266650	44790	805099970630210	0	564	0x0	0x0	4	1	1	512	1	1	4	_ZN4vllm30reshape_and_cache_flash_kernelI13__nv_bfloat16S1_LNS_18Fp8KVCacheDataTypeE0EEEvPKT_S5_PT0_S7_PKlllllliiiPKfSB_i
0x60baf780	6	0x6126d650	44804	805099970644338	0	564	0x0	0x0	4	1	1	512	1	1	4	_ZN4vllm30reshape_and_cache_flash_kernelI13__nv_bfloat16S1_LNS_18Fp8KVCacheDataTypeE0EEEvPKT_S5_PT0_S7_PKlllllliiiPKfSB_i
0x60baf780	6	0x61274650	44818	805099970655490	0	564	0x0	0x0	4	1	1	512	1	1	4	_ZN4vllm30reshape_and_cache_flash_kernelI13__nv_bfloat16S1_LNS_18Fp8KVCacheDataTypeE0EEEvPKT_S5_PT0_S7_PKlllllliiiPKfSB_i
0x60baf780	6	0x6127b660	44832	805099970666178	0	564	0x0	0x0	4	1	1	512	1	1	4	_ZN4vllm30reshape_and_cache_flash_kernelI13__nv_bfloat16S1_LNS_18Fp8KVCacheDataTypeE0EEEvPKT_S5_PT0_S7_PKlllllliiiPKfSB_i
0x60baf780	6	0x61282660	44846	805099970676802	0	564	0x0	0x0	4	1	1	512	1	1	4	_ZN4vllm30reshape_and_cache_flash_kernelI13__nv_bfloat16S1_LNS_18Fp8KVCacheDataTypeE0EEEvPKT_S5_PT0_S7_PKlllllliiiPKfSB_i
0x60baf780	6	0x61289660	44860	805099970689362	0	564	0x0	0x0	4	1	1	512	1	1	4	_ZN4vllm30reshape_and_cache_flash_kernelI13__nv_bfloat16S1_LNS_18Fp8KVCacheDataTypeE0EEEvPKT_S5_PT0_S7_PKlllllliiiPKfSB_i
0x60baf780	6	0x61290660	44874	805099970701602	0	564	0x0	0x0	4	1	1	512	1	1	4	_ZN4vllm30reshape_and_cache_flash_kernelI13__nv_bfloat16S1_LNS_18Fp8KVCacheDataTypeE0EEEvPKT_S5_PT0_S7_PKlllllliiiPKfSB_i
0x60baf780	6	0x61297660	44888	805099970715154	0	564	0x0	0x0	4	1	1	512	1	1	4	_ZN4vllm30reshape_and_cache_flash_kernelI13__nv_bfloat16S1_LNS_18Fp8KVCacheDataTypeE0EEEvPKT_S5_PT0_S7_PKlllllliiiPKfSB_i
0x60baf780	6	0x6129e660	44902	805099970728290	0	564	0x0	0x0	4	1	1	512	1	1	4	_ZN4vllm30reshape_and_cache_flash_kernelI13__nv_bfloat16S1_LNS_18Fp8KVCacheDataTypeE0EEEvPKT_S5_PT0_S7_PKlllllliiiPKfSB_i
0x60baf780	6	0x612a5660	44916	805099970739090	0	564	0x0	0x0	4	1	1	512	1	1	4	_ZN4vllm30reshape_and_cache_flash_kernelI13__nv_bfloat16S1_LNS_18Fp8KVCacheDataTypeE0EEEvPKT_S5_PT0_S7_PKlllllliiiPKfSB_i
0x60baf780	6	0x612ac660	44930	805099970752498	0	564	0x0	0x0	4	1	1	512	1	1	4	_ZN4vllm30reshape_and_cache_flash_kernelI13__nv_bfloat16S1_LNS_18Fp8KVCacheDataTypeE0EEEvPKT_S5_PT0_S7_PKlllllliiiPKfSB_i
0x60baf780	6	0x612b3660	44944	805099970764562	0	564	0x0	0x0	4	1	1	512	1	1	4	_ZN4vllm30reshape_and_cache_flash_kernelI13__nv_bfloat16S1_LNS_18Fp8KVCacheDataTypeE0EEEvPKT_S5_PT0_S7_PKlllllliiiPKfSB_i
0x60baf780	6	0x612ba670	44958	805099970777490	0	564	0x0	0x0	4	1	1	512	1	1	4	_ZN4vllm30reshape_and_cache_flash_kernelI13__nv_bfloat16S1_LNS_18Fp8KVCacheDataTypeE0EEEvPKT_S5_PT0_S7_PKlllllliiiPKfSB_i
0x60baf780	6	0x612c1670	44972	805099970805186	0	564	0x0	0x0	4	1	1	512	1	1	4	_ZN4vllm30reshape_and_cache_flash_kernelI13__nv_bfloat16S1_LNS_18Fp8KVCacheDataTypeE0EEEvPKT_S5_PT0_S7_PKlllllliiiPKfSB_i
0x60baf780	6	0x612c8670	44986	805099970821650	0	564	0x0	0x0	4	1	1	512	1	1	4	_ZN4vllm30reshape_and_cache_flash_kernelI13__nv_bfloat16S1_LNS_18Fp8KVCacheDataTypeE0EEEvPKT_S5_PT0_S7_PKlllllliiiPKfSB_i
0x60baf780	6	0x612cf670	45000	805099970833234	0	564	0x0	0x0	4	1	1	512	1	1	4	_ZN4vllm30reshape_and_cache_flash_kernelI13__nv_bfloat16S1_LNS_18Fp8KVCacheDataTypeE0EEEvPKT_S5_PT0_S7_PKlllllliiiPKfSB_i
0x60baf780	6	0x612d6670	45014	805099970845522	0	564	0x0	0x0	4	1	1	512	1	1	4	_ZN4vllm30reshape_and_cache_flash_kernelI13__nv_bfloat16S1_LNS_18Fp8KVCacheDataTypeE0EEEvPKT_S5_PT0_S7_PKlllllliiiPKfSB_i
0x60baf780	6	0x612dd670	45028	805099970860690	0	564	0x0	0x0	4	1	1	512	1	1	4	_ZN4vllm30reshape_and_cache_flash_kernelI13__nv_bfloat16S1_LNS_18Fp8KVCacheDataTypeE0EEEvPKT_S5_PT0_S7_PKlllllliiiPKfSB_i
0x60baf780	6	0x612e4670	45042	805099970872418	0	564	0x0	0x0	4	1	1	512	1	1	4	_ZN4vllm30reshape_and_cache_flash_kernelI13__nv_bfloat16S1_LNS_18Fp8KVCacheDataTypeE0EEEvPKT_S5_PT0_S7_PKlllllliiiPKfSB_i
0x60baf780	6	0x612eb670	45056	805099970884114	0	564	0x0	0x0	4	1	1	512	1	1	4	_ZN4vllm30reshape_and_cache_flash_kernelI13__nv_bfloat16S1_LNS_18Fp8KVCacheDataTypeE0EEEvPKT_S5_PT0_S7_PKlllllliiiPKfSB_i
0x60baf780	7	0x611d1170	44510	805100091168979	0	564	0x0	0x0	4	1	1	512	1	1	4	_ZN4vllm30reshape_and_cache_flash_kernelI13__nv_bfloat16S1_LNS_18Fp8KVCacheDataTypeE0EEEvPKT_S5_PT0_S7_PKlllllliiiPKfSB_i
0x60baf780	7	0x611d8170	44524	805100091222099	0	564	0x0	0x0	4	1	1	512	1	1	4	_ZN4vllm30reshape_and_cache_flash_kernelI13__nv_bfloat16S1_LNS_18Fp8KVCacheDataTypeE0EEEvPKT_S5_PT0_S7_PKlllllliiiPKfSB_i
0x60baf780	7	0x611df170	44538	805100091253843	0	564	0x0	0x0	4	1	1	512	1	1	4	_ZN4vllm30reshape_and_cache_flash_kernelI13__nv_bfloat16S1_LNS_18Fp8KVCacheDataTypeE0EEEvPKT_S5_PT0_S7_PKlllllliiiPKfSB_i
0x60baf780	7	0x611e6170	44552	805100091277635	0	564	0x0	0x0	4	1	1	512	1	1	4	_ZN4vllm30reshape_and_cache_flash_kernelI13__nv_bfloat16S1_LNS_18Fp8KVCacheDataTypeE0EEEvPKT_S5_PT0_S7_PKlllllliiiPKfSB_i
0x60baf780	7	0x611ed170	44566	805100091294163	0	564	0x0	0x0	4	1	1	512	1	1	4	_ZN4vllm30reshape_and_cache_flash_kernelI13__nv_bfloat16S1_LNS_18Fp8KVCacheDataTypeE0EEEvPKT_S5_PT0_S7_PKlllllliiiPKfSB_i
0x60baf780	7	0x611fd640	44580	805100091311379	0	564	0x0	0x0	4	1	1	512	1	1	4	_ZN4vllm30reshape_and_cache_flash_kernelI13__nv_bfloat16S1_LNS_18Fp8KVCacheDataTypeE0EEEvPKT_S5_PT0_S7_PKlllllliiiPKfSB_i
0x60baf780	7	0x61204640	44594	805100091323347	0	564	0x0	0x0	4	1	1	512	1	1	4	_ZN4vllm30reshape_and_cache_flash_kernelI13__nv_bfloat16S1_LNS_18Fp8KVCacheDataTypeE0EEEvPKT_S5_PT0_S7_PKlllllliiiPKfSB_i
0x60baf780	7	0x6120b640	44608	805100091332947	0	564	0x0	0x0	4	1	1	512	1	1	4	_ZN4vllm30reshape_and_cache_flash_kernelI13__nv_bfloat16S1_LNS_18Fp8KVCacheDataTypeE0EEEvPKT_S5_PT0_S7_PKlllllliiiPKfSB_i
0x60baf780	7	0x61212640	44622	805100091344355	0	564	0x0	0x0	4	1	1	512	1	1	4	_ZN4vllm30reshape_and_cache_flash_kernelI13__nv_bfloat16S1_LNS_18Fp8KVCacheDataTypeE0EEEvPKT_S5_PT0_S7_PKlllllliiiPKfSB_i
0x60baf780	7	0x61219640	44636	805100091356307	0	564	0x0	0x0	4	1	1	512	1	1	4	_ZN4vllm30reshape_and_cache_flash_kernelI13__nv_bfloat16S1_LNS_18Fp8KVCacheDataTypeE0EEEvPKT_S5_PT0_S7_PKlllllliiiPKfSB_i
0x60baf780	7	0x61220640	44650	805100091375203	0	564	0x0	0x0	4	1	1	512	1	1	4	_ZN4vllm30reshape_and_cache_flash_kernelI13__nv_bfloat16S1_LNS_18Fp8KVCacheDataTypeE0EEEvPKT_S5_PT0_S7_PKlllllliiiPKfSB_i
0x60baf780	7	0x61227640	44664	805100091389587	0	564	0x0	0x0	4	1	1	512	1	1	4	_ZN4vllm30reshape_and_cache_flash_kernelI13__nv_bfloat16S1_LNS_18Fp8KVCacheDataTypeE0EEEvPKT_S5_PT0_S7_PKlllllliiiPKfSB_i
0x60baf780	7	0x6122e640	44678	805100091404371	0	564	0x0	0x0	4	1	1	512	1	1	4	_ZN4vllm30reshape_and_cache_flash_kernelI13__nv_bfloat16S1_LNS_18Fp8KVCacheDataTypeE0EEEvPKT_S5_PT0_S7_PKlllllliiiPKfSB_i
0x60baf780	7	0x61235640	44692	805100091417331	0	564	0x0	0x0	4	1	1	512	1	1	4	_ZN4vllm30reshape_and_cache_flash_kernelI13__nv_bfloat16S1_LNS_18Fp8KVCacheDataTypeE0EEEvPKT_S5_PT0_S7_PKlllllliiiPKfSB_i
0x60baf780	7	0x6123c650	44706	805100091429107	0	564	0x0	0x0	4	1	1	512	1	1	4	_ZN4vllm30reshape_and_cache_flash_kernelI13__nv_bfloat16S1_LNS_18Fp8KVCacheDataTypeE0EEEvPKT_S5_PT0_S7_PKlllllliiiPKfSB_i
0x60baf780	7	0x61243650	44720	805100091438899	0	564	0x0	0x0	4	1	1	512	1	1	4	_ZN4vllm30reshape_and_cache_flash_kernelI13__nv_bfloat16S1_LNS_18Fp8KVCacheDataTypeE0EEEvPKT_S5_PT0_S7_PKlllllliiiPKfSB_i
0x60baf780	7	0x6124a650	44734	805100091449347	0	564	0x0	0x0	4	1	1	512	1	1	4	_ZN4vllm30reshape_and_cache_flash_kernelI13__nv_bfloat16S1_LNS_18Fp8KVCacheDataTypeE0EEEvPKT_S5_PT0_S7_PKlllllliiiPKfSB_i
0x60baf780	7	0x61251650	44748	805100091463618	0	564	0x0	0x0	4	1	1	512	1	1	4	_ZN4vllm30reshape_and_cache_flash_kernelI13__nv_bfloat16S1_LNS_18Fp8KVCacheDataTypeE0EEEvPKT_S5_PT0_S7_PKlllllliiiPKfSB_i
0x60baf780	7	0x61258650	44762	805100091477106	0	564	0x0	0x0	4	1	1	512	1	1	4	_ZN4vllm30reshape_and_cache_flash_kernelI13__nv_bfloat16S1_LNS_18Fp8KVCacheDataTypeE0EEEvPKT_S5_PT0_S7_PKlllllliiiPKfSB_i
0x60baf780	7	0x6125f650	44776	805100091487394	0	564	0x0	0x0	4	1	1	512	1	1	4	_ZN4vllm30reshape_and_cache_flash_kernelI13__nv_bfloat16S1_LNS_18Fp8KVCacheDataTypeE0EEEvPKT_S5_PT0_S7_PKlllllliiiPKfSB_i
0x60baf780	7	0x61266650	44790	805100091497650	0	564	0x0	0x0	4	1	1	512	1	1	4	_ZN4vllm30reshape_and_cache_flash_kernelI13__nv_bfloat16S1_LNS_18Fp8KVCacheDataTypeE0EEEvPKT_S5_PT0_S7_PKlllllliiiPKfSB_i
0x60baf780	7	0x6126d650	44804	805100091507538	0	564	0x0	0x0	4	1	1	512	1	1	4	_ZN4vllm30reshape_and_cache_flash_kernelI13__nv_bfloat16S1_LNS_18Fp8KVCacheDataTypeE0EEEvPKT_S5_PT0_S7_PKlllllliiiPKfSB_i
0x60baf780	7	0x61274650	44818	805100091518754	0	564	0x0	0x0	4	1	1	512	1	1	4	_ZN4vllm30reshape_and_cache_flash_kernelI13__nv_bfloat16S1_LNS_18Fp8KVCacheDataTypeE0EEEvPKT_S5_PT0_S7_PKlllllliiiPKfSB_i
0x60baf780	7	0x6127b660	44832	805100091529474	0	564	0x0	0x0	4	1	1	512	1	1	4	_ZN4vllm30reshape_and_cache_flash_kernelI13__nv_bfloat16S1_LNS_18Fp8KVCacheDataTypeE0EEEvPKT_S5_PT0_S7_PKlllllliiiPKfSB_i
0x60baf780	7	0x61282660	44846	805100091540194	0	564	0x0	0x0	4	1	1	512	1	1	4	_ZN4vllm30reshape_and_cache_flash_kernelI13__nv_bfloat16S1_LNS_18Fp8KVCacheDataTypeE0EEEvPKT_S5_PT0_S7_PKlllllliiiPKfSB_i
0x60baf780	7	0x61289660	44860	805100091553442	0	564	0x0	0x0	4	1	1	512	1	1	4	_ZN4vllm30reshape_and_cache_flash_kernelI13__nv_bfloat16S1_LNS_18Fp8KVCacheDataTypeE0EEEvPKT_S5_PT0_S7_PKlllllliiiPKfSB_i
0x60baf780	7	0x61290660	44874	805100091564786	0	564	0x0	0x0	4	1	1	512	1	1	4	_ZN4vllm30reshape_and_cache_flash_kernelI13__nv_bfloat16S1_LNS_18Fp8KVCacheDataTypeE0EEEvPKT_S5_PT0_S7_PKlllllliiiPKfSB_i
0x60baf780	7	0x61297660	44888	805100091578434	0	564	0x0	0x0	4	1	1	512	1	1	4	_ZN4vllm30reshape_and_cache_flash_kernelI13__nv_bfloat16S1_LNS_18Fp8KVCacheDataTypeE0EEEvPKT_S5_PT0_S7_PKlllllliiiPKfSB_i
0x60baf780	7	0x6129e660	44902	805100091590338	0	564	0x0	0x0	4	1	1	512	1	1	4	_ZN4vllm30reshape_and_cache_flash_kernelI13__nv_bfloat16S1_LNS_18Fp8KVCacheDataTypeE0EEEvPKT_S5_PT0_S7_PKlllllliiiPKfSB_i
0x60baf780	7	0x612a5660	44916	805100091601858	0	564	0x0	0x0	4	1	1	512	1	1	4	_ZN4vllm30reshape_and_cache_flash_kernelI13__nv_bfloat16S1_LNS_18Fp8KVCacheDataTypeE0EEEvPKT_S5_PT0_S7_PKlllllliiiPKfSB_i
0x60baf780	7	0x612ac660	44930	805100091613570	0	564	0x0	0x0	4	1	1	512	1	1	4	_ZN4vllm30reshape_and_cache_flash_kernelI13__nv_bfloat16S1_LNS_18Fp8KVCacheDataTypeE0EEEvPKT_S5_PT0_S7_PKlllllliiiPKfSB_i
0x60baf780	7	0x612b3660	44944	805100091625410	0	564	0x0	0x0	4	1	1	512	1	1	4	_ZN4vllm30reshape_and_cache_flash_kernelI13__nv_bfloat16S1_LNS_18Fp8KVCacheDataTypeE0EEEvPKT_S5_PT0_S7_PKlllllliiiPKfSB_i
0x60baf780	7	0x612ba670	44958	805100091637074	0	564	0x0	0x0	4	1	1	512	1	1	4	_ZN4vllm30reshape_and_cache_flash_kernelI13__nv_bfloat16S1_LNS_18Fp8KVCacheDataTypeE0EEEvPKT_S5_PT0_S7_PKlllllliiiPKfSB_i
0x60baf780	7	0x612c1670	44972	805100091648594	0	564	0x0	0x0	4	1	1	512	1	1	4	_ZN4vllm30reshape_and_cache_flash_kernelI13__nv_bfloat16S1_LNS_18Fp8KVCacheDataTypeE0EEEvPKT_S5_PT0_S7_PKlllllliiiPKfSB_i
0x60baf780	7	0x612c8670	44986	805100091658658	0	564	0x0	0x0	4	1	1	512	1	1	4	_ZN4vllm30reshape_and_cache_flash_kernelI13__nv_bfloat16S1_LNS_18Fp8KVCacheDataTypeE0EEEvPKT_S5_PT0_S7_PKlllllliiiPKfSB_i
0x60baf780	7	0x612cf670	45000	805100091692098	0	564	0x0	0x0	4	1	1	512	1	1	4	_ZN4vllm30reshape_and_cache_flash_kernelI13__nv_bfloat16S1_LNS_18Fp8KVCacheDataTypeE0EEEvPKT_S5_PT0_S7_PKlllllliiiPKfSB_i
0x60baf780	7	0x612d6670	45014	805100091709378	0	564	0x0	0x0	4	1	1	512	1	1	4	_ZN4vllm30reshape_and_cache_flash_kernelI13__nv_bfloat16S1_LNS_18Fp8KVCacheDataTypeE0EEEvPKT_S5_PT0_S7_PKlllllliiiPKfSB_i
0x60baf780	7	0x612dd670	45028	805100091719922	0	564	0x0	0x0	4	1	1	512	1	1	4	_ZN4vllm30reshape_and_cache_flash_kernelI13__nv_bfloat16S1_LNS_18Fp8KVCacheDataTypeE0EEEvPKT_S5_PT0_S7_PKlllllliiiPKfSB_i
0x60baf780	7	0x612e4670	45042	805100091732418	0	564	0x0	0x0	4	1	1	512	1	1	4	_ZN4vllm30reshape_and_cache_flash_kernelI13__nv_bfloat16S1_LNS_18Fp8KVCacheDataTypeE0EEEvPKT_S5_PT0_S7_PKlllllliiiPKfSB_i
0x60baf780	7	0x612eb670	45056	805100091745794	0	564	0x0	0x0	4	1	1	512	1	1	4	_ZN4vllm30reshape_and_cache_flash_kernelI13__nv_bfloat16S1_LNS_18Fp8KVCacheDataTypeE0EEEvPKT_S5_PT0_S7_PKlllllliiiPKfSB_i
0x60baf780	8	0x611d1170	44510	805100214344095	0	564	0x0	0x0	4	1	1	512	1	1	4	_ZN4vllm30reshape_and_cache_flash_kernelI13__nv_bfloat16S1_LNS_18Fp8KVCacheDataTypeE0EEEvPKT_S5_PT0_S7_PKlllllliiiPKfSB_i
0x60baf780	8	0x611d8170	44524	805100214399278	0	564	0x0	0x0	4	1	1	512	1	1	4	_ZN4vllm30reshape_and_cache_flash_kernelI13__nv_bfloat16S1_LNS_18Fp8KVCacheDataTypeE0EEEvPKT_S5_PT0_S7_PKlllllliiiPKfSB_i
0x60baf780	8	0x611df170	44538	805100214429630	0	564	0x0	0x0	4	1	1	512	1	1	4	_ZN4vllm30reshape_and_cache_flash_kernelI13__nv_bfloat16S1_LNS_18Fp8KVCacheDataTypeE0EEEvPKT_S5_PT0_S7_PKlllllliiiPKfSB_i
0x60baf780	8	0x611e6170	44552	805100214454430	0	564	0x0	0x0	4	1	1	512	1	1	4	_ZN4vllm30reshape_and_cache_flash_kernelI13__nv_bfloat16S1_LNS_18Fp8KVCacheDataTypeE0EEEvPKT_S5_PT0_S7_PKlllllliiiPKfSB_i
0x60baf780	8	0x611ed170	44566	805100214473246	0	564	0x0	0x0	4	1	1	512	1	1	4	_ZN4vllm30reshape_and_cache_flash_kernelI13__nv_bfloat16S1_LNS_18Fp8KVCacheDataTypeE0EEEvPKT_S5_PT0_S7_PKlllllliiiPKfSB_i
0x60baf780	8	0x611fd640	44580	805100214491230	0	564	0x0	0x0	4	1	1	512	1	1	4	_ZN4vllm30reshape_and_cache_flash_kernelI13__nv_bfloat16S1_LNS_18Fp8KVCacheDataTypeE0EEEvPKT_S5_PT0_S7_PKlllllliiiPKfSB_i
0x60baf780	8	0x61204640	44594	805100214507198	0	564	0x0	0x0	4	1	1	512	1	1	4	_ZN4vllm30reshape_and_cache_flash_kernelI13__nv_bfloat16S1_LNS_18Fp8KVCacheDataTypeE0EEEvPKT_S5_PT0_S7_PKlllllliiiPKfSB_i
0x60baf780	8	0x6120b640	44608	805100214518942	0	564	0x0	0x0	4	1	1	512	1	1	4	_ZN4vllm30reshape_and_cache_flash_kernelI13__nv_bfloat16S1_LNS_18Fp8KVCacheDataTypeE0EEEvPKT_S5_PT0_S7_PKlllllliiiPKfSB_i
0x60baf780	8	0x61212640	44622	805100214532062	0	564	0x0	0x0	4	1	1	512	1	1	4	_ZN4vllm30reshape_and_cache_flash_kernelI13__nv_bfloat16S1_LNS_18Fp8KVCacheDataTypeE0EEEvPKT_S5_PT0_S7_PKlllllliiiPKfSB_i
0x60baf780	8	0x61219640	44636	805100214547662	0	564	0x0	0x0	4	1	1	512	1	1	4	_ZN4vllm30reshape_and_cache_flash_kernelI13__nv_bfloat16S1_LNS_18Fp8KVCacheDataTypeE0EEEvPKT_S5_PT0_S7_PKlllllliiiPKfSB_i
0x60baf780	8	0x61220640	44650	805100214564462	0	564	0x0	0x0	4	1	1	512	1	1	4	_ZN4vllm30reshape_and_cache_flash_kernelI13__nv_bfloat16S1_LNS_18Fp8KVCacheDataTypeE0EEEvPKT_S5_PT0_S7_PKlllllliiiPKfSB_i
0x60baf780	8	0x61227640	44664	805100214579038	0	564	0x0	0x0	4	1	1	512	1	1	4	_ZN4vllm30reshape_and_cache_flash_kernelI13__nv_bfloat16S1_LNS_18Fp8KVCacheDataTypeE0EEEvPKT_S5_PT0_S7_PKlllllliiiPKfSB_i
0x60baf780	8	0x6122e640	44678	805100214592750	0	564	0x0	0x0	4	1	1	512	1	1	4	_ZN4vllm30reshape_and_cache_flash_kernelI13__nv_bfloat16S1_LNS_18Fp8KVCacheDataTypeE0EEEvPKT_S5_PT0_S7_PKlllllliiiPKfSB_i
0x60baf780	8	0x61235640	44692	805100214603662	0	564	0x0	0x0	4	1	1	512	1	1	4	_ZN4vllm30reshape_and_cache_flash_kernelI13__nv_bfloat16S1_LNS_18Fp8KVCacheDataTypeE0EEEvPKT_S5_PT0_S7_PKlllllliiiPKfSB_i
0x60baf780	8	0x6123c650	44706	805100214616702	0	564	0x0	0x0	4	1	1	512	1	1	4	_ZN4vllm30reshape_and_cache_flash_kernelI13__nv_bfloat16S1_LNS_18Fp8KVCacheDataTypeE0EEEvPKT_S5_PT0_S7_PKlllllliiiPKfSB_i
0x60baf780	8	0x61243650	44720	805100214628590	0	564	0x0	0x0	4	1	1	512	1	1	4	_ZN4vllm30reshape_and_cache_flash_kernelI13__nv_bfloat16S1_LNS_18Fp8KVCacheDataTypeE0EEEvPKT_S5_PT0_S7_PKlllllliiiPKfSB_i
0x60baf780	8	0x6124a650	44734	805100214638542	0	564	0x0	0x0	4	1	1	512	1	1	4	_ZN4vllm30reshape_and_cache_flash_kernelI13__nv_bfloat16S1_LNS_18Fp8KVCacheDataTypeE0EEEvPKT_S5_PT0_S7_PKlllllliiiPKfSB_i
0x60baf780	8	0x61251650	44748	805100214649102	0	564	0x0	0x0	4	1	1	512	1	1	4	_ZN4vllm30reshape_and_cache_flash_kernelI13__nv_bfloat16S1_LNS_18Fp8KVCacheDataTypeE0EEEvPKT_S5_PT0_S7_PKlllllliiiPKfSB_i
0x60baf780	8	0x61258650	44762	805100214658974	0	564	0x0	0x0	4	1	1	512	1	1	4	_ZN4vllm30reshape_and_cache_flash_kernelI13__nv_bfloat16S1_LNS_18Fp8KVCacheDataTypeE0EEEvPKT_S5_PT0_S7_PKlllllliiiPKfSB_i
0x60baf780	8	0x6125f650	44776	805100214668494	0	564	0x0	0x0	4	1	1	512	1	1	4	_ZN4vllm30reshape_and_cache_flash_kernelI13__nv_bfloat16S1_LNS_18Fp8KVCacheDataTypeE0EEEvPKT_S5_PT0_S7_PKlllllliiiPKfSB_i
0x60baf780	8	0x61266650	44790	805100214679294	0	564	0x0	0x0	4	1	1	512	1	1	4	_ZN4vllm30reshape_and_cache_flash_kernelI13__nv_bfloat16S1_LNS_18Fp8KVCacheDataTypeE0EEEvPKT_S5_PT0_S7_PKlllllliiiPKfSB_i
0x60baf780	8	0x6126d650	44804	805100214691022	0	564	0x0	0x0	4	1	1	512	1	1	4	_ZN4vllm30reshape_and_cache_flash_kernelI13__nv_bfloat16S1_LNS_18Fp8KVCacheDataTypeE0EEEvPKT_S5_PT0_S7_PKlllllliiiPKfSB_i
0x60baf780	8	0x61274650	44818	805100214703838	0	564	0x0	0x0	4	1	1	512	1	1	4	_ZN4vllm30reshape_and_cache_flash_kernelI13__nv_bfloat16S1_LNS_18Fp8KVCacheDataTypeE0EEEvPKT_S5_PT0_S7_PKlllllliiiPKfSB_i
0x60baf780	8	0x6127b660	44832	805100214715470	0	564	0x0	0x0	4	1	1	512	1	1	4	_ZN4vllm30reshape_and_cache_flash_kernelI13__nv_bfloat16S1_LNS_18Fp8KVCacheDataTypeE0EEEvPKT_S5_PT0_S7_PKlllllliiiPKfSB_i
0x60baf780	8	0x61282660	44846	805100214726558	0	564	0x0	0x0	4	1	1	512	1	1	4	_ZN4vllm30reshape_and_cache_flash_kernelI13__nv_bfloat16S1_LNS_18Fp8KVCacheDataTypeE0EEEvPKT_S5_PT0_S7_PKlllllliiiPKfSB_i
0x60baf780	8	0x61289660	44860	805100214740238	0	564	0x0	0x0	4	1	1	512	1	1	4	_ZN4vllm30reshape_and_cache_flash_kernelI13__nv_bfloat16S1_LNS_18Fp8KVCacheDataTypeE0EEEvPKT_S5_PT0_S7_PKlllllliiiPKfSB_i
0x60baf780	8	0x61290660	44874	805100214752974	0	564	0x0	0x0	4	1	1	512	1	1	4	_ZN4vllm30reshape_and_cache_flash_kernelI13__nv_bfloat16S1_LNS_18Fp8KVCacheDataTypeE0EEEvPKT_S5_PT0_S7_PKlllllliiiPKfSB_i
0x60baf780	8	0x61297660	44888	805100214764238	0	564	0x0	0x0	4	1	1	512	1	1	4	_ZN4vllm30reshape_and_cache_flash_kernelI13__nv_bfloat16S1_LNS_18Fp8KVCacheDataTypeE0EEEvPKT_S5_PT0_S7_PKlllllliiiPKfSB_i
0x60baf780	8	0x6129e660	44902	805100214775982	0	564	0x0	0x0	4	1	1	512	1	1	4	_ZN4vllm30reshape_and_cache_flash_kernelI13__nv_bfloat16S1_LNS_18Fp8KVCacheDataTypeE0EEEvPKT_S5_PT0_S7_PKlllllliiiPKfSB_i
0x60baf780	8	0x612a5660	44916	805100214788094	0	564	0x0	0x0	4	1	1	512	1	1	4	_ZN4vllm30reshape_and_cache_flash_kernelI13__nv_bfloat16S1_LNS_18Fp8KVCacheDataTypeE0EEEvPKT_S5_PT0_S7_PKlllllliiiPKfSB_i
0x60baf780	8	0x612ac660	44930	805100214799870	0	564	0x0	0x0	4	1	1	512	1	1	4	_ZN4vllm30reshape_and_cache_flash_kernelI13__nv_bfloat16S1_LNS_18Fp8KVCacheDataTypeE0EEEvPKT_S5_PT0_S7_PKlllllliiiPKfSB_i
0x60baf780	8	0x612b3660	44944	805100214811070	0	564	0x0	0x0	4	1	1	512	1	1	4	_ZN4vllm30reshape_and_cache_flash_kernelI13__nv_bfloat16S1_LNS_18Fp8KVCacheDataTypeE0EEEvPKT_S5_PT0_S7_PKlllllliiiPKfSB_i
0x60baf780	8	0x612ba670	44958	805100214823006	0	564	0x0	0x0	4	1	1	512	1	1	4	_ZN4vllm30reshape_and_cache_flash_kernelI13__nv_bfloat16S1_LNS_18Fp8KVCacheDataTypeE0EEEvPKT_S5_PT0_S7_PKlllllliiiPKfSB_i
0x60baf780	8	0x612c1670	44972	805100214835246	0	564	0x0	0x0	4	1	1	512	1	1	4	_ZN4vllm30reshape_and_cache_flash_kernelI13__nv_bfloat16S1_LNS_18Fp8KVCacheDataTypeE0EEEvPKT_S5_PT0_S7_PKlllllliiiPKfSB_i
0x60baf780	8	0x612c8670	44986	805100214848718	0	564	0x0	0x0	4	1	1	512	1	1	4	_ZN4vllm30reshape_and_cache_flash_kernelI13__nv_bfloat16S1_LNS_18Fp8KVCacheDataTypeE0EEEvPKT_S5_PT0_S7_PKlllllliiiPKfSB_i
0x60baf780	8	0x612cf670	45000	805100214861342	0	564	0x0	0x0	4	1	1	512	1	1	4	_ZN4vllm30reshape_and_cache_flash_kernelI13__nv_bfloat16S1_LNS_18Fp8KVCacheDataTypeE0EEEvPKT_S5_PT0_S7_PKlllllliiiPKfSB_i
0x60baf780	8	0x612d6670	45014	805100214874878	0	564	0x0	0x0	4	1	1	512	1	1	4	_ZN4vllm30reshape_and_cache_flash_kernelI13__nv_bfloat16S1_LNS_18Fp8KVCacheDataTypeE0EEEvPKT_S5_PT0_S7_PKlllllliiiPKfSB_i
0x60baf780	8	0x612dd670	45028	805100214885181	0	564	0x0	0x0	4	1	1	512	1	1	4	_ZN4vllm30reshape_and_cache_flash_kernelI13__nv_bfloat16S1_LNS_18Fp8KVCacheDataTypeE0EEEvPKT_S5_PT0_S7_PKlllllliiiPKfSB_i
0x60baf780	8	0x612e4670	45042	805100214924877	0	564	0x0	0x0	4	1	1	512	1	1	4	_ZN4vllm30reshape_and_cache_flash_kernelI13__nv_bfloat16S1_LNS_18Fp8KVCacheDataTypeE0EEEvPKT_S5_PT0_S7_PKlllllliiiPKfSB_i
0x60baf780	8	0x612eb670	45056	805100214940461	0	564	0x0	0x0	4	1	1	512	1	1	4	_ZN4vllm30reshape_and_cache_flash_kernelI13__nv_bfloat16S1_LNS_18Fp8KVCacheDataTypeE0EEEvPKT_S5_PT0_S7_PKlllllliiiPKfSB_i
0x55ead5e0	1	0x61576830	45637	805100334597520	0	564	0x0	0x0	2	1	1	512	1	1	2	_ZN4vllm30reshape_and_cache_flash_kernelI13__nv_bfloat16S1_LNS_18Fp8KVCacheDataTypeE0EEEvPKT_S5_PT0_S7_PKlllllliiiPKfSB_i
0x55ead5e0	1	0x6157d830	45651	805100334632864	0	564	0x0	0x0	2	1	1	512	1	1	2	_ZN4vllm30reshape_and_cache_flash_kernelI13__nv_bfloat16S1_LNS_18Fp8KVCacheDataTypeE0EEEvPKT_S5_PT0_S7_PKlllllliiiPKfSB_i
0x55ead5e0	1	0x61584830	45665	805100334657664	0	564	0x0	0x0	2	1	1	512	1	1	2	_ZN4vllm30reshape_and_cache_flash_kernelI13__nv_bfloat16S1_LNS_18Fp8KVCacheDataTypeE0EEEvPKT_S5_PT0_S7_PKlllllliiiPKfSB_i
0x55ead5e0	1	0x6158b830	45679	805100334674576	0	564	0x0	0x0	2	1	1	512	1	1	2	_ZN4vllm30reshape_and_cache_flash_kernelI13__nv_bfloat16S1_LNS_18Fp8KVCacheDataTypeE0EEEvPKT_S5_PT0_S7_PKlllllliiiPKfSB_i
0x55ead5e0	1	0x61592830	45693	805100334687248	0	564	0x0	0x0	2	1	1	512	1	1	2	_ZN4vllm30reshape_and_cache_flash_kernelI13__nv_bfloat16S1_LNS_18Fp8KVCacheDataTypeE0EEEvPKT_S5_PT0_S7_PKlllllliiiPKfSB_i
0x55ead5e0	1	0x61599830	45707	805100334699280	0	564	0x0	0x0	2	1	1	512	1	1	2	_ZN4vllm30reshape_and_cache_flash_kernelI13__nv_bfloat16S1_LNS_18Fp8KVCacheDataTypeE0EEEvPKT_S5_PT0_S7_PKlllllliiiPKfSB_i
0x55ead5e0	1	0x615a0830	45721	805100334711056	0	564	0x0	0x0	2	1	1	512	1	1	2	_ZN4vllm30reshape_and_cache_flash_kernelI13__nv_bfloat16S1_LNS_18Fp8KVCacheDataTypeE0EEEvPKT_S5_PT0_S7_PKlllllliiiPKfSB_i
0x55ead5e0	1	0x615ac5c0	45735	805100334722144	0	564	0x0	0x0	2	1	1	512	1	1	2	_ZN4vllm30reshape_and_cache_flash_kernelI13__nv_bfloat16S1_LNS_18Fp8KVCacheDataTypeE0EEEvPKT_S5_PT0_S7_PKlllllliiiPKfSB_i
0x55ead5e0	1	0x615b35c0	45749	805100334733424	0	564	0x0	0x0	2	1	1	512	1	1	2	_ZN4vllm30reshape_and_cache_flash_kernelI13__nv_bfloat16S1_LNS_18Fp8KVCacheDataTypeE0EEEvPKT_S5_PT0_S7_PKlllllliiiPKfSB_i
0x55ead5e0	1	0x615ba5c0	45763	805100334745295	0	564	0x0	0x0	2	1	1	512	1	1	2	_ZN4vllm30reshape_and_cache_flash_kernelI13__nv_bfloat16S1_LNS_18Fp8KVCacheDataTypeE0EEEvPKT_S5_PT0_S7_PKlllllliiiPKfSB_i
0x55ead5e0	1	0x615c15c0	45777	805100334756383	0	564	0x0	0x0	2	1	1	512	1	1	2	_ZN4vllm30reshape_and_cache_flash_kernelI13__nv_bfloat16S1_LNS_18Fp8KVCacheDataTypeE0EEEvPKT_S5_PT0_S7_PKlllllliiiPKfSB_i
0x55ead5e0	1	0x615c85c0	45791	805100334769823	0	564	0x0	0x0	2	1	1	512	1	1	2	_ZN4vllm30reshape_and_cache_flash_kernelI13__nv_bfloat16S1_LNS_18Fp8KVCacheDataTypeE0EEEvPKT_S5_PT0_S7_PKlllllliiiPKfSB_i
0x55ead5e0	1	0x615cf5c0	45805	805100334780847	0	564	0x0	0x0	2	1	1	512	1	1	2	_ZN4vllm30reshape_and_cache_flash_kernelI13__nv_bfloat16S1_LNS_18Fp8KVCacheDataTypeE0EEEvPKT_S5_PT0_S7_PKlllllliiiPKfSB_i
0x55ead5e0	1	0x615d65c0	45819	805100334792559	0	564	0x0	0x0	2	1	1	512	1	1	2	_ZN4vllm30reshape_and_cache_flash_kernelI13__nv_bfloat16S1_LNS_18Fp8KVCacheDataTypeE0EEEvPKT_S5_PT0_S7_PKlllllliiiPKfSB_i
0x55ead5e0	1	0x615dd5c0	45833	805100334804575	0	564	0x0	0x0	2	1	1	512	1	1	2	_ZN4vllm30reshape_and_cache_flash_kernelI13__nv_bfloat16S1_LNS_18Fp8KVCacheDataTypeE0EEEvPKT_S5_PT0_S7_PKlllllliiiPKfSB_i
0x55ead5e0	1	0x615e45c0	45847	805100334814975	0	564	0x0	0x0	2	1	1	512	1	1	2	_ZN4vllm30reshape_and_cache_flash_kernelI13__nv_bfloat16S1_LNS_18Fp8KVCacheDataTypeE0EEEvPKT_S5_PT0_S7_PKlllllliiiPKfSB_i
0x55ead5e0	1	0x615eb5d0	45861	805100334826511	0	564	0x0	0x0	2	1	1	512	1	1	2	_ZN4vllm30reshape_and_cache_flash_kernelI13__nv_bfloat16S1_LNS_18Fp8KVCacheDataTypeE0EEEvPKT_S5_PT0_S7_PKlllllliiiPKfSB_i
0x55ead5e0	1	0x615f25d0	45875	805100334838575	0	564	0x0	0x0	2	1	1	512	1	1	2	_ZN4vllm30reshape_and_cache_flash_kernelI13__nv_bfloat16S1_LNS_18Fp8KVCacheDataTypeE0EEEvPKT_S5_PT0_S7_PKlllllliiiPKfSB_i
0x55ead5e0	1	0x615f95d0	45889	805100334848623	0	564	0x0	0x0	2	1	1	512	1	1	2	_ZN4vllm30reshape_and_cache_flash_kernelI13__nv_bfloat16S1_LNS_18Fp8KVCacheDataTypeE0EEEvPKT_S5_PT0_S7_PKlllllliiiPKfSB_i
0x55ead5e0	1	0x616005d0	45903	805100334860447	0	564	0x0	0x0	2	1	1	512	1	1	2	_ZN4vllm30reshape_and_cache_flash_kernelI13__nv_bfloat16S1_LNS_18Fp8KVCacheDataTypeE0EEEvPKT_S5_PT0_S7_PKlllllliiiPKfSB_i
0x55ead5e0	1	0x616075d0	45917	805100334872031	0	564	0x0	0x0	2	1	1	512	1	1	2	_ZN4vllm30reshape_and_cache_flash_kernelI13__nv_bfloat16S1_LNS_18Fp8KVCacheDataTypeE0EEEvPKT_S5_PT0_S7_PKlllllliiiPKfSB_i
0x55ead5e0	1	0x6160e5d0	45931	805100334883375	0	564	0x0	0x0	2	1	1	512	1	1	2	_ZN4vllm30reshape_and_cache_flash_kernelI13__nv_bfloat16S1_LNS_18Fp8KVCacheDataTypeE0EEEvPKT_S5_PT0_S7_PKlllllliiiPKfSB_i
0x55ead5e0	1	0x616155d0	45945	805100334893311	0	564	0x0	0x0	2	1	1	512	1	1	2	_ZN4vllm30reshape_and_cache_flash_kernelI13__nv_bfloat16S1_LNS_18Fp8KVCacheDataTypeE0EEEvPKT_S5_PT0_S7_PKlllllliiiPKfSB_i
0x55ead5e0	1	0x6161c5d0	45959	805100334903583	0	564	0x0	0x0	2	1	1	512	1	1	2	_ZN4vllm30reshape_and_cache_flash_kernelI13__nv_bfloat16S1_LNS_18Fp8KVCacheDataTypeE0EEEvPKT_S5_PT0_S7_PKlllllliiiPKfSB_i
0x55ead5e0	1	0x616235d0	45973	805100334913471	0	564	0x0	0x0	2	1	1	512	1	1	2	_ZN4vllm30reshape_and_cache_flash_kernelI13__nv_bfloat16S1_LNS_18Fp8KVCacheDataTypeE0EEEvPKT_S5_PT0_S7_PKlllllliiiPKfSB_i
0x55ead5e0	1	0x6162a5e0	45987	805100334922463	0	564	0x0	0x0	2	1	1	512	1	1	2	_ZN4vllm30reshape_and_cache_flash_kernelI13__nv_bfloat16S1_LNS_18Fp8KVCacheDataTypeE0EEEvPKT_S5_PT0_S7_PKlllllliiiPKfSB_i
0x55ead5e0	1	0x616315e0	46001	805100334931855	0	564	0x0	0x0	2	1	1	512	1	1	2	_ZN4vllm30reshape_and_cache_flash_kernelI13__nv_bfloat16S1_LNS_18Fp8KVCacheDataTypeE0EEEvPKT_S5_PT0_S7_PKlllllliiiPKfSB_i
0x55ead5e0	1	0x616385e0	46015	805100334940431	0	564	0x0	0x0	2	1	1	512	1	1	2	_ZN4vllm30reshape_and_cache_flash_kernelI13__nv_bfloat16S1_LNS_18Fp8KVCacheDataTypeE0EEEvPKT_S5_PT0_S7_PKlllllliiiPKfSB_i
0x55ead5e0	1	0x6163f5e0	46029	805100334951759	0	564	0x0	0x0	2	1	1	512	1	1	2	_ZN4vllm30reshape_and_cache_flash_kernelI13__nv_bfloat16S1_LNS_18Fp8KVCacheDataTypeE0EEEvPKT_S5_PT0_S7_PKlllllliiiPKfSB_i
0x55ead5e0	1	0x616465e0	46043	805100334962687	0	564	0x0	0x0	2	1	1	512	1	1	2	_ZN4vllm30reshape_and_cache_flash_kernelI13__nv_bfloat16S1_LNS_18Fp8KVCacheDataTypeE0EEEvPKT_S5_PT0_S7_PKlllllliiiPKfSB_i
0x55ead5e0	1	0x6164d5e0	46057	805100334973551	0	564	0x0	0x0	2	1	1	512	1	1	2	_ZN4vllm30reshape_and_cache_flash_kernelI13__nv_bfloat16S1_LNS_18Fp8KVCacheDataTypeE0EEEvPKT_S5_PT0_S7_PKlllllliiiPKfSB_i
0x55ead5e0	1	0x616545e0	46071	805100334986047	0	564	0x0	0x0	2	1	1	512	1	1	2	_ZN4vllm30reshape_and_cache_flash_kernelI13__nv_bfloat16S1_LNS_18Fp8KVCacheDataTypeE0EEEvPKT_S5_PT0_S7_PKlllllliiiPKfSB_i
0x55ead5e0	1	0x6165b5e0	46085	805100334996495	0	564	0x0	0x0	2	1	1	512	1	1	2	_ZN4vllm30reshape_and_cache_flash_kernelI13__nv_bfloat16S1_LNS_18Fp8KVCacheDataTypeE0EEEvPKT_S5_PT0_S7_PKlllllliiiPKfSB_i
0x55ead5e0	1	0x616625e0	46099	805100335012511	0	564	0x0	0x0	2	1	1	512	1	1	2	_ZN4vllm30reshape_and_cache_flash_kernelI13__nv_bfloat16S1_LNS_18Fp8KVCacheDataTypeE0EEEvPKT_S5_PT0_S7_PKlllllliiiPKfSB_i
0x55ead5e0	1	0x616695f0	46113	805100335025359	0	564	0x0	0x0	2	1	1	512	1	1	2	_ZN4vllm30reshape_and_cache_flash_kernelI13__nv_bfloat16S1_LNS_18Fp8KVCacheDataTypeE0EEEvPKT_S5_PT0_S7_PKlllllliiiPKfSB_i
0x55ead5e0	1	0x616705f0	46127	805100335035119	0	564	0x0	0x0	2	1	1	512	1	1	2	_ZN4vllm30reshape_and_cache_flash_kernelI13__nv_bfloat16S1_LNS_18Fp8KVCacheDataTypeE0EEEvPKT_S5_PT0_S7_PKlllllliiiPKfSB_i
0x55ead5e0	1	0x616775f0	46141	805100335045935	0	564	0x0	0x0	2	1	1	512	1	1	2	_ZN4vllm30reshape_and_cache_flash_kernelI13__nv_bfloat16S1_LNS_18Fp8KVCacheDataTypeE0EEEvPKT_S5_PT0_S7_PKlllllliiiPKfSB_i
0x55ead5e0	1	0x6167e5f0	46155	805100335055807	0	564	0x0	0x0	2	1	1	512	1	1	2	_ZN4vllm30reshape_and_cache_flash_kernelI13__nv_bfloat16S1_LNS_18Fp8KVCacheDataTypeE0EEEvPKT_S5_PT0_S7_PKlllllliiiPKfSB_i
0x55ead5e0	1	0x616855f0	46169	805100335067743	0	564	0x0	0x0	2	1	1	512	1	1	2	_ZN4vllm30reshape_and_cache_flash_kernelI13__nv_bfloat16S1_LNS_18Fp8KVCacheDataTypeE0EEEvPKT_S5_PT0_S7_PKlllllliiiPKfSB_i
0x55ead5e0	1	0x6168c5f0	46183	805100335079631	0	564	0x0	0x0	2	1	1	512	1	1	2	_ZN4vllm30reshape_and_cache_flash_kernelI13__nv_bfloat16S1_LNS_18Fp8KVCacheDataTypeE0EEEvPKT_S5_PT0_S7_PKlllllliiiPKfSB_i
0x55ead5e0	2	0x61576830	45637	805100454652065	0	564	0x0	0x0	2	1	1	512	1	1	2	_ZN4vllm30reshape_and_cache_flash_kernelI13__nv_bfloat16S1_LNS_18Fp8KVCacheDataTypeE0EEEvPKT_S5_PT0_S7_PKlllllliiiPKfSB_i
0x55ead5e0	2	0x6157d830	45651	805100454736193	0	564	0x0	0x0	2	1	1	512	1	1	2	_ZN4vllm30reshape_and_cache_flash_kernelI13__nv_bfloat16S1_LNS_18Fp8KVCacheDataTypeE0EEEvPKT_S5_PT0_S7_PKlllllliiiPKfSB_i
0x55ead5e0	2	0x61584830	45665	805100454760513	0	564	0x0	0x0	2	1	1	512	1	1	2	_ZN4vllm30reshape_and_cache_flash_kernelI13__nv_bfloat16S1_LNS_18Fp8KVCacheDataTypeE0EEEvPKT_S5_PT0_S7_PKlllllliiiPKfSB_i
0x55ead5e0	2	0x6158b830	45679	805100454780929	0	564	0x0	0x0	2	1	1	512	1	1	2	_ZN4vllm30reshape_and_cache_flash_kernelI13__nv_bfloat16S1_LNS_18Fp8KVCacheDataTypeE0EEEvPKT_S5_PT0_S7_PKlllllliiiPKfSB_i
0x55ead5e0	2	0x61592830	45693	805100454793297	0	564	0x0	0x0	2	1	1	512	1	1	2	_ZN4vllm30reshape_and_cache_flash_kernelI13__nv_bfloat16S1_LNS_18Fp8KVCacheDataTypeE0EEEvPKT_S5_PT0_S7_PKlllllliiiPKfSB_i
0x55ead5e0	2	0x61599830	45707	805100454804865	0	564	0x0	0x0	2	1	1	512	1	1	2	_ZN4vllm30reshape_and_cache_flash_kernelI13__nv_bfloat16S1_LNS_18Fp8KVCacheDataTypeE0EEEvPKT_S5_PT0_S7_PKlllllliiiPKfSB_i
0x55ead5e0	2	0x615a0830	45721	805100454815969	0	564	0x0	0x0	2	1	1	512	1	1	2	_ZN4vllm30reshape_and_cache_flash_kernelI13__nv_bfloat16S1_LNS_18Fp8KVCacheDataTypeE0EEEvPKT_S5_PT0_S7_PKlllllliiiPKfSB_i
0x55ead5e0	2	0x615ac5c0	45735	805100454826497	0	564	0x0	0x0	2	1	1	512	1	1	2	_ZN4vllm30reshape_and_cache_flash_kernelI13__nv_bfloat16S1_LNS_18Fp8KVCacheDataTypeE0EEEvPKT_S5_PT0_S7_PKlllllliiiPKfSB_i
0x55ead5e0	2	0x615b35c0	45749	805100454836689	0	564	0x0	0x0	2	1	1	512	1	1	2	_ZN4vllm30reshape_and_cache_flash_kernelI13__nv_bfloat16S1_LNS_18Fp8KVCacheDataTypeE0EEEvPKT_S5_PT0_S7_PKlllllliiiPKfSB_i
0x55ead5e0	2	0x615ba5c0	45763	805100454847569	0	564	0x0	0x0	2	1	1	512	1	1	2	_ZN4vllm30reshape_and_cache_flash_kernelI13__nv_bfloat16S1_LNS_18Fp8KVCacheDataTypeE0EEEvPKT_S5_PT0_S7_PKlllllliiiPKfSB_i
0x55ead5e0	2	0x615c15c0	45777	805100454859313	0	564	0x0	0x0	2	1	1	512	1	1	2	_ZN4vllm30reshape_and_cache_flash_kernelI13__nv_bfloat16S1_LNS_18Fp8KVCacheDataTypeE0EEEvPKT_S5_PT0_S7_PKlllllliiiPKfSB_i
0x55ead5e0	2	0x615c85c0	45791	805100454871089	0	564	0x0	0x0	2	1	1	512	1	1	2	_ZN4vllm30reshape_and_cache_flash_kernelI13__nv_bfloat16S1_LNS_18Fp8KVCacheDataTypeE0EEEvPKT_S5_PT0_S7_PKlllllliiiPKfSB_i
0x55ead5e0	2	0x615cf5c0	45805	805100454883025	0	564	0x0	0x0	2	1	1	512	1	1	2	_ZN4vllm30reshape_and_cache_flash_kernelI13__nv_bfloat16S1_LNS_18Fp8KVCacheDataTypeE0EEEvPKT_S5_PT0_S7_PKlllllliiiPKfSB_i
0x55ead5e0	2	0x615d65c0	45819	805100454894065	0	564	0x0	0x0	2	1	1	512	1	1	2	_ZN4vllm30reshape_and_cache_flash_kernelI13__nv_bfloat16S1_LNS_18Fp8KVCacheDataTypeE0EEEvPKT_S5_PT0_S7_PKlllllliiiPKfSB_i
0x55ead5e0	2	0x615dd5c0	45833	805100454905505	0	564	0x0	0x0	2	1	1	512	1	1	2	_ZN4vllm30reshape_and_cache_flash_kernelI13__nv_bfloat16S1_LNS_18Fp8KVCacheDataTypeE0EEEvPKT_S5_PT0_S7_PKlllllliiiPKfSB_i
0x55ead5e0	2	0x615e45c0	45847	805100454915761	0	564	0x0	0x0	2	1	1	512	1	1	2	_ZN4vllm30reshape_and_cache_flash_kernelI13__nv_bfloat16S1_LNS_18Fp8KVCacheDataTypeE0EEEvPKT_S5_PT0_S7_PKlllllliiiPKfSB_i
0x55ead5e0	2	0x615eb5d0	45861	805100454926673	0	564	0x0	0x0	2	1	1	512	1	1	2	_ZN4vllm30reshape_and_cache_flash_kernelI13__nv_bfloat16S1_LNS_18Fp8KVCacheDataTypeE0EEEvPKT_S5_PT0_S7_PKlllllliiiPKfSB_i
0x55ead5e0	2	0x615f25d0	45875	805100454937681	0	564	0x0	0x0	2	1	1	512	1	1	2	_ZN4vllm30reshape_and_cache_flash_kernelI13__nv_bfloat16S1_LNS_18Fp8KVCacheDataTypeE0EEEvPKT_S5_PT0_S7_PKlllllliiiPKfSB_i
0x55ead5e0	2	0x615f95d0	45889	805100454948593	0	564	0x0	0x0	2	1	1	512	1	1	2	_ZN4vllm30reshape_and_cache_flash_kernelI13__nv_bfloat16S1_LNS_18Fp8KVCacheDataTypeE0EEEvPKT_S5_PT0_S7_PKlllllliiiPKfSB_i
0x55ead5e0	2	0x616005d0	45903	805100454959761	0	564	0x0	0x0	2	1	1	512	1	1	2	_ZN4vllm30reshape_and_cache_flash_kernelI13__nv_bfloat16S1_LNS_18Fp8KVCacheDataTypeE0EEEvPKT_S5_PT0_S7_PKlllllliiiPKfSB_i
0x55ead5e0	2	0x616075d0	45917	805100454974673	0	564	0x0	0x0	2	1	1	512	1	1	2	_ZN4vllm30reshape_and_cache_flash_kernelI13__nv_bfloat16S1_LNS_18Fp8KVCacheDataTypeE0EEEvPKT_S5_PT0_S7_PKlllllliiiPKfSB_i
0x55ead5e0	2	0x6160e5d0	45931	805100454989713	0	564	0x0	0x0	2	1	1	512	1	1	2	_ZN4vllm30reshape_and_cache_flash_kernelI13__nv_bfloat16S1_LNS_18Fp8KVCacheDataTypeE0EEEvPKT_S5_PT0_S7_PKlllllliiiPKfSB_i
0x55ead5e0	2	0x616155d0	45945	805100455004481	0	564	0x0	0x0	2	1	1	512	1	1	2	_ZN4vllm30reshape_and_cache_flash_kernelI13__nv_bfloat16S1_LNS_18Fp8KVCacheDataTypeE0EEEvPKT_S5_PT0_S7_PKlllllliiiPKfSB_i
0x55ead5e0	2	0x6161c5d0	45959	805100455022097	0	564	0x0	0x0	2	1	1	512	1	1	2	_ZN4vllm30reshape_and_cache_flash_kernelI13__nv_bfloat16S1_LNS_18Fp8KVCacheDataTypeE0EEEvPKT_S5_PT0_S7_PKlllllliiiPKfSB_i
0x55ead5e0	2	0x616235d0	45973	805100455037121	0	564	0x0	0x0	2	1	1	512	1	1	2	_ZN4vllm30reshape_and_cache_flash_kernelI13__nv_bfloat16S1_LNS_18Fp8KVCacheDataTypeE0EEEvPKT_S5_PT0_S7_PKlllllliiiPKfSB_i
0x55ead5e0	2	0x6162a5e0	45987	805100455051057	0	564	0x0	0x0	2	1	1	512	1	1	2	_ZN4vllm30reshape_and_cache_flash_kernelI13__nv_bfloat16S1_LNS_18Fp8KVCacheDataTypeE0EEEvPKT_S5_PT0_S7_PKlllllliiiPKfSB_i
0x55ead5e0	2	0x616315e0	46001	805100455062929	0	564	0x0	0x0	2	1	1	512	1	1	2	_ZN4vllm30reshape_and_cache_flash_kernelI13__nv_bfloat16S1_LNS_18Fp8KVCacheDataTypeE0EEEvPKT_S5_PT0_S7_PKlllllliiiPKfSB_i
0x55ead5e0	2	0x616385e0	46015	805100455073553	0	564	0x0	0x0	2	1	1	512	1	1	2	_ZN4vllm30reshape_and_cache_flash_kernelI13__nv_bfloat16S1_LNS_18Fp8KVCacheDataTypeE0EEEvPKT_S5_PT0_S7_PKlllllliiiPKfSB_i
0x55ead5e0	2	0x6163f5e0	46029	805100455085873	0	564	0x0	0x0	2	1	1	512	1	1	2	_ZN4vllm30reshape_and_cache_flash_kernelI13__nv_bfloat16S1_LNS_18Fp8KVCacheDataTypeE0EEEvPKT_S5_PT0_S7_PKlllllliiiPKfSB_i
0x55ead5e0	2	0x616465e0	46043	805100455099760	0	564	0x0	0x0	2	1	1	512	1	1	2	_ZN4vllm30reshape_and_cache_flash_kernelI13__nv_bfloat16S1_LNS_18Fp8KVCacheDataTypeE0EEEvPKT_S5_PT0_S7_PKlllllliiiPKfSB_i
0x55ead5e0	2	0x6164d5e0	46057	805100455114960	0	564	0x0	0x0	2	1	1	512	1	1	2	_ZN4vllm30reshape_and_cache_flash_kernelI13__nv_bfloat16S1_LNS_18Fp8KVCacheDataTypeE0EEEvPKT_S5_PT0_S7_PKlllllliiiPKfSB_i
0x55ead5e0	2	0x616545e0	46071	805100455126528	0	564	0x0	0x0	2	1	1	512	1	1	2	_ZN4vllm30reshape_and_cache_flash_kernelI13__nv_bfloat16S1_LNS_18Fp8KVCacheDataTypeE0EEEvPKT_S5_PT0_S7_PKlllllliiiPKfSB_i
0x55ead5e0	2	0x6165b5e0	46085	805100455137216	0	564	0x0	0x0	2	1	1	512	1	1	2	_ZN4vllm30reshape_and_cache_flash_kernelI13__nv_bfloat16S1_LNS_18Fp8KVCacheDataTypeE0EEEvPKT_S5_PT0_S7_PKlllllliiiPKfSB_i
0x55ead5e0	2	0x616625e0	46099	805100455147504	0	564	0x0	0x0	2	1	1	512	1	1	2	_ZN4vllm30reshape_and_cache_flash_kernelI13__nv_bfloat16S1_LNS_18Fp8KVCacheDataTypeE0EEEvPKT_S5_PT0_S7_PKlllllliiiPKfSB_i
0x55ead5e0	2	0x616695f0	46113	805100455157616	0	564	0x0	0x0	2	1	1	512	1	1	2	_ZN4vllm30reshape_and_cache_flash_kernelI13__nv_bfloat16S1_LNS_18Fp8KVCacheDataTypeE0EEEvPKT_S5_PT0_S7_PKlllllliiiPKfSB_i
0x55ead5e0	2	0x616705f0	46127	805100455166384	0	564	0x0	0x0	2	1	1	512	1	1	2	_ZN4vllm30reshape_and_cache_flash_kernelI13__nv_bfloat16S1_LNS_18Fp8KVCacheDataTypeE0EEEvPKT_S5_PT0_S7_PKlllllliiiPKfSB_i
0x55ead5e0	2	0x616775f0	46141	805100455175536	0	564	0x0	0x0	2	1	1	512	1	1	2	_ZN4vllm30reshape_and_cache_flash_kernelI13__nv_bfloat16S1_LNS_18Fp8KVCacheDataTypeE0EEEvPKT_S5_PT0_S7_PKlllllliiiPKfSB_i
0x55ead5e0	2	0x6167e5f0	46155	805100455184384	0	564	0x0	0x0	2	1	1	512	1	1	2	_ZN4vllm30reshape_and_cache_flash_kernelI13__nv_bfloat16S1_LNS_18Fp8KVCacheDataTypeE0EEEvPKT_S5_PT0_S7_PKlllllliiiPKfSB_i
0x55ead5e0	2	0x616855f0	46169	805100455196032	0	564	0x0	0x0	2	1	1	512	1	1	2	_ZN4vllm30reshape_and_cache_flash_kernelI13__nv_bfloat16S1_LNS_18Fp8KVCacheDataTypeE0EEEvPKT_S5_PT0_S7_PKlllllliiiPKfSB_i
0x55ead5e0	2	0x6168c5f0	46183	805100455207504	0	564	0x0	0x0	2	1	1	512	1	1	2	_ZN4vllm30reshape_and_cache_flash_kernelI13__nv_bfloat16S1_LNS_18Fp8KVCacheDataTypeE0EEEvPKT_S5_PT0_S7_PKlllllliiiPKfSB_i
0x55ead5e0	3	0x61576830	45637	805100575050482	0	564	0x0	0x0	2	1	1	512	1	1	2	_ZN4vllm30reshape_and_cache_flash_kernelI13__nv_bfloat16S1_LNS_18Fp8KVCacheDataTypeE0EEEvPKT_S5_PT0_S7_PKlllllliiiPKfSB_i
0x55ead5e0	3	0x6157d830	45651	805100575095938	0	564	0x0	0x0	2	1	1	512	1	1	2	_ZN4vllm30reshape_and_cache_flash_kernelI13__nv_bfloat16S1_LNS_18Fp8KVCacheDataTypeE0EEEvPKT_S5_PT0_S7_PKlllllliiiPKfSB_i
0x55ead5e0	3	0x61584830	45665	805100575119794	0	564	0x0	0x0	2	1	1	512	1	1	2	_ZN4vllm30reshape_and_cache_flash_kernelI13__nv_bfloat16S1_LNS_18Fp8KVCacheDataTypeE0EEEvPKT_S5_PT0_S7_PKlllllliiiPKfSB_i
0x55ead5e0	3	0x6158b830	45679	805100575168482	0	564	0x0	0x0	2	1	1	512	1	1	2	_ZN4vllm30reshape_and_cache_flash_kernelI13__nv_bfloat16S1_LNS_18Fp8KVCacheDataTypeE0EEEvPKT_S5_PT0_S7_PKlllllliiiPKfSB_i
0x55ead5e0	3	0x61592830	45693	805100575185298	0	564	0x0	0x0	2	1	1	512	1	1	2	_ZN4vllm30reshape_and_cache_flash_kernelI13__nv_bfloat16S1_LNS_18Fp8KVCacheDataTypeE0EEEvPKT_S5_PT0_S7_PKlllllliiiPKfSB_i
0x55ead5e0	3	0x61599830	45707	805100575197314	0	564	0x0	0x0	2	1	1	512	1	1	2	_ZN4vllm30reshape_and_cache_flash_kernelI13__nv_bfloat16S1_LNS_18Fp8KVCacheDataTypeE0EEEvPKT_S5_PT0_S7_PKlllllliiiPKfSB_i
0x55ead5e0	3	0x615a0830	45721	805100575209762	0	564	0x0	0x0	2	1	1	512	1	1	2	_ZN4vllm30reshape_and_cache_flash_kernelI13__nv_bfloat16S1_LNS_18Fp8KVCacheDataTypeE0EEEvPKT_S5_PT0_S7_PKlllllliiiPKfSB_i
0x55ead5e0	3	0x615ac5c0	45735	805100575223442	0	564	0x0	0x0	2	1	1	512	1	1	2	_ZN4vllm30reshape_and_cache_flash_kernelI13__nv_bfloat16S1_LNS_18Fp8KVCacheDataTypeE0EEEvPKT_S5_PT0_S7_PKlllllliiiPKfSB_i
0x55ead5e0	3	0x615b35c0	45749	805100575237778	0	564	0x0	0x0	2	1	1	512	1	1	2	_ZN4vllm30reshape_and_cache_flash_kernelI13__nv_bfloat16S1_LNS_18Fp8KVCacheDataTypeE0EEEvPKT_S5_PT0_S7_PKlllllliiiPKfSB_i
0x55ead5e0	3	0x615ba5c0	45763	805100575250418	0	564	0x0	0x0	2	1	1	512	1	1	2	_ZN4vllm30reshape_and_cache_flash_kernelI13__nv_bfloat16S1_LNS_18Fp8KVCacheDataTypeE0EEEvPKT_S5_PT0_S7_PKlllllliiiPKfSB_i
0x55ead5e0	3	0x615c15c0	45777	805100575263922	0	564	0x0	0x0	2	1	1	512	1	1	2	_ZN4vllm30reshape_and_cache_flash_kernelI13__nv_bfloat16S1_LNS_18Fp8KVCacheDataTypeE0EEEvPKT_S5_PT0_S7_PKlllllliiiPKfSB_i
0x55ead5e0	3	0x615c85c0	45791	805100575279986	0	564	0x0	0x0	2	1	1	512	1	1	2	_ZN4vllm30reshape_and_cache_flash_kernelI13__nv_bfloat16S1_LNS_18Fp8KVCacheDataTypeE0EEEvPKT_S5_PT0_S7_PKlllllliiiPKfSB_i
0x55ead5e0	3	0x615cf5c0	45805	805100575293314	0	564	0x0	0x0	2	1	1	512	1	1	2	_ZN4vllm30reshape_and_cache_flash_kernelI13__nv_bfloat16S1_LNS_18Fp8KVCacheDataTypeE0EEEvPKT_S5_PT0_S7_PKlllllliiiPKfSB_i
0x55ead5e0	3	0x615d65c0	45819	805100575304978	0	564	0x0	0x0	2	1	1	512	1	1	2	_ZN4vllm30reshape_and_cache_flash_kernelI13__nv_bfloat16S1_LNS_18Fp8KVCacheDataTypeE0EEEvPKT_S5_PT0_S7_PKlllllliiiPKfSB_i
0x55ead5e0	3	0x615dd5c0	45833	805100575317666	0	564	0x0	0x0	2	1	1	512	1	1	2	_ZN4vllm30reshape_and_cache_flash_kernelI13__nv_bfloat16S1_LNS_18Fp8KVCacheDataTypeE0EEEvPKT_S5_PT0_S7_PKlllllliiiPKfSB_i
0x55ead5e0	3	0x615e45c0	45847	805100575328658	0	564	0x0	0x0	2	1	1	512	1	1	2	_ZN4vllm30reshape_and_cache_flash_kernelI13__nv_bfloat16S1_LNS_18Fp8KVCacheDataTypeE0EEEvPKT_S5_PT0_S7_PKlllllliiiPKfSB_i
0x55ead5e0	3	0x615eb5d0	45861	805100575339842	0	564	0x0	0x0	2	1	1	512	1	1	2	_ZN4vllm30reshape_and_cache_flash_kernelI13__nv_bfloat16S1_LNS_18Fp8KVCacheDataTypeE0EEEvPKT_S5_PT0_S7_PKlllllliiiPKfSB_i
0x55ead5e0	3	0x615f25d0	45875	805100575352450	0	564	0x0	0x0	2	1	1	512	1	1	2	_ZN4vllm30reshape_and_cache_flash_kernelI13__nv_bfloat16S1_LNS_18Fp8KVCacheDataTypeE0EEEvPKT_S5_PT0_S7_PKlllllliiiPKfSB_i
0x55ead5e0	3	0x615f95d0	45889	805100575363778	0	564	0x0	0x0	2	1	1	512	1	1	2	_ZN4vllm30reshape_and_cache_flash_kernelI13__nv_bfloat16S1_LNS_18Fp8KVCacheDataTypeE0EEEvPKT_S5_PT0_S7_PKlllllliiiPKfSB_i
0x55ead5e0	3	0x616005d0	45903	805100575374258	0	564	0x0	0x0	2	1	1	512	1	1	2	_ZN4vllm30reshape_and_cache_flash_kernelI13__nv_bfloat16S1_LNS_18Fp8KVCacheDataTypeE0EEEvPKT_S5_PT0_S7_PKlllllliiiPKfSB_i
0x55ead5e0	3	0x616075d0	45917	805100575384034	0	564	0x0	0x0	2	1	1	512	1	1	2	_ZN4vllm30reshape_and_cache_flash_kernelI13__nv_bfloat16S1_LNS_18Fp8KVCacheDataTypeE0EEEvPKT_S5_PT0_S7_PKlllllliiiPKfSB_i
0x55ead5e0	3	0x6160e5d0	45931	805100575394770	0	564	0x0	0x0	2	1	1	512	1	1	2	_ZN4vllm30reshape_and_cache_flash_kernelI13__nv_bfloat16S1_LNS_18Fp8KVCacheDataTypeE0EEEvPKT_S5_PT0_S7_PKlllllliiiPKfSB_i
0x55ead5e0	3	0x616155d0	45945	805100575405858	0	564	0x0	0x0	2	1	1	512	1	1	2	_ZN4vllm30reshape_and_cache_flash_kernelI13__nv_bfloat16S1_LNS_18Fp8KVCacheDataTypeE0EEEvPKT_S5_PT0_S7_PKlllllliiiPKfSB_i
0x55ead5e0	3	0x6161c5d0	45959	805100575418514	0	564	0x0	0x0	2	1	1	512	1	1	2	_ZN4vllm30reshape_and_cache_flash_kernelI13__nv_bfloat16S1_LNS_18Fp8KVCacheDataTypeE0EEEvPKT_S5_PT0_S7_PKlllllliiiPKfSB_i
0x55ead5e0	3	0x616235d0	45973	805100575430306	0	564	0x0	0x0	2	1	1	512	1	1	2	_ZN4vllm30reshape_and_cache_flash_kernelI13__nv_bfloat16S1_LNS_18Fp8KVCacheDataTypeE0EEEvPKT_S5_PT0_S7_PKlllllliiiPKfSB_i
0x55ead5e0	3	0x6162a5e0	45987	805100575439826	0	564	0x0	0x0	2	1	1	512	1	1	2	_ZN4vllm30reshape_and_cache_flash_kernelI13__nv_bfloat16S1_LNS_18Fp8KVCacheDataTypeE0EEEvPKT_S5_PT0_S7_PKlllllliiiPKfSB_i
0x55ead5e0	3	0x616315e0	46001	805100575451410	0	564	0x0	0x0	2	1	1	512	1	1	2	_ZN4vllm30reshape_and_cache_flash_kernelI13__nv_bfloat16S1_LNS_18Fp8KVCacheDataTypeE0EEEvPKT_S5_PT0_S7_PKlllllliiiPKfSB_i
0x55ead5e0	3	0x616385e0	46015	805100575461362	0	564	0x0	0x0	2	1	1	512	1	1	2	_ZN4vllm30reshape_and_cache_flash_kernelI13__nv_bfloat16S1_LNS_18Fp8KVCacheDataTypeE0EEEvPKT_S5_PT0_S7_PKlllllliiiPKfSB_i
0x55ead5e0	3	0x6163f5e0	46029	805100575473010	0	564	0x0	0x0	2	1	1	512	1	1	2	_ZN4vllm30reshape_and_cache_flash_kernelI13__nv_bfloat16S1_LNS_18Fp8KVCacheDataTypeE0EEEvPKT_S5_PT0_S7_PKlllllliiiPKfSB_i
0x55ead5e0	3	0x616465e0	46043	805100575486513	0	564	0x0	0x0	2	1	1	512	1	1	2	_ZN4vllm30reshape_and_cache_flash_kernelI13__nv_bfloat16S1_LNS_18Fp8KVCacheDataTypeE0EEEvPKT_S5_PT0_S7_PKlllllliiiPKfSB_i
0x55ead5e0	3	0x6164d5e0	46057	805100575499569	0	564	0x0	0x0	2	1	1	512	1	1	2	_ZN4vllm30reshape_and_cache_flash_kernelI13__nv_bfloat16S1_LNS_18Fp8KVCacheDataTypeE0EEEvPKT_S5_PT0_S7_PKlllllliiiPKfSB_i
0x55ead5e0	3	0x616545e0	46071	805100575511457	0	564	0x0	0x0	2	1	1	512	1	1	2	_ZN4vllm30reshape_and_cache_flash_kernelI13__nv_bfloat16S1_LNS_18Fp8KVCacheDataTypeE0EEEvPKT_S5_PT0_S7_PKlllllliiiPKfSB_i
0x55ead5e0	3	0x6165b5e0	46085	805100575522961	0	564	0x0	0x0	2	1	1	512	1	1	2	_ZN4vllm30reshape_and_cache_flash_kernelI13__nv_bfloat16S1_LNS_18Fp8KVCacheDataTypeE0EEEvPKT_S5_PT0_S7_PKlllllliiiPKfSB_i
0x55ead5e0	3	0x616625e0	46099	805100575533265	0	564	0x0	0x0	2	1	1	512	1	1	2	_ZN4vllm30reshape_and_cache_flash_kernelI13__nv_bfloat16S1_LNS_18Fp8KVCacheDataTypeE0EEEvPKT_S5_PT0_S7_PKlllllliiiPKfSB_i
0x55ead5e0	3	0x616695f0	46113	805100575544113	0	564	0x0	0x0	2	1	1	512	1	1	2	_ZN4vllm30reshape_and_cache_flash_kernelI13__nv_bfloat16S1_LNS_18Fp8KVCacheDataTypeE0EEEvPKT_S5_PT0_S7_PKlllllliiiPKfSB_i
0x55ead5e0	3	0x616705f0	46127	805100575555777	0	564	0x0	0x0	2	1	1	512	1	1	2	_ZN4vllm30reshape_and_cache_flash_kernelI13__nv_bfloat16S1_LNS_18Fp8KVCacheDataTypeE0EEEvPKT_S5_PT0_S7_PKlllllliiiPKfSB_i
0x55ead5e0	3	0x616775f0	46141	805100575567873	0	564	0x0	0x0	2	1	1	512	1	1	2	_ZN4vllm30reshape_and_cache_flash_kernelI13__nv_bfloat16S1_LNS_18Fp8KVCacheDataTypeE0EEEvPKT_S5_PT0_S7_PKlllllliiiPKfSB_i
0x55ead5e0	3	0x6167e5f0	46155	805100575579745	0	564	0x0	0x0	2	1	1	512	1	1	2	_ZN4vllm30reshape_and_cache_flash_kernelI13__nv_bfloat16S1_LNS_18Fp8KVCacheDataTypeE0EEEvPKT_S5_PT0_S7_PKlllllliiiPKfSB_i
0x55ead5e0	3	0x616855f0	46169	805100575592785	0	564	0x0	0x0	2	1	1	512	1	1	2	_ZN4vllm30reshape_and_cache_flash_kernelI13__nv_bfloat16S1_LNS_18Fp8KVCacheDataTypeE0EEEvPKT_S5_PT0_S7_PKlllllliiiPKfSB_i
0x55ead5e0	3	0x6168c5f0	46183	805100575604945	0	564	0x0	0x0	2	1	1	512	1	1	2	_ZN4vllm30reshape_and_cache_flash_kernelI13__nv_bfloat16S1_LNS_18Fp8KVCacheDataTypeE0EEEvPKT_S5_PT0_S7_PKlllllliiiPKfSB_i
0x55ead5e0	4	0x61576830	45637	805100695366067	0	564	0x0	0x0	2	1	1	512	1	1	2	_ZN4vllm30reshape_and_cache_flash_kernelI13__nv_bfloat16S1_LNS_18Fp8KVCacheDataTypeE0EEEvPKT_S5_PT0_S7_PKlllllliiiPKfSB_i
0x55ead5e0	4	0x6157d830	45651	805100695408067	0	564	0x0	0x0	2	1	1	512	1	1	2	_ZN4vllm30reshape_and_cache_flash_kernelI13__nv_bfloat16S1_LNS_18Fp8KVCacheDataTypeE0EEEvPKT_S5_PT0_S7_PKlllllliiiPKfSB_i
0x55ead5e0	4	0x61584830	45665	805100695433907	0	564	0x0	0x0	2	1	1	512	1	1	2	_ZN4vllm30reshape_and_cache_flash_kernelI13__nv_bfloat16S1_LNS_18Fp8KVCacheDataTypeE0EEEvPKT_S5_PT0_S7_PKlllllliiiPKfSB_i
0x55ead5e0	4	0x6158b830	45679	805100695449699	0	564	0x0	0x0	2	1	1	512	1	1	2	_ZN4vllm30reshape_and_cache_flash_kernelI13__nv_bfloat16S1_LNS_18Fp8KVCacheDataTypeE0EEEvPKT_S5_PT0_S7_PKlllllliiiPKfSB_i
0x55ead5e0	4	0x61592830	45693	805100695464067	0	564	0x0	0x0	2	1	1	512	1	1	2	_ZN4vllm30reshape_and_cache_flash_kernelI13__nv_bfloat16S1_LNS_18Fp8KVCacheDataTypeE0EEEvPKT_S5_PT0_S7_PKlllllliiiPKfSB_i
0x55ead5e0	4	0x61599830	45707	805100695475763	0	564	0x0	0x0	2	1	1	512	1	1	2	_ZN4vllm30reshape_and_cache_flash_kernelI13__nv_bfloat16S1_LNS_18Fp8KVCacheDataTypeE0EEEvPKT_S5_PT0_S7_PKlllllliiiPKfSB_i
0x55ead5e0	4	0x615a0830	45721	805100695501107	0	564	0x0	0x0	2	1	1	512	1	1	2	_ZN4vllm30reshape_and_cache_flash_kernelI13__nv_bfloat16S1_LNS_18Fp8KVCacheDataTypeE0EEEvPKT_S5_PT0_S7_PKlllllliiiPKfSB_i
0x55ead5e0	4	0x615ac5c0	45735	805100695515923	0	564	0x0	0x0	2	1	1	512	1	1	2	_ZN4vllm30reshape_and_cache_flash_kernelI13__nv_bfloat16S1_LNS_18Fp8KVCacheDataTypeE0EEEvPKT_S5_PT0_S7_PKlllllliiiPKfSB_i
0x55ead5e0	4	0x615b35c0	45749	805100695528691	0	564	0x0	0x0	2	1	1	512	1	1	2	_ZN4vllm30reshape_and_cache_flash_kernelI13__nv_bfloat16S1_LNS_18Fp8KVCacheDataTypeE0EEEvPKT_S5_PT0_S7_PKlllllliiiPKfSB_i
0x55ead5e0	4	0x615ba5c0	45763	805100695540051	0	564	0x0	0x0	2	1	1	512	1	1	2	_ZN4vllm30reshape_and_cache_flash_kernelI13__nv_bfloat16S1_LNS_18Fp8KVCacheDataTypeE0EEEvPKT_S5_PT0_S7_PKlllllliiiPKfSB_i
0x55ead5e0	4	0x615c15c0	45777	805100695551027	0	564	0x0	0x0	2	1	1	512	1	1	2	_ZN4vllm30reshape_and_cache_flash_kernelI13__nv_bfloat16S1_LNS_18Fp8KVCacheDataTypeE0EEEvPKT_S5_PT0_S7_PKlllllliiiPKfSB_i
0x55ead5e0	4	0x615c85c0	45791	805100695563699	0	564	0x0	0x0	2	1	1	512	1	1	2	_ZN4vllm30reshape_and_cache_flash_kernelI13__nv_bfloat16S1_LNS_18Fp8KVCacheDataTypeE0EEEvPKT_S5_PT0_S7_PKlllllliiiPKfSB_i
0x55ead5e0	4	0x615cf5c0	45805	805100695576771	0	564	0x0	0x0	2	1	1	512	1	1	2	_ZN4vllm30reshape_and_cache_flash_kernelI13__nv_bfloat16S1_LNS_18Fp8KVCacheDataTypeE0EEEvPKT_S5_PT0_S7_PKlllllliiiPKfSB_i
0x55ead5e0	4	0x615d65c0	45819	805100695589891	0	564	0x0	0x0	2	1	1	512	1	1	2	_ZN4vllm30reshape_and_cache_flash_kernelI13__nv_bfloat16S1_LNS_18Fp8KVCacheDataTypeE0EEEvPKT_S5_PT0_S7_PKlllllliiiPKfSB_i
0x55ead5e0	4	0x615dd5c0	45833	805100695601555	0	564	0x0	0x0	2	1	1	512	1	1	2	_ZN4vllm30reshape_and_cache_flash_kernelI13__nv_bfloat16S1_LNS_18Fp8KVCacheDataTypeE0EEEvPKT_S5_PT0_S7_PKlllllliiiPKfSB_i
0x55ead5e0	4	0x615e45c0	45847	805100695612499	0	564	0x0	0x0	2	1	1	512	1	1	2	_ZN4vllm30reshape_and_cache_flash_kernelI13__nv_bfloat16S1_LNS_18Fp8KVCacheDataTypeE0EEEvPKT_S5_PT0_S7_PKlllllliiiPKfSB_i
0x55ead5e0	4	0x615eb5d0	45861	805100695623315	0	564	0x0	0x0	2	1	1	512	1	1	2	_ZN4vllm30reshape_and_cache_flash_kernelI13__nv_bfloat16S1_LNS_18Fp8KVCacheDataTypeE0EEEvPKT_S5_PT0_S7_PKlllllliiiPKfSB_i
0x55ead5e0	4	0x615f25d0	45875	805100695634483	0	564	0x0	0x0	2	1	1	512	1	1	2	_ZN4vllm30reshape_and_cache_flash_kernelI13__nv_bfloat16S1_LNS_18Fp8KVCacheDataTypeE0EEEvPKT_S5_PT0_S7_PKlllllliiiPKfSB_i
0x55ead5e0	4	0x615f95d0	45889	805100695643971	0	564	0x0	0x0	2	1	1	512	1	1	2	_ZN4vllm30reshape_and_cache_flash_kernelI13__nv_bfloat16S1_LNS_18Fp8KVCacheDataTypeE0EEEvPKT_S5_PT0_S7_PKlllllliiiPKfSB_i
0x55ead5e0	4	0x616005d0	45903	805100695654899	0	564	0x0	0x0	2	1	1	512	1	1	2	_ZN4vllm30reshape_and_cache_flash_kernelI13__nv_bfloat16S1_LNS_18Fp8KVCacheDataTypeE0EEEvPKT_S5_PT0_S7_PKlllllliiiPKfSB_i
0x55ead5e0	4	0x616075d0	45917	805100695664643	0	564	0x0	0x0	2	1	1	512	1	1	2	_ZN4vllm30reshape_and_cache_flash_kernelI13__nv_bfloat16S1_LNS_18Fp8KVCacheDataTypeE0EEEvPKT_S5_PT0_S7_PKlllllliiiPKfSB_i
0x55ead5e0	4	0x6160e5d0	45931	805100695674851	0	564	0x0	0x0	2	1	1	512	1	1	2	_ZN4vllm30reshape_and_cache_flash_kernelI13__nv_bfloat16S1_LNS_18Fp8KVCacheDataTypeE0EEEvPKT_S5_PT0_S7_PKlllllliiiPKfSB_i
0x55ead5e0	4	0x616155d0	45945	805100695683731	0	564	0x0	0x0	2	1	1	512	1	1	2	_ZN4vllm30reshape_and_cache_flash_kernelI13__nv_bfloat16S1_LNS_18Fp8KVCacheDataTypeE0EEEvPKT_S5_PT0_S7_PKlllllliiiPKfSB_i
0x55ead5e0	4	0x6161c5d0	45959	805100695693283	0	564	0x0	0x0	2	1	1	512	1	1	2	_ZN4vllm30reshape_and_cache_flash_kernelI13__nv_bfloat16S1_LNS_18Fp8KVCacheDataTypeE0EEEvPKT_S5_PT0_S7_PKlllllliiiPKfSB_i
0x55ead5e0	4	0x616235d0	45973	805100695704819	0	564	0x0	0x0	2	1	1	512	1	1	2	_ZN4vllm30reshape_and_cache_flash_kernelI13__nv_bfloat16S1_LNS_18Fp8KVCacheDataTypeE0EEEvPKT_S5_PT0_S7_PKlllllliiiPKfSB_i
0x55ead5e0	4	0x6162a5e0	45987	805100695715379	0	564	0x0	0x0	2	1	1	512	1	1	2	_ZN4vllm30reshape_and_cache_flash_kernelI13__nv_bfloat16S1_LNS_18Fp8KVCacheDataTypeE0EEEvPKT_S5_PT0_S7_PKlllllliiiPKfSB_i
0x55ead5e0	4	0x616315e0	46001	805100695726019	0	564	0x0	0x0	2	1	1	512	1	1	2	_ZN4vllm30reshape_and_cache_flash_kernelI13__nv_bfloat16S1_LNS_18Fp8KVCacheDataTypeE0EEEvPKT_S5_PT0_S7_PKlllllliiiPKfSB_i
0x55ead5e0	4	0x616385e0	46015	805100695736947	0	564	0x0	0x0	2	1	1	512	1	1	2	_ZN4vllm30reshape_and_cache_flash_kernelI13__nv_bfloat16S1_LNS_18Fp8KVCacheDataTypeE0EEEvPKT_S5_PT0_S7_PKlllllliiiPKfSB_i
0x55ead5e0	4	0x6163f5e0	46029	805100695749731	0	564	0x0	0x0	2	1	1	512	1	1	2	_ZN4vllm30reshape_and_cache_flash_kernelI13__nv_bfloat16S1_LNS_18Fp8KVCacheDataTypeE0EEEvPKT_S5_PT0_S7_PKlllllliiiPKfSB_i
0x55ead5e0	4	0x616465e0	46043	805100695762227	0	564	0x0	0x0	2	1	1	512	1	1	2	_ZN4vllm30reshape_and_cache_flash_kernelI13__nv_bfloat16S1_LNS_18Fp8KVCacheDataTypeE0EEEvPKT_S5_PT0_S7_PKlllllliiiPKfSB_i
0x55ead5e0	4	0x6164d5e0	46057	805100695774707	0	564	0x0	0x0	2	1	1	512	1	1	2	_ZN4vllm30reshape_and_cache_flash_kernelI13__nv_bfloat16S1_LNS_18Fp8KVCacheDataTypeE0EEEvPKT_S5_PT0_S7_PKlllllliiiPKfSB_i
0x55ead5e0	4	0x616545e0	46071	805100695786307	0	564	0x0	0x0	2	1	1	512	1	1	2	_ZN4vllm30reshape_and_cache_flash_kernelI13__nv_bfloat16S1_LNS_18Fp8KVCacheDataTypeE0EEEvPKT_S5_PT0_S7_PKlllllliiiPKfSB_i
0x55ead5e0	4	0x6165b5e0	46085	805100695796531	0	564	0x0	0x0	2	1	1	512	1	1	2	_ZN4vllm30reshape_and_cache_flash_kernelI13__nv_bfloat16S1_LNS_18Fp8KVCacheDataTypeE0EEEvPKT_S5_PT0_S7_PKlllllliiiPKfSB_i
0x55ead5e0	4	0x616625e0	46099	805100695806947	0	564	0x0	0x0	2	1	1	512	1	1	2	_ZN4vllm30reshape_and_cache_flash_kernelI13__nv_bfloat16S1_LNS_18Fp8KVCacheDataTypeE0EEEvPKT_S5_PT0_S7_PKlllllliiiPKfSB_i
0x55ead5e0	4	0x616695f0	46113	805100695817523	0	564	0x0	0x0	2	1	1	512	1	1	2	_ZN4vllm30reshape_and_cache_flash_kernelI13__nv_bfloat16S1_LNS_18Fp8KVCacheDataTypeE0EEEvPKT_S5_PT0_S7_PKlllllliiiPKfSB_i
0x55ead5e0	4	0x616705f0	46127	805100695827187	0	564	0x0	0x0	2	1	1	512	1	1	2	_ZN4vllm30reshape_and_cache_flash_kernelI13__nv_bfloat16S1_LNS_18Fp8KVCacheDataTypeE0EEEvPKT_S5_PT0_S7_PKlllllliiiPKfSB_i
0x55ead5e0	4	0x616775f0	46141	805100695837251	0	564	0x0	0x0	2	1	1	512	1	1	2	_ZN4vllm30reshape_and_cache_flash_kernelI13__nv_bfloat16S1_LNS_18Fp8KVCacheDataTypeE0EEEvPKT_S5_PT0_S7_PKlllllliiiPKfSB_i
0x55ead5e0	4	0x6167e5f0	46155	805100695846771	0	564	0x0	0x0	2	1	1	512	1	1	2	_ZN4vllm30reshape_and_cache_flash_kernelI13__nv_bfloat16S1_LNS_18Fp8KVCacheDataTypeE0EEEvPKT_S5_PT0_S7_PKlllllliiiPKfSB_i
0x55ead5e0	4	0x616855f0	46169	805100695858259	0	564	0x0	0x0	2	1	1	512	1	1	2	_ZN4vllm30reshape_and_cache_flash_kernelI13__nv_bfloat16S1_LNS_18Fp8KVCacheDataTypeE0EEEvPKT_S5_PT0_S7_PKlllllliiiPKfSB_i
0x55ead5e0	4	0x6168c5f0	46183	805100695870179	0	564	0x0	0x0	2	1	1	512	1	1	2	_ZN4vllm30reshape_and_cache_flash_kernelI13__nv_bfloat16S1_LNS_18Fp8KVCacheDataTypeE0EEEvPKT_S5_PT0_S7_PKlllllliiiPKfSB_i
0x55cd0090	2	0x618a9560	46684	805100815185286	0	564	0x0	0x0	1	1	1	512	1	1	1	_ZN4vllm30reshape_and_cache_flash_kernelI13__nv_bfloat16S1_LNS_18Fp8KVCacheDataTypeE0EEEvPKT_S5_PT0_S7_PKlllllliiiPKfSB_i
0x55cd0090	2	0x618afd60	46697	805100815224374	0	564	0x0	0x0	1	1	1	512	1	1	1	_ZN4vllm30reshape_and_cache_flash_kernelI13__nv_bfloat16S1_LNS_18Fp8KVCacheDataTypeE0EEEvPKT_S5_PT0_S7_PKlllllliiiPKfSB_i
0x55cd0090	2	0x618b6560	46710	805100815249141	0	564	0x0	0x0	1	1	1	512	1	1	1	_ZN4vllm30reshape_and_cache_flash_kernelI13__nv_bfloat16S1_LNS_18Fp8KVCacheDataTypeE0EEEvPKT_S5_PT0_S7_PKlllllliiiPKfSB_i
0x55cd0090	2	0x618bcd60	46723	805100815271605	0	564	0x0	0x0	1	1	1	512	1	1	1	_ZN4vllm30reshape_and_cache_flash_kernelI13__nv_bfloat16S1_LNS_18Fp8KVCacheDataTypeE0EEEvPKT_S5_PT0_S7_PKlllllliiiPKfSB_i
0x55cd0090	2	0x618c3560	46736	805100815291317	0	564	0x0	0x0	1	1	1	512	1	1	1	_ZN4vllm30reshape_and_cache_flash_kernelI13__nv_bfloat16S1_LNS_18Fp8KVCacheDataTypeE0EEEvPKT_S5_PT0_S7_PKlllllliiiPKfSB_i
0x55cd0090	2	0x618c9d60	46749	805100815308773	0	564	0x0	0x0	1	1	1	512	1	1	1	_ZN4vllm30reshape_and_cache_flash_kernelI13__nv_bfloat16S1_LNS_18Fp8KVCacheDataTypeE0EEEvPKT_S5_PT0_S7_PKlllllliiiPKfSB_i
0x55cd0090	2	0x618d4ef0	46762	805100815323381	0	564	0x0	0x0	1	1	1	512	1	1	1	_ZN4vllm30reshape_and_cache_flash_kernelI13__nv_bfloat16S1_LNS_18Fp8KVCacheDataTypeE0EEEvPKT_S5_PT0_S7_PKlllllliiiPKfSB_i
0x55cd0090	2	0x618db6f0	46775	805100815335973	0	564	0x0	0x0	1	1	1	512	1	1	1	_ZN4vllm30reshape_and_cache_flash_kernelI13__nv_bfloat16S1_LNS_18Fp8KVCacheDataTypeE0EEEvPKT_S5_PT0_S7_PKlllllliiiPKfSB_i
0x55cd0090	2	0x618e1ef0	46788	805100815348677	0	564	0x0	0x0	1	1	1	512	1	1	1	_ZN4vllm30reshape_and_cache_flash_kernelI13__nv_bfloat16S1_LNS_18Fp8KVCacheDataTypeE0EEEvPKT_S5_PT0_S7_PKlllllliiiPKfSB_i
0x55cd0090	2	0x618e86f0	46801	805100815383669	0	564	0x0	0x0	1	1	1	512	1	1	1	_ZN4vllm30reshape_and_cache_flash_kernelI13__nv_bfloat16S1_LNS_18Fp8KVCacheDataTypeE0EEEvPKT_S5_PT0_S7_PKlllllliiiPKfSB_i
0x55cd0090	2	0x618eeef0	46814	805100815394885	0	564	0x0	0x0	1	1	1	512	1	1	1	_ZN4vllm30reshape_and_cache_flash_kernelI13__nv_bfloat16S1_LNS_18Fp8KVCacheDataTypeE0EEEvPKT_S5_PT0_S7_PKlllllliiiPKfSB_i
0x55cd0090	2	0x618f56f0	46827	805100815407141	0	564	0x0	0x0	1	1	1	512	1	1	1	_ZN4vllm30reshape_and_cache_flash_kernelI13__nv_bfloat16S1_LNS_18Fp8KVCacheDataTypeE0EEEvPKT_S5_PT0_S7_PKlllllliiiPKfSB_i
0x55cd0090	2	0x618fbef0	46840	805100815418773	0	564	0x0	0x0	1	1	1	512	1	1	1	_ZN4vllm30reshape_and_cache_flash_kernelI13__nv_bfloat16S1_LNS_18Fp8KVCacheDataTypeE0EEEvPKT_S5_PT0_S7_PKlllllliiiPKfSB_i
0x55cd0090	2	0x619026f0	46853	805100815430357	0	564	0x0	0x0	1	1	1	512	1	1	1	_ZN4vllm30reshape_and_cache_flash_kernelI13__nv_bfloat16S1_LNS_18Fp8KVCacheDataTypeE0EEEvPKT_S5_PT0_S7_PKlllllliiiPKfSB_i
0x55cd0090	2	0x61908ef0	46866	805100815440517	0	564	0x0	0x0	1	1	1	512	1	1	1	_ZN4vllm30reshape_and_cache_flash_kernelI13__nv_bfloat16S1_LNS_18Fp8KVCacheDataTypeE0EEEvPKT_S5_PT0_S7_PKlllllliiiPKfSB_i
0x55cd0090	2	0x6190f6f0	46879	805100815450549	0	564	0x0	0x0	1	1	1	512	1	1	1	_ZN4vllm30reshape_and_cache_flash_kernelI13__nv_bfloat16S1_LNS_18Fp8KVCacheDataTypeE0EEEvPKT_S5_PT0_S7_PKlllllliiiPKfSB_i
0x55cd0090	2	0x61915f00	46892	805100815461573	0	564	0x0	0x0	1	1	1	512	1	1	1	_ZN4vllm30reshape_and_cache_flash_kernelI13__nv_bfloat16S1_LNS_18Fp8KVCacheDataTypeE0EEEvPKT_S5_PT0_S7_PKlllllliiiPKfSB_i
0x55cd0090	2	0x6191c700	46905	805100815471685	0	564	0x0	0x0	1	1	1	512	1	1	1	_ZN4vllm30reshape_and_cache_flash_kernelI13__nv_bfloat16S1_LNS_18Fp8KVCacheDataTypeE0EEEvPKT_S5_PT0_S7_PKlllllliiiPKfSB_i
0x55cd0090	2	0x61922f00	46918	805100815482901	0	564	0x0	0x0	1	1	1	512	1	1	1	_ZN4vllm30reshape_and_cache_flash_kernelI13__nv_bfloat16S1_LNS_18Fp8KVCacheDataTypeE0EEEvPKT_S5_PT0_S7_PKlllllliiiPKfSB_i
0x55cd0090	2	0x61929700	46931	805100815493237	0	564	0x0	0x0	1	1	1	512	1	1	1	_ZN4vllm30reshape_and_cache_flash_kernelI13__nv_bfloat16S1_LNS_18Fp8KVCacheDataTypeE0EEEvPKT_S5_PT0_S7_PKlllllliiiPKfSB_i
0x55cd0090	2	0x6192ff00	46944	805100815503637	0	564	0x0	0x0	1	1	1	512	1	1	1	_ZN4vllm30reshape_and_cache_flash_kernelI13__nv_bfloat16S1_LNS_18Fp8KVCacheDataTypeE0EEEvPKT_S5_PT0_S7_PKlllllliiiPKfSB_i
0x55cd0090	2	0x61936700	46957	805100815514437	0	564	0x0	0x0	1	1	1	512	1	1	1	_ZN4vllm30reshape_and_cache_flash_kernelI13__nv_bfloat16S1_LNS_18Fp8KVCacheDataTypeE0EEEvPKT_S5_PT0_S7_PKlllllliiiPKfSB_i
0x55cd0090	2	0x6193cf00	46970	805100815525989	0	564	0x0	0x0	1	1	1	512	1	1	1	_ZN4vllm30reshape_and_cache_flash_kernelI13__nv_bfloat16S1_LNS_18Fp8KVCacheDataTypeE0EEEvPKT_S5_PT0_S7_PKlllllliiiPKfSB_i
0x55cd0090	2	0x61943700	46983	805100815537893	0	564	0x0	0x0	1	1	1	512	1	1	1	_ZN4vllm30reshape_and_cache_flash_kernelI13__nv_bfloat16S1_LNS_18Fp8KVCacheDataTypeE0EEEvPKT_S5_PT0_S7_PKlllllliiiPKfSB_i
0x55cd0090	2	0x61949f00	46996	805100815549381	0	564	0x0	0x0	1	1	1	512	1	1	1	_ZN4vllm30reshape_and_cache_flash_kernelI13__nv_bfloat16S1_LNS_18Fp8KVCacheDataTypeE0EEEvPKT_S5_PT0_S7_PKlllllliiiPKfSB_i
0x55cd0090	2	0x61950700	47009	805100815562165	0	564	0x0	0x0	1	1	1	512	1	1	1	_ZN4vllm30reshape_and_cache_flash_kernelI13__nv_bfloat16S1_LNS_18Fp8KVCacheDataTypeE0EEEvPKT_S5_PT0_S7_PKlllllliiiPKfSB_i
0x55cd0090	2	0x61956f10	47022	805100815574885	0	564	0x0	0x0	1	1	1	512	1	1	1	_ZN4vllm30reshape_and_cache_flash_kernelI13__nv_bfloat16S1_LNS_18Fp8KVCacheDataTypeE0EEEvPKT_S5_PT0_S7_PKlllllliiiPKfSB_i
0x55cd0090	2	0x6195d710	47035	805100815589781	0	564	0x0	0x0	1	1	1	512	1	1	1	_ZN4vllm30reshape_and_cache_flash_kernelI13__nv_bfloat16S1_LNS_18Fp8KVCacheDataTypeE0EEEvPKT_S5_PT0_S7_PKlllllliiiPKfSB_i
0x55cd0090	2	0x61963f10	47048	805100815603317	0	564	0x0	0x0	1	1	1	512	1	1	1	_ZN4vllm30reshape_and_cache_flash_kernelI13__nv_bfloat16S1_LNS_18Fp8KVCacheDataTypeE0EEEvPKT_S5_PT0_S7_PKlllllliiiPKfSB_i
0x55cd0090	2	0x6196a710	47061	805100815616037	0	564	0x0	0x0	1	1	1	512	1	1	1	_ZN4vllm30reshape_and_cache_flash_kernelI13__nv_bfloat16S1_LNS_18Fp8KVCacheDataTypeE0EEEvPKT_S5_PT0_S7_PKlllllliiiPKfSB_i
0x55cd0090	2	0x61970f10	47074	805100815628597	0	564	0x0	0x0	1	1	1	512	1	1	1	_ZN4vllm30reshape_and_cache_flash_kernelI13__nv_bfloat16S1_LNS_18Fp8KVCacheDataTypeE0EEEvPKT_S5_PT0_S7_PKlllllliiiPKfSB_i
0x55cd0090	2	0x61977710	47087	805100815639045	0	564	0x0	0x0	1	1	1	512	1	1	1	_ZN4vllm30reshape_and_cache_flash_kernelI13__nv_bfloat16S1_LNS_18Fp8KVCacheDataTypeE0EEEvPKT_S5_PT0_S7_PKlllllliiiPKfSB_i
0x55cd0090	2	0x6197df10	47100	805100815649989	0	564	0x0	0x0	1	1	1	512	1	1	1	_ZN4vllm30reshape_and_cache_flash_kernelI13__nv_bfloat16S1_LNS_18Fp8KVCacheDataTypeE0EEEvPKT_S5_PT0_S7_PKlllllliiiPKfSB_i
0x55cd0090	2	0x61984710	47113	805100815660261	0	564	0x0	0x0	1	1	1	512	1	1	1	_ZN4vllm30reshape_and_cache_flash_kernelI13__nv_bfloat16S1_LNS_18Fp8KVCacheDataTypeE0EEEvPKT_S5_PT0_S7_PKlllllliiiPKfSB_i
0x55cd0090	2	0x6198af10	47126	805100815671301	0	564	0x0	0x0	1	1	1	512	1	1	1	_ZN4vllm30reshape_and_cache_flash_kernelI13__nv_bfloat16S1_LNS_18Fp8KVCacheDataTypeE0EEEvPKT_S5_PT0_S7_PKlllllliiiPKfSB_i
0x55cd0090	2	0x61991720	47139	805100815681589	0	564	0x0	0x0	1	1	1	512	1	1	1	_ZN4vllm30reshape_and_cache_flash_kernelI13__nv_bfloat16S1_LNS_18Fp8KVCacheDataTypeE0EEEvPKT_S5_PT0_S7_PKlllllliiiPKfSB_i
0x55cd0090	2	0x61997f20	47152	805100815692565	0	564	0x0	0x0	1	1	1	512	1	1	1	_ZN4vllm30reshape_and_cache_flash_kernelI13__nv_bfloat16S1_LNS_18Fp8KVCacheDataTypeE0EEEvPKT_S5_PT0_S7_PKlllllliiiPKfSB_i
0x55cd0090	2	0x6199e720	47165	805100815701861	0	564	0x0	0x0	1	1	1	512	1	1	1	_ZN4vllm30reshape_and_cache_flash_kernelI13__nv_bfloat16S1_LNS_18Fp8KVCacheDataTypeE0EEEvPKT_S5_PT0_S7_PKlllllliiiPKfSB_i
0x55cd0090	2	0x619a4f20	47178	805100815710277	0	564	0x0	0x0	1	1	1	512	1	1	1	_ZN4vllm30reshape_and_cache_flash_kernelI13__nv_bfloat16S1_LNS_18Fp8KVCacheDataTypeE0EEEvPKT_S5_PT0_S7_PKlllllliiiPKfSB_i
0x55cd0090	2	0x619ab720	47191	805100815719365	0	564	0x0	0x0	1	1	1	512	1	1	1	_ZN4vllm30reshape_and_cache_flash_kernelI13__nv_bfloat16S1_LNS_18Fp8KVCacheDataTypeE0EEEvPKT_S5_PT0_S7_PKlllllliiiPKfSB_i
0x55cd0090	3	0x618a9560	46684	805100935171495	0	564	0x0	0x0	1	1	1	512	1	1	1	_ZN4vllm30reshape_and_cache_flash_kernelI13__nv_bfloat16S1_LNS_18Fp8KVCacheDataTypeE0EEEvPKT_S5_PT0_S7_PKlllllliiiPKfSB_i
0x55cd0090	3	0x618afd60	46697	805100935211639	0	564	0x0	0x0	1	1	1	512	1	1	1	_ZN4vllm30reshape_and_cache_flash_kernelI13__nv_bfloat16S1_LNS_18Fp8KVCacheDataTypeE0EEEvPKT_S5_PT0_S7_PKlllllliiiPKfSB_i
0x55cd0090	3	0x618b6560	46710	805100935234983	0	564	0x0	0x0	1	1	1	512	1	1	1	_ZN4vllm30reshape_and_cache_flash_kernelI13__nv_bfloat16S1_LNS_18Fp8KVCacheDataTypeE0EEEvPKT_S5_PT0_S7_PKlllllliiiPKfSB_i
0x55cd0090	3	0x618bcd60	46723	805100935258823	0	564	0x0	0x0	1	1	1	512	1	1	1	_ZN4vllm30reshape_and_cache_flash_kernelI13__nv_bfloat16S1_LNS_18Fp8KVCacheDataTypeE0EEEvPKT_S5_PT0_S7_PKlllllliiiPKfSB_i
0x55cd0090	3	0x618c3560	46736	805100935278215	0	564	0x0	0x0	1	1	1	512	1	1	1	_ZN4vllm30reshape_and_cache_flash_kernelI13__nv_bfloat16S1_LNS_18Fp8KVCacheDataTypeE0EEEvPKT_S5_PT0_S7_PKlllllliiiPKfSB_i
0x55cd0090	3	0x618c9d60	46749	805100935290647	0	564	0x0	0x0	1	1	1	512	1	1	1	_ZN4vllm30reshape_and_cache_flash_kernelI13__nv_bfloat16S1_LNS_18Fp8KVCacheDataTypeE0EEEvPKT_S5_PT0_S7_PKlllllliiiPKfSB_i
0x55cd0090	3	0x618d4ef0	46762	805100935304775	0	564	0x0	0x0	1	1	1	512	1	1	1	_ZN4vllm30reshape_and_cache_flash_kernelI13__nv_bfloat16S1_LNS_18Fp8KVCacheDataTypeE0EEEvPKT_S5_PT0_S7_PKlllllliiiPKfSB_i
0x55cd0090	3	0x618db6f0	46775	805100935318119	0	564	0x0	0x0	1	1	1	512	1	1	1	_ZN4vllm30reshape_and_cache_flash_kernelI13__nv_bfloat16S1_LNS_18Fp8KVCacheDataTypeE0EEEvPKT_S5_PT0_S7_PKlllllliiiPKfSB_i
0x55cd0090	3	0x618e1ef0	46788	805100935331879	0	564	0x0	0x0	1	1	1	512	1	1	1	_ZN4vllm30reshape_and_cache_flash_kernelI13__nv_bfloat16S1_LNS_18Fp8KVCacheDataTypeE0EEEvPKT_S5_PT0_S7_PKlllllliiiPKfSB_i
0x55cd0090	3	0x618e86f0	46801	805100935343511	0	564	0x0	0x0	1	1	1	512	1	1	1	_ZN4vllm30reshape_and_cache_flash_kernelI13__nv_bfloat16S1_LNS_18Fp8KVCacheDataTypeE0EEEvPKT_S5_PT0_S7_PKlllllliiiPKfSB_i
0x55cd0090	3	0x618eeef0	46814	805100935354199	0	564	0x0	0x0	1	1	1	512	1	1	1	_ZN4vllm30reshape_and_cache_flash_kernelI13__nv_bfloat16S1_LNS_18Fp8KVCacheDataTypeE0EEEvPKT_S5_PT0_S7_PKlllllliiiPKfSB_i
0x55cd0090	3	0x618f56f0	46827	805100935401079	0	564	0x0	0x0	1	1	1	512	1	1	1	_ZN4vllm30reshape_and_cache_flash_kernelI13__nv_bfloat16S1_LNS_18Fp8KVCacheDataTypeE0EEEvPKT_S5_PT0_S7_PKlllllliiiPKfSB_i
0x55cd0090	3	0x618fbef0	46840	805100935414759	0	564	0x0	0x0	1	1	1	512	1	1	1	_ZN4vllm30reshape_and_cache_flash_kernelI13__nv_bfloat16S1_LNS_18Fp8KVCacheDataTypeE0EEEvPKT_S5_PT0_S7_PKlllllliiiPKfSB_i
0x55cd0090	3	0x619026f0	46853	805100935428343	0	564	0x0	0x0	1	1	1	512	1	1	1	_ZN4vllm30reshape_and_cache_flash_kernelI13__nv_bfloat16S1_LNS_18Fp8KVCacheDataTypeE0EEEvPKT_S5_PT0_S7_PKlllllliiiPKfSB_i
0x55cd0090	3	0x61908ef0	46866	805100935438935	0	564	0x0	0x0	1	1	1	512	1	1	1	_ZN4vllm30reshape_and_cache_flash_kernelI13__nv_bfloat16S1_LNS_18Fp8KVCacheDataTypeE0EEEvPKT_S5_PT0_S7_PKlllllliiiPKfSB_i
0x55cd0090	3	0x6190f6f0	46879	805100935449303	0	564	0x0	0x0	1	1	1	512	1	1	1	_ZN4vllm30reshape_and_cache_flash_kernelI13__nv_bfloat16S1_LNS_18Fp8KVCacheDataTypeE0EEEvPKT_S5_PT0_S7_PKlllllliiiPKfSB_i
0x55cd0090	3	0x61915f00	46892	805100935462183	0	564	0x0	0x0	1	1	1	512	1	1	1	_ZN4vllm30reshape_and_cache_flash_kernelI13__nv_bfloat16S1_LNS_18Fp8KVCacheDataTypeE0EEEvPKT_S5_PT0_S7_PKlllllliiiPKfSB_i
0x55cd0090	3	0x6191c700	46905	805100935474135	0	564	0x0	0x0	1	1	1	512	1	1	1	_ZN4vllm30reshape_and_cache_flash_kernelI13__nv_bfloat16S1_LNS_18Fp8KVCacheDataTypeE0EEEvPKT_S5_PT0_S7_PKlllllliiiPKfSB_i
0x55cd0090	3	0x61922f00	46918	805100935484583	0	564	0x0	0x0	1	1	1	512	1	1	1	_ZN4vllm30reshape_and_cache_flash_kernelI13__nv_bfloat16S1_LNS_18Fp8KVCacheDataTypeE0EEEvPKT_S5_PT0_S7_PKlllllliiiPKfSB_i
0x55cd0090	3	0x61929700	46931	805100935494151	0	564	0x0	0x0	1	1	1	512	1	1	1	_ZN4vllm30reshape_and_cache_flash_kernelI13__nv_bfloat16S1_LNS_18Fp8KVCacheDataTypeE0EEEvPKT_S5_PT0_S7_PKlllllliiiPKfSB_i
0x55cd0090	3	0x6192ff00	46944	805100935503207	0	564	0x0	0x0	1	1	1	512	1	1	1	_ZN4vllm30reshape_and_cache_flash_kernelI13__nv_bfloat16S1_LNS_18Fp8KVCacheDataTypeE0EEEvPKT_S5_PT0_S7_PKlllllliiiPKfSB_i
0x55cd0090	3	0x61936700	46957	805100935513655	0	564	0x0	0x0	1	1	1	512	1	1	1	_ZN4vllm30reshape_and_cache_flash_kernelI13__nv_bfloat16S1_LNS_18Fp8KVCacheDataTypeE0EEEvPKT_S5_PT0_S7_PKlllllliiiPKfSB_i
0x55cd0090	3	0x6193cf00	46970	805100935524567	0	564	0x0	0x0	1	1	1	512	1	1	1	_ZN4vllm30reshape_and_cache_flash_kernelI13__nv_bfloat16S1_LNS_18Fp8KVCacheDataTypeE0EEEvPKT_S5_PT0_S7_PKlllllliiiPKfSB_i
0x55cd0090	3	0x61943700	46983	805100935534599	0	564	0x0	0x0	1	1	1	512	1	1	1	_ZN4vllm30reshape_and_cache_flash_kernelI13__nv_bfloat16S1_LNS_18Fp8KVCacheDataTypeE0EEEvPKT_S5_PT0_S7_PKlllllliiiPKfSB_i
0x55cd0090	3	0x61949f00	46996	805100935543911	0	564	0x0	0x0	1	1	1	512	1	1	1	_ZN4vllm30reshape_and_cache_flash_kernelI13__nv_bfloat16S1_LNS_18Fp8KVCacheDataTypeE0EEEvPKT_S5_PT0_S7_PKlllllliiiPKfSB_i
0x55cd0090	3	0x61950700	47009	805100935554359	0	564	0x0	0x0	1	1	1	512	1	1	1	_ZN4vllm30reshape_and_cache_flash_kernelI13__nv_bfloat16S1_LNS_18Fp8KVCacheDataTypeE0EEEvPKT_S5_PT0_S7_PKlllllliiiPKfSB_i
0x55cd0090	3	0x61956f10	47022	805100935564903	0	564	0x0	0x0	1	1	1	512	1	1	1	_ZN4vllm30reshape_and_cache_flash_kernelI13__nv_bfloat16S1_LNS_18Fp8KVCacheDataTypeE0EEEvPKT_S5_PT0_S7_PKlllllliiiPKfSB_i
0x55cd0090	3	0x6195d710	47035	805100935579478	0	564	0x0	0x0	1	1	1	512	1	1	1	_ZN4vllm30reshape_and_cache_flash_kernelI13__nv_bfloat16S1_LNS_18Fp8KVCacheDataTypeE0EEEvPKT_S5_PT0_S7_PKlllllliiiPKfSB_i
0x55cd0090	3	0x61963f10	47048	805100935591446	0	564	0x0	0x0	1	1	1	512	1	1	1	_ZN4vllm30reshape_and_cache_flash_kernelI13__nv_bfloat16S1_LNS_18Fp8KVCacheDataTypeE0EEEvPKT_S5_PT0_S7_PKlllllliiiPKfSB_i
0x55cd0090	3	0x6196a710	47061	805100935604678	0	564	0x0	0x0	1	1	1	512	1	1	1	_ZN4vllm30reshape_and_cache_flash_kernelI13__nv_bfloat16S1_LNS_18Fp8KVCacheDataTypeE0EEEvPKT_S5_PT0_S7_PKlllllliiiPKfSB_i
0x55cd0090	3	0x61970f10	47074	805100935617350	0	564	0x0	0x0	1	1	1	512	1	1	1	_ZN4vllm30reshape_and_cache_flash_kernelI13__nv_bfloat16S1_LNS_18Fp8KVCacheDataTypeE0EEEvPKT_S5_PT0_S7_PKlllllliiiPKfSB_i
0x55cd0090	3	0x61977710	47087	805100935628710	0	564	0x0	0x0	1	1	1	512	1	1	1	_ZN4vllm30reshape_and_cache_flash_kernelI13__nv_bfloat16S1_LNS_18Fp8KVCacheDataTypeE0EEEvPKT_S5_PT0_S7_PKlllllliiiPKfSB_i
0x55cd0090	3	0x6197df10	47100	805100935638726	0	564	0x0	0x0	1	1	1	512	1	1	1	_ZN4vllm30reshape_and_cache_flash_kernelI13__nv_bfloat16S1_LNS_18Fp8KVCacheDataTypeE0EEEvPKT_S5_PT0_S7_PKlllllliiiPKfSB_i
0x55cd0090	3	0x61984710	47113	805100935649366	0	564	0x0	0x0	1	1	1	512	1	1	1	_ZN4vllm30reshape_and_cache_flash_kernelI13__nv_bfloat16S1_LNS_18Fp8KVCacheDataTypeE0EEEvPKT_S5_PT0_S7_PKlllllliiiPKfSB_i
0x55cd0090	3	0x6198af10	47126	805100935659030	0	564	0x0	0x0	1	1	1	512	1	1	1	_ZN4vllm30reshape_and_cache_flash_kernelI13__nv_bfloat16S1_LNS_18Fp8KVCacheDataTypeE0EEEvPKT_S5_PT0_S7_PKlllllliiiPKfSB_i
0x55cd0090	3	0x61991720	47139	805100935669862	0	564	0x0	0x0	1	1	1	512	1	1	1	_ZN4vllm30reshape_and_cache_flash_kernelI13__nv_bfloat16S1_LNS_18Fp8KVCacheDataTypeE0EEEvPKT_S5_PT0_S7_PKlllllliiiPKfSB_i
0x55cd0090	3	0x61997f20	47152	805100935680630	0	564	0x0	0x0	1	1	1	512	1	1	1	_ZN4vllm30reshape_and_cache_flash_kernelI13__nv_bfloat16S1_LNS_18Fp8KVCacheDataTypeE0EEEvPKT_S5_PT0_S7_PKlllllliiiPKfSB_i
0x55cd0090	3	0x6199e720	47165	805100935691190	0	564	0x0	0x0	1	1	1	512	1	1	1	_ZN4vllm30reshape_and_cache_flash_kernelI13__nv_bfloat16S1_LNS_18Fp8KVCacheDataTypeE0EEEvPKT_S5_PT0_S7_PKlllllliiiPKfSB_i
0x55cd0090	3	0x619a4f20	47178	805100935701190	0	564	0x0	0x0	1	1	1	512	1	1	1	_ZN4vllm30reshape_and_cache_flash_kernelI13__nv_bfloat16S1_LNS_18Fp8KVCacheDataTypeE0EEEvPKT_S5_PT0_S7_PKlllllliiiPKfSB_i
0x55cd0090	3	0x619ab720	47191	805100935711382	0	564	0x0	0x0	1	1	1	512	1	1	1	_ZN4vllm30reshape_and_cache_flash_kernelI13__nv_bfloat16S1_LNS_18Fp8KVCacheDataTypeE0EEEvPKT_S5_PT0_S7_PKlllllliiiPKfSB_i
0x55cd0090	4	0x618a9560	46684	805101054521770	0	564	0x0	0x0	1	1	1	512	1	1	1	_ZN4vllm30reshape_and_cache_flash_kernelI13__nv_bfloat16S1_LNS_18Fp8KVCacheDataTypeE0EEEvPKT_S5_PT0_S7_PKlllllliiiPKfSB_i
0x55cd0090	4	0x618afd60	46697	805101054560874	0	564	0x0	0x0	1	1	1	512	1	1	1	_ZN4vllm30reshape_and_cache_flash_kernelI13__nv_bfloat16S1_LNS_18Fp8KVCacheDataTypeE0EEEvPKT_S5_PT0_S7_PKlllllliiiPKfSB_i
0x55cd0090	4	0x618b6560	46710	805101054587162	0	564	0x0	0x0	1	1	1	512	1	1	1	_ZN4vllm30reshape_and_cache_flash_kernelI13__nv_bfloat16S1_LNS_18Fp8KVCacheDataTypeE0EEEvPKT_S5_PT0_S7_PKlllllliiiPKfSB_i
0x55cd0090	4	0x618bcd60	46723	805101054611050	0	564	0x0	0x0	1	1	1	512	1	1	1	_ZN4vllm30reshape_and_cache_flash_kernelI13__nv_bfloat16S1_LNS_18Fp8KVCacheDataTypeE0EEEvPKT_S5_PT0_S7_PKlllllliiiPKfSB_i
0x55cd0090	4	0x618c3560	46736	805101054631066	0	564	0x0	0x0	1	1	1	512	1	1	1	_ZN4vllm30reshape_and_cache_flash_kernelI13__nv_bfloat16S1_LNS_18Fp8KVCacheDataTypeE0EEEvPKT_S5_PT0_S7_PKlllllliiiPKfSB_i
0x55cd0090	4	0x618c9d60	46749	805101054647914	0	564	0x0	0x0	1	1	1	512	1	1	1	_ZN4vllm30reshape_and_cache_flash_kernelI13__nv_bfloat16S1_LNS_18Fp8KVCacheDataTypeE0EEEvPKT_S5_PT0_S7_PKlllllliiiPKfSB_i
0x55cd0090	4	0x618d4ef0	46762	805101054663930	0	564	0x0	0x0	1	1	1	512	1	1	1	_ZN4vllm30reshape_and_cache_flash_kernelI13__nv_bfloat16S1_LNS_18Fp8KVCacheDataTypeE0EEEvPKT_S5_PT0_S7_PKlllllliiiPKfSB_i
0x55cd0090	4	0x618db6f0	46775	805101054680090	0	564	0x0	0x0	1	1	1	512	1	1	1	_ZN4vllm30reshape_and_cache_flash_kernelI13__nv_bfloat16S1_LNS_18Fp8KVCacheDataTypeE0EEEvPKT_S5_PT0_S7_PKlllllliiiPKfSB_i
0x55cd0090	4	0x618e1ef0	46788	805101054692666	0	564	0x0	0x0	1	1	1	512	1	1	1	_ZN4vllm30reshape_and_cache_flash_kernelI13__nv_bfloat16S1_LNS_18Fp8KVCacheDataTypeE0EEEvPKT_S5_PT0_S7_PKlllllliiiPKfSB_i
0x55cd0090	4	0x618e86f0	46801	805101054704730	0	564	0x0	0x0	1	1	1	512	1	1	1	_ZN4vllm30reshape_and_cache_flash_kernelI13__nv_bfloat16S1_LNS_18Fp8KVCacheDataTypeE0EEEvPKT_S5_PT0_S7_PKlllllliiiPKfSB_i
0x55cd0090	4	0x618eeef0	46814	805101054716650	0	564	0x0	0x0	1	1	1	512	1	1	1	_ZN4vllm30reshape_and_cache_flash_kernelI13__nv_bfloat16S1_LNS_18Fp8KVCacheDataTypeE0EEEvPKT_S5_PT0_S7_PKlllllliiiPKfSB_i
0x55cd0090	4	0x618f56f0	46827	805101054729434	0	564	0x0	0x0	1	1	1	512	1	1	1	_ZN4vllm30reshape_and_cache_flash_kernelI13__nv_bfloat16S1_LNS_18Fp8KVCacheDataTypeE0EEEvPKT_S5_PT0_S7_PKlllllliiiPKfSB_i
0x55cd0090	4	0x618fbef0	46840	805101054742842	0	564	0x0	0x0	1	1	1	512	1	1	1	_ZN4vllm30reshape_and_cache_flash_kernelI13__nv_bfloat16S1_LNS_18Fp8KVCacheDataTypeE0EEEvPKT_S5_PT0_S7_PKlllllliiiPKfSB_i
0x55cd0090	4	0x619026f0	46853	805101054755610	0	564	0x0	0x0	1	1	1	512	1	1	1	_ZN4vllm30reshape_and_cache_flash_kernelI13__nv_bfloat16S1_LNS_18Fp8KVCacheDataTypeE0EEEvPKT_S5_PT0_S7_PKlllllliiiPKfSB_i
0x55cd0090	4	0x61908ef0	46866	805101054792666	0	564	0x0	0x0	1	1	1	512	1	1	1	_ZN4vllm30reshape_and_cache_flash_kernelI13__nv_bfloat16S1_LNS_18Fp8KVCacheDataTypeE0EEEvPKT_S5_PT0_S7_PKlllllliiiPKfSB_i
0x55cd0090	4	0x6190f6f0	46879	805101054806106	0	564	0x0	0x0	1	1	1	512	1	1	1	_ZN4vllm30reshape_and_cache_flash_kernelI13__nv_bfloat16S1_LNS_18Fp8KVCacheDataTypeE0EEEvPKT_S5_PT0_S7_PKlllllliiiPKfSB_i
0x55cd0090	4	0x61915f00	46892	805101054820666	0	564	0x0	0x0	1	1	1	512	1	1	1	_ZN4vllm30reshape_and_cache_flash_kernelI13__nv_bfloat16S1_LNS_18Fp8KVCacheDataTypeE0EEEvPKT_S5_PT0_S7_PKlllllliiiPKfSB_i
0x55cd0090	4	0x6191c700	46905	805101054834442	0	564	0x0	0x0	1	1	1	512	1	1	1	_ZN4vllm30reshape_and_cache_flash_kernelI13__nv_bfloat16S1_LNS_18Fp8KVCacheDataTypeE0EEEvPKT_S5_PT0_S7_PKlllllliiiPKfSB_i
0x55cd0090	4	0x61922f00	46918	805101054846425	0	564	0x0	0x0	1	1	1	512	1	1	1	_ZN4vllm30reshape_and_cache_flash_kernelI13__nv_bfloat16S1_LNS_18Fp8KVCacheDataTypeE0EEEvPKT_S5_PT0_S7_PKlllllliiiPKfSB_i
0x55cd0090	4	0x61929700	46931	805101054856281	0	564	0x0	0x0	1	1	1	512	1	1	1	_ZN4vllm30reshape_and_cache_flash_kernelI13__nv_bfloat16S1_LNS_18Fp8KVCacheDataTypeE0EEEvPKT_S5_PT0_S7_PKlllllliiiPKfSB_i
0x55cd0090	4	0x6192ff00	46944	805101054868809	0	564	0x0	0x0	1	1	1	512	1	1	1	_ZN4vllm30reshape_and_cache_flash_kernelI13__nv_bfloat16S1_LNS_18Fp8KVCacheDataTypeE0EEEvPKT_S5_PT0_S7_PKlllllliiiPKfSB_i
0x55cd0090	4	0x61936700	46957	805101054881097	0	564	0x0	0x0	1	1	1	512	1	1	1	_ZN4vllm30reshape_and_cache_flash_kernelI13__nv_bfloat16S1_LNS_18Fp8KVCacheDataTypeE0EEEvPKT_S5_PT0_S7_PKlllllliiiPKfSB_i
0x55cd0090	4	0x6193cf00	46970	805101054895033	0	564	0x0	0x0	1	1	1	512	1	1	1	_ZN4vllm30reshape_and_cache_flash_kernelI13__nv_bfloat16S1_LNS_18Fp8KVCacheDataTypeE0EEEvPKT_S5_PT0_S7_PKlllllliiiPKfSB_i
0x55cd0090	4	0x61943700	46983	805101054907001	0	564	0x0	0x0	1	1	1	512	1	1	1	_ZN4vllm30reshape_and_cache_flash_kernelI13__nv_bfloat16S1_LNS_18Fp8KVCacheDataTypeE0EEEvPKT_S5_PT0_S7_PKlllllliiiPKfSB_i
0x55cd0090	4	0x61949f00	46996	805101054919385	0	564	0x0	0x0	1	1	1	512	1	1	1	_ZN4vllm30reshape_and_cache_flash_kernelI13__nv_bfloat16S1_LNS_18Fp8KVCacheDataTypeE0EEEvPKT_S5_PT0_S7_PKlllllliiiPKfSB_i
0x55cd0090	4	0x61950700	47009	805101054931209	0	564	0x0	0x0	1	1	1	512	1	1	1	_ZN4vllm30reshape_and_cache_flash_kernelI13__nv_bfloat16S1_LNS_18Fp8KVCacheDataTypeE0EEEvPKT_S5_PT0_S7_PKlllllliiiPKfSB_i
0x55cd0090	4	0x61956f10	47022	805101054941753	0	564	0x0	0x0	1	1	1	512	1	1	1	_ZN4vllm30reshape_and_cache_flash_kernelI13__nv_bfloat16S1_LNS_18Fp8KVCacheDataTypeE0EEEvPKT_S5_PT0_S7_PKlllllliiiPKfSB_i
0x55cd0090	4	0x6195d710	47035	805101054954969	0	564	0x0	0x0	1	1	1	512	1	1	1	_ZN4vllm30reshape_and_cache_flash_kernelI13__nv_bfloat16S1_LNS_18Fp8KVCacheDataTypeE0EEEvPKT_S5_PT0_S7_PKlllllliiiPKfSB_i
0x55cd0090	4	0x61963f10	47048	805101054967865	0	564	0x0	0x0	1	1	1	512	1	1	1	_ZN4vllm30reshape_and_cache_flash_kernelI13__nv_bfloat16S1_LNS_18Fp8KVCacheDataTypeE0EEEvPKT_S5_PT0_S7_PKlllllliiiPKfSB_i
0x55cd0090	4	0x6196a710	47061	805101054979161	0	564	0x0	0x0	1	1	1	512	1	1	1	_ZN4vllm30reshape_and_cache_flash_kernelI13__nv_bfloat16S1_LNS_18Fp8KVCacheDataTypeE0EEEvPKT_S5_PT0_S7_PKlllllliiiPKfSB_i
0x55cd0090	4	0x61970f10	47074	805101054991577	0	564	0x0	0x0	1	1	1	512	1	1	1	_ZN4vllm30reshape_and_cache_flash_kernelI13__nv_bfloat16S1_LNS_18Fp8KVCacheDataTypeE0EEEvPKT_S5_PT0_S7_PKlllllliiiPKfSB_i
0x55cd0090	4	0x61977710	47087	805101055009177	0	564	0x0	0x0	1	1	1	512	1	1	1	_ZN4vllm30reshape_and_cache_flash_kernelI13__nv_bfloat16S1_LNS_18Fp8KVCacheDataTypeE0EEEvPKT_S5_PT0_S7_PKlllllliiiPKfSB_i
0x55cd0090	4	0x6197df10	47100	805101055021577	0	564	0x0	0x0	1	1	1	512	1	1	1	_ZN4vllm30reshape_and_cache_flash_kernelI13__nv_bfloat16S1_LNS_18Fp8KVCacheDataTypeE0EEEvPKT_S5_PT0_S7_PKlllllliiiPKfSB_i
0x55cd0090	4	0x61984710	47113	805101055033769	0	564	0x0	0x0	1	1	1	512	1	1	1	_ZN4vllm30reshape_and_cache_flash_kernelI13__nv_bfloat16S1_LNS_18Fp8KVCacheDataTypeE0EEEvPKT_S5_PT0_S7_PKlllllliiiPKfSB_i
0x55cd0090	4	0x6198af10	47126	805101055045001	0	564	0x0	0x0	1	1	1	512	1	1	1	_ZN4vllm30reshape_and_cache_flash_kernelI13__nv_bfloat16S1_LNS_18Fp8KVCacheDataTypeE0EEEvPKT_S5_PT0_S7_PKlllllliiiPKfSB_i
0x55cd0090	4	0x61991720	47139	805101055058185	0	564	0x0	0x0	1	1	1	512	1	1	1	_ZN4vllm30reshape_and_cache_flash_kernelI13__nv_bfloat16S1_LNS_18Fp8KVCacheDataTypeE0EEEvPKT_S5_PT0_S7_PKlllllliiiPKfSB_i
0x55cd0090	4	0x61997f20	47152	805101055069065	0	564	0x0	0x0	1	1	1	512	1	1	1	_ZN4vllm30reshape_and_cache_flash_kernelI13__nv_bfloat16S1_LNS_18Fp8KVCacheDataTypeE0EEEvPKT_S5_PT0_S7_PKlllllliiiPKfSB_i
0x55cd0090	4	0x6199e720	47165	805101055080073	0	564	0x0	0x0	1	1	1	512	1	1	1	_ZN4vllm30reshape_and_cache_flash_kernelI13__nv_bfloat16S1_LNS_18Fp8KVCacheDataTypeE0EEEvPKT_S5_PT0_S7_PKlllllliiiPKfSB_i
0x55cd0090	4	0x619a4f20	47178	805101055091385	0	564	0x0	0x0	1	1	1	512	1	1	1	_ZN4vllm30reshape_and_cache_flash_kernelI13__nv_bfloat16S1_LNS_18Fp8KVCacheDataTypeE0EEEvPKT_S5_PT0_S7_PKlllllliiiPKfSB_i
0x55cd0090	4	0x619ab720	47191	805101055102249	0	564	0x0	0x0	1	1	1	512	1	1	1	_ZN4vllm30reshape_and_cache_flash_kernelI13__nv_bfloat16S1_LNS_18Fp8KVCacheDataTypeE0EEEvPKT_S5_PT0_S7_PKlllllliiiPKfSB_i
0x55cd0090	5	0x618a9560	46684	805101174187116	0	564	0x0	0x0	1	1	1	512	1	1	1	_ZN4vllm30reshape_and_cache_flash_kernelI13__nv_bfloat16S1_LNS_18Fp8KVCacheDataTypeE0EEEvPKT_S5_PT0_S7_PKlllllliiiPKfSB_i
0x55cd0090	5	0x618afd60	46697	805101174222252	0	564	0x0	0x0	1	1	1	512	1	1	1	_ZN4vllm30reshape_and_cache_flash_kernelI13__nv_bfloat16S1_LNS_18Fp8KVCacheDataTypeE0EEEvPKT_S5_PT0_S7_PKlllllliiiPKfSB_i
0x55cd0090	5	0x618b6560	46710	805101174248204	0	564	0x0	0x0	1	1	1	512	1	1	1	_ZN4vllm30reshape_and_cache_flash_kernelI13__nv_bfloat16S1_LNS_18Fp8KVCacheDataTypeE0EEEvPKT_S5_PT0_S7_PKlllllliiiPKfSB_i
0x55cd0090	5	0x618bcd60	46723	805101174271820	0	564	0x0	0x0	1	1	1	512	1	1	1	_ZN4vllm30reshape_and_cache_flash_kernelI13__nv_bfloat16S1_LNS_18Fp8KVCacheDataTypeE0EEEvPKT_S5_PT0_S7_PKlllllliiiPKfSB_i
0x55cd0090	5	0x618c3560	46736	805101174295340	0	564	0x0	0x0	1	1	1	512	1	1	1	_ZN4vllm30reshape_and_cache_flash_kernelI13__nv_bfloat16S1_LNS_18Fp8KVCacheDataTypeE0EEEvPKT_S5_PT0_S7_PKlllllliiiPKfSB_i
0x55cd0090	5	0x618c9d60	46749	805101174311964	0	564	0x0	0x0	1	1	1	512	1	1	1	_ZN4vllm30reshape_and_cache_flash_kernelI13__nv_bfloat16S1_LNS_18Fp8KVCacheDataTypeE0EEEvPKT_S5_PT0_S7_PKlllllliiiPKfSB_i
0x55cd0090	5	0x618d4ef0	46762	805101174327420	0	564	0x0	0x0	1	1	1	512	1	1	1	_ZN4vllm30reshape_and_cache_flash_kernelI13__nv_bfloat16S1_LNS_18Fp8KVCacheDataTypeE0EEEvPKT_S5_PT0_S7_PKlllllliiiPKfSB_i
0x55cd0090	5	0x618db6f0	46775	805101174339884	0	564	0x0	0x0	1	1	1	512	1	1	1	_ZN4vllm30reshape_and_cache_flash_kernelI13__nv_bfloat16S1_LNS_18Fp8KVCacheDataTypeE0EEEvPKT_S5_PT0_S7_PKlllllliiiPKfSB_i
0x55cd0090	5	0x618e1ef0	46788	805101174352748	0	564	0x0	0x0	1	1	1	512	1	1	1	_ZN4vllm30reshape_and_cache_flash_kernelI13__nv_bfloat16S1_LNS_18Fp8KVCacheDataTypeE0EEEvPKT_S5_PT0_S7_PKlllllliiiPKfSB_i
0x55cd0090	5	0x618e86f0	46801	805101174364604	0	564	0x0	0x0	1	1	1	512	1	1	1	_ZN4vllm30reshape_and_cache_flash_kernelI13__nv_bfloat16S1_LNS_18Fp8KVCacheDataTypeE0EEEvPKT_S5_PT0_S7_PKlllllliiiPKfSB_i
0x55cd0090	5	0x618eeef0	46814	805101174376940	0	564	0x0	0x0	1	1	1	512	1	1	1	_ZN4vllm30reshape_and_cache_flash_kernelI13__nv_bfloat16S1_LNS_18Fp8KVCacheDataTypeE0EEEvPKT_S5_PT0_S7_PKlllllliiiPKfSB_i
0x55cd0090	5	0x618f56f0	46827	805101174388124	0	564	0x0	0x0	1	1	1	512	1	1	1	_ZN4vllm30reshape_and_cache_flash_kernelI13__nv_bfloat16S1_LNS_18Fp8KVCacheDataTypeE0EEEvPKT_S5_PT0_S7_PKlllllliiiPKfSB_i
0x55cd0090	5	0x618fbef0	46840	805101174400332	0	564	0x0	0x0	1	1	1	512	1	1	1	_ZN4vllm30reshape_and_cache_flash_kernelI13__nv_bfloat16S1_LNS_18Fp8KVCacheDataTypeE0EEEvPKT_S5_PT0_S7_PKlllllliiiPKfSB_i
0x55cd0090	5	0x619026f0	46853	805101174414732	0	564	0x0	0x0	1	1	1	512	1	1	1	_ZN4vllm30reshape_and_cache_flash_kernelI13__nv_bfloat16S1_LNS_18Fp8KVCacheDataTypeE0EEEvPKT_S5_PT0_S7_PKlllllliiiPKfSB_i
0x55cd0090	5	0x61908ef0	46866	805101174426364	0	564	0x0	0x0	1	1	1	512	1	1	1	_ZN4vllm30reshape_and_cache_flash_kernelI13__nv_bfloat16S1_LNS_18Fp8KVCacheDataTypeE0EEEvPKT_S5_PT0_S7_PKlllllliiiPKfSB_i
0x55cd0090	5	0x6190f6f0	46879	805101174438012	0	564	0x0	0x0	1	1	1	512	1	1	1	_ZN4vllm30reshape_and_cache_flash_kernelI13__nv_bfloat16S1_LNS_18Fp8KVCacheDataTypeE0EEEvPKT_S5_PT0_S7_PKlllllliiiPKfSB_i
0x55cd0090	5	0x61915f00	46892	805101174451052	0	564	0x0	0x0	1	1	1	512	1	1	1	_ZN4vllm30reshape_and_cache_flash_kernelI13__nv_bfloat16S1_LNS_18Fp8KVCacheDataTypeE0EEEvPKT_S5_PT0_S7_PKlllllliiiPKfSB_i
0x55cd0090	5	0x6191c700	46905	805101174466572	0	564	0x0	0x0	1	1	1	512	1	1	1	_ZN4vllm30reshape_and_cache_flash_kernelI13__nv_bfloat16S1_LNS_18Fp8KVCacheDataTypeE0EEEvPKT_S5_PT0_S7_PKlllllliiiPKfSB_i
0x55cd0090	5	0x61922f00	46918	805101174476796	0	564	0x0	0x0	1	1	1	512	1	1	1	_ZN4vllm30reshape_and_cache_flash_kernelI13__nv_bfloat16S1_LNS_18Fp8KVCacheDataTypeE0EEEvPKT_S5_PT0_S7_PKlllllliiiPKfSB_i
0x55cd0090	5	0x61929700	46931	805101174487036	0	564	0x0	0x0	1	1	1	512	1	1	1	_ZN4vllm30reshape_and_cache_flash_kernelI13__nv_bfloat16S1_LNS_18Fp8KVCacheDataTypeE0EEEvPKT_S5_PT0_S7_PKlllllliiiPKfSB_i
0x55cd0090	5	0x6192ff00	46944	805101174498140	0	564	0x0	0x0	1	1	1	512	1	1	1	_ZN4vllm30reshape_and_cache_flash_kernelI13__nv_bfloat16S1_LNS_18Fp8KVCacheDataTypeE0EEEvPKT_S5_PT0_S7_PKlllllliiiPKfSB_i
0x55cd0090	5	0x61936700	46957	805101174508284	0	564	0x0	0x0	1	1	1	512	1	1	1	_ZN4vllm30reshape_and_cache_flash_kernelI13__nv_bfloat16S1_LNS_18Fp8KVCacheDataTypeE0EEEvPKT_S5_PT0_S7_PKlllllliiiPKfSB_i
0x55cd0090	5	0x6193cf00	46970	805101174518812	0	564	0x0	0x0	1	1	1	512	1	1	1	_ZN4vllm30reshape_and_cache_flash_kernelI13__nv_bfloat16S1_LNS_18Fp8KVCacheDataTypeE0EEEvPKT_S5_PT0_S7_PKlllllliiiPKfSB_i
0x55cd0090	5	0x61943700	46983	805101174530652	0	564	0x0	0x0	1	1	1	512	1	1	1	_ZN4vllm30reshape_and_cache_flash_kernelI13__nv_bfloat16S1_LNS_18Fp8KVCacheDataTypeE0EEEvPKT_S5_PT0_S7_PKlllllliiiPKfSB_i
0x55cd0090	5	0x61949f00	46996	805101174542188	0	564	0x0	0x0	1	1	1	512	1	1	1	_ZN4vllm30reshape_and_cache_flash_kernelI13__nv_bfloat16S1_LNS_18Fp8KVCacheDataTypeE0EEEvPKT_S5_PT0_S7_PKlllllliiiPKfSB_i
0x55cd0090	5	0x61950700	47009	805101174553804	0	564	0x0	0x0	1	1	1	512	1	1	1	_ZN4vllm30reshape_and_cache_flash_kernelI13__nv_bfloat16S1_LNS_18Fp8KVCacheDataTypeE0EEEvPKT_S5_PT0_S7_PKlllllliiiPKfSB_i
0x55cd0090	5	0x61956f10	47022	805101174564524	0	564	0x0	0x0	1	1	1	512	1	1	1	_ZN4vllm30reshape_and_cache_flash_kernelI13__nv_bfloat16S1_LNS_18Fp8KVCacheDataTypeE0EEEvPKT_S5_PT0_S7_PKlllllliiiPKfSB_i
0x55cd0090	5	0x6195d710	47035	805101174575820	0	564	0x0	0x0	1	1	1	512	1	1	1	_ZN4vllm30reshape_and_cache_flash_kernelI13__nv_bfloat16S1_LNS_18Fp8KVCacheDataTypeE0EEEvPKT_S5_PT0_S7_PKlllllliiiPKfSB_i
0x55cd0090	5	0x61963f10	47048	805101174587612	0	564	0x0	0x0	1	1	1	512	1	1	1	_ZN4vllm30reshape_and_cache_flash_kernelI13__nv_bfloat16S1_LNS_18Fp8KVCacheDataTypeE0EEEvPKT_S5_PT0_S7_PKlllllliiiPKfSB_i
0x55cd0090	5	0x6196a710	47061	805101174600156	0	564	0x0	0x0	1	1	1	512	1	1	1	_ZN4vllm30reshape_and_cache_flash_kernelI13__nv_bfloat16S1_LNS_18Fp8KVCacheDataTypeE0EEEvPKT_S5_PT0_S7_PKlllllliiiPKfSB_i
0x55cd0090	5	0x61970f10	47074	805101174609195	0	564	0x0	0x0	1	1	1	512	1	1	1	_ZN4vllm30reshape_and_cache_flash_kernelI13__nv_bfloat16S1_LNS_18Fp8KVCacheDataTypeE0EEEvPKT_S5_PT0_S7_PKlllllliiiPKfSB_i
0x55cd0090	5	0x61977710	47087	805101174620747	0	564	0x0	0x0	1	1	1	512	1	1	1	_ZN4vllm30reshape_and_cache_flash_kernelI13__nv_bfloat16S1_LNS_18Fp8KVCacheDataTypeE0EEEvPKT_S5_PT0_S7_PKlllllliiiPKfSB_i
0x55cd0090	5	0x6197df10	47100	805101174630955	0	564	0x0	0x0	1	1	1	512	1	1	1	_ZN4vllm30reshape_and_cache_flash_kernelI13__nv_bfloat16S1_LNS_18Fp8KVCacheDataTypeE0EEEvPKT_S5_PT0_S7_PKlllllliiiPKfSB_i
0x55cd0090	5	0x61984710	47113	805101174641531	0	564	0x0	0x0	1	1	1	512	1	1	1	_ZN4vllm30reshape_and_cache_flash_kernelI13__nv_bfloat16S1_LNS_18Fp8KVCacheDataTypeE0EEEvPKT_S5_PT0_S7_PKlllllliiiPKfSB_i
0x55cd0090	5	0x6198af10	47126	805101174651803	0	564	0x0	0x0	1	1	1	512	1	1	1	_ZN4vllm30reshape_and_cache_flash_kernelI13__nv_bfloat16S1_LNS_18Fp8KVCacheDataTypeE0EEEvPKT_S5_PT0_S7_PKlllllliiiPKfSB_i
0x55cd0090	5	0x61991720	47139	805101174662411	0	564	0x0	0x0	1	1	1	512	1	1	1	_ZN4vllm30reshape_and_cache_flash_kernelI13__nv_bfloat16S1_LNS_18Fp8KVCacheDataTypeE0EEEvPKT_S5_PT0_S7_PKlllllliiiPKfSB_i
0x55cd0090	5	0x61997f20	47152	805101174672443	0	564	0x0	0x0	1	1	1	512	1	1	1	_ZN4vllm30reshape_and_cache_flash_kernelI13__nv_bfloat16S1_LNS_18Fp8KVCacheDataTypeE0EEEvPKT_S5_PT0_S7_PKlllllliiiPKfSB_i
0x55cd0090	5	0x6199e720	47165	805101174683515	0	564	0x0	0x0	1	1	1	512	1	1	1	_ZN4vllm30reshape_and_cache_flash_kernelI13__nv_bfloat16S1_LNS_18Fp8KVCacheDataTypeE0EEEvPKT_S5_PT0_S7_PKlllllliiiPKfSB_i
0x55cd0090	5	0x619a4f20	47178	805101174693707	0	564	0x0	0x0	1	1	1	512	1	1	1	_ZN4vllm30reshape_and_cache_flash_kernelI13__nv_bfloat16S1_LNS_18Fp8KVCacheDataTypeE0EEEvPKT_S5_PT0_S7_PKlllllliiiPKfSB_i
0x55cd0090	5	0x619ab720	47191	805101174703083	0	564	0x0	0x0	1	1	1	512	1	1	1	_ZN4vllm30reshape_and_cache_flash_kernelI13__nv_bfloat16S1_LNS_18Fp8KVCacheDataTypeE0EEEvPKT_S5_PT0_S7_PKlllllliiiPKfSB_i
0x55cd0090	6	0x618a9560	46684	805101293417679	0	564	0x0	0x0	1	1	1	512	1	1	1	_ZN4vllm30reshape_and_cache_flash_kernelI13__nv_bfloat16S1_LNS_18Fp8KVCacheDataTypeE0EEEvPKT_S5_PT0_S7_PKlllllliiiPKfSB_i
0x55cd0090	6	0x618afd60	46697	805101293451167	0	564	0x0	0x0	1	1	1	512	1	1	1	_ZN4vllm30reshape_and_cache_flash_kernelI13__nv_bfloat16S1_LNS_18Fp8KVCacheDataTypeE0EEEvPKT_S5_PT0_S7_PKlllllliiiPKfSB_i
0x55cd0090	6	0x618b6560	46710	805101293473151	0	564	0x0	0x0	1	1	1	512	1	1	1	_ZN4vllm30reshape_and_cache_flash_kernelI13__nv_bfloat16S1_LNS_18Fp8KVCacheDataTypeE0EEEvPKT_S5_PT0_S7_PKlllllliiiPKfSB_i
0x55cd0090	6	0x618bcd60	46723	805101293487455	0	564	0x0	0x0	1	1	1	512	1	1	1	_ZN4vllm30reshape_and_cache_flash_kernelI13__nv_bfloat16S1_LNS_18Fp8KVCacheDataTypeE0EEEvPKT_S5_PT0_S7_PKlllllliiiPKfSB_i
0x55cd0090	6	0x618c3560	46736	805101293503855	0	564	0x0	0x0	1	1	1	512	1	1	1	_ZN4vllm30reshape_and_cache_flash_kernelI13__nv_bfloat16S1_LNS_18Fp8KVCacheDataTypeE0EEEvPKT_S5_PT0_S7_PKlllllliiiPKfSB_i
0x55cd0090	6	0x618c9d60	46749	805101293518415	0	564	0x0	0x0	1	1	1	512	1	1	1	_ZN4vllm30reshape_and_cache_flash_kernelI13__nv_bfloat16S1_LNS_18Fp8KVCacheDataTypeE0EEEvPKT_S5_PT0_S7_PKlllllliiiPKfSB_i
0x55cd0090	6	0x618d4ef0	46762	805101293533007	0	564	0x0	0x0	1	1	1	512	1	1	1	_ZN4vllm30reshape_and_cache_flash_kernelI13__nv_bfloat16S1_LNS_18Fp8KVCacheDataTypeE0EEEvPKT_S5_PT0_S7_PKlllllliiiPKfSB_i
0x55cd0090	6	0x618db6f0	46775	805101293544239	0	564	0x0	0x0	1	1	1	512	1	1	1	_ZN4vllm30reshape_and_cache_flash_kernelI13__nv_bfloat16S1_LNS_18Fp8KVCacheDataTypeE0EEEvPKT_S5_PT0_S7_PKlllllliiiPKfSB_i
0x55cd0090	6	0x618e1ef0	46788	805101293557135	0	564	0x0	0x0	1	1	1	512	1	1	1	_ZN4vllm30reshape_and_cache_flash_kernelI13__nv_bfloat16S1_LNS_18Fp8KVCacheDataTypeE0EEEvPKT_S5_PT0_S7_PKlllllliiiPKfSB_i
0x55cd0090	6	0x618e86f0	46801	805101293568175	0	564	0x0	0x0	1	1	1	512	1	1	1	_ZN4vllm30reshape_and_cache_flash_kernelI13__nv_bfloat16S1_LNS_18Fp8KVCacheDataTypeE0EEEvPKT_S5_PT0_S7_PKlllllliiiPKfSB_i
0x55cd0090	6	0x618eeef0	46814	805101293578655	0	564	0x0	0x0	1	1	1	512	1	1	1	_ZN4vllm30reshape_and_cache_flash_kernelI13__nv_bfloat16S1_LNS_18Fp8KVCacheDataTypeE0EEEvPKT_S5_PT0_S7_PKlllllliiiPKfSB_i
0x55cd0090	6	0x618f56f0	46827	805101293589823	0	564	0x0	0x0	1	1	1	512	1	1	1	_ZN4vllm30reshape_and_cache_flash_kernelI13__nv_bfloat16S1_LNS_18Fp8KVCacheDataTypeE0EEEvPKT_S5_PT0_S7_PKlllllliiiPKfSB_i
0x55cd0090	6	0x618fbef0	46840	805101293601519	0	564	0x0	0x0	1	1	1	512	1	1	1	_ZN4vllm30reshape_and_cache_flash_kernelI13__nv_bfloat16S1_LNS_18Fp8KVCacheDataTypeE0EEEvPKT_S5_PT0_S7_PKlllllliiiPKfSB_i
0x55cd0090	6	0x619026f0	46853	805101293612767	0	564	0x0	0x0	1	1	1	512	1	1	1	_ZN4vllm30reshape_and_cache_flash_kernelI13__nv_bfloat16S1_LNS_18Fp8KVCacheDataTypeE0EEEvPKT_S5_PT0_S7_PKlllllliiiPKfSB_i
0x55cd0090	6	0x61908ef0	46866	805101293623263	0	564	0x0	0x0	1	1	1	512	1	1	1	_ZN4vllm30reshape_and_cache_flash_kernelI13__nv_bfloat16S1_LNS_18Fp8KVCacheDataTypeE0EEEvPKT_S5_PT0_S7_PKlllllliiiPKfSB_i
0x55cd0090	6	0x6190f6f0	46879	805101293633967	0	564	0x0	0x0	1	1	1	512	1	1	1	_ZN4vllm30reshape_and_cache_flash_kernelI13__nv_bfloat16S1_LNS_18Fp8KVCacheDataTypeE0EEEvPKT_S5_PT0_S7_PKlllllliiiPKfSB_i
0x55cd0090	6	0x61915f00	46892	805101293644847	0	564	0x0	0x0	1	1	1	512	1	1	1	_ZN4vllm30reshape_and_cache_flash_kernelI13__nv_bfloat16S1_LNS_18Fp8KVCacheDataTypeE0EEEvPKT_S5_PT0_S7_PKlllllliiiPKfSB_i
0x55cd0090	6	0x6191c700	46905	805101293655311	0	564	0x0	0x0	1	1	1	512	1	1	1	_ZN4vllm30reshape_and_cache_flash_kernelI13__nv_bfloat16S1_LNS_18Fp8KVCacheDataTypeE0EEEvPKT_S5_PT0_S7_PKlllllliiiPKfSB_i
0x55cd0090	6	0x61922f00	46918	805101293666319	0	564	0x0	0x0	1	1	1	512	1	1	1	_ZN4vllm30reshape_and_cache_flash_kernelI13__nv_bfloat16S1_LNS_18Fp8KVCacheDataTypeE0EEEvPKT_S5_PT0_S7_PKlllllliiiPKfSB_i
0x55cd0090	6	0x61929700	46931	805101293708175	0	564	0x0	0x0	1	1	1	512	1	1	1	_ZN4vllm30reshape_and_cache_flash_kernelI13__nv_bfloat16S1_LNS_18Fp8KVCacheDataTypeE0EEEvPKT_S5_PT0_S7_PKlllllliiiPKfSB_i
0x55cd0090	6	0x6192ff00	46944	805101293722303	0	564	0x0	0x0	1	1	1	512	1	1	1	_ZN4vllm30reshape_and_cache_flash_kernelI13__nv_bfloat16S1_LNS_18Fp8KVCacheDataTypeE0EEEvPKT_S5_PT0_S7_PKlllllliiiPKfSB_i
0x55cd0090	6	0x61936700	46957	805101293736735	0	564	0x0	0x0	1	1	1	512	1	1	1	_ZN4vllm30reshape_and_cache_flash_kernelI13__nv_bfloat16S1_LNS_18Fp8KVCacheDataTypeE0EEEvPKT_S5_PT0_S7_PKlllllliiiPKfSB_i
0x55cd0090	6	0x6193cf00	46970	805101293749855	0	564	0x0	0x0	1	1	1	512	1	1	1	_ZN4vllm30reshape_and_cache_flash_kernelI13__nv_bfloat16S1_LNS_18Fp8KVCacheDataTypeE0EEEvPKT_S5_PT0_S7_PKlllllliiiPKfSB_i
0x55cd0090	6	0x61943700	46983	805101293762271	0	564	0x0	0x0	1	1	1	512	1	1	1	_ZN4vllm30reshape_and_cache_flash_kernelI13__nv_bfloat16S1_LNS_18Fp8KVCacheDataTypeE0EEEvPKT_S5_PT0_S7_PKlllllliiiPKfSB_i
0x55cd0090	6	0x61949f00	46996	805101293774399	0	564	0x0	0x0	1	1	1	512	1	1	1	_ZN4vllm30reshape_and_cache_flash_kernelI13__nv_bfloat16S1_LNS_18Fp8KVCacheDataTypeE0EEEvPKT_S5_PT0_S7_PKlllllliiiPKfSB_i
0x55cd0090	6	0x61950700	47009	805101293786527	0	564	0x0	0x0	1	1	1	512	1	1	1	_ZN4vllm30reshape_and_cache_flash_kernelI13__nv_bfloat16S1_LNS_18Fp8KVCacheDataTypeE0EEEvPKT_S5_PT0_S7_PKlllllliiiPKfSB_i
0x55cd0090	6	0x61956f10	47022	805101293797647	0	564	0x0	0x0	1	1	1	512	1	1	1	_ZN4vllm30reshape_and_cache_flash_kernelI13__nv_bfloat16S1_LNS_18Fp8KVCacheDataTypeE0EEEvPKT_S5_PT0_S7_PKlllllliiiPKfSB_i
0x55cd0090	6	0x6195d710	47035	805101293807679	0	564	0x0	0x0	1	1	1	512	1	1	1	_ZN4vllm30reshape_and_cache_flash_kernelI13__nv_bfloat16S1_LNS_18Fp8KVCacheDataTypeE0EEEvPKT_S5_PT0_S7_PKlllllliiiPKfSB_i
0x55cd0090	6	0x61963f10	47048	805101293817087	0	564	0x0	0x0	1	1	1	512	1	1	1	_ZN4vllm30reshape_and_cache_flash_kernelI13__nv_bfloat16S1_LNS_18Fp8KVCacheDataTypeE0EEEvPKT_S5_PT0_S7_PKlllllliiiPKfSB_i
0x55cd0090	6	0x6196a710	47061	805101293828351	0	564	0x0	0x0	1	1	1	512	1	1	1	_ZN4vllm30reshape_and_cache_flash_kernelI13__nv_bfloat16S1_LNS_18Fp8KVCacheDataTypeE0EEEvPKT_S5_PT0_S7_PKlllllliiiPKfSB_i
0x55cd0090	6	0x61970f10	47074	805101293838255	0	564	0x0	0x0	1	1	1	512	1	1	1	_ZN4vllm30reshape_and_cache_flash_kernelI13__nv_bfloat16S1_LNS_18Fp8KVCacheDataTypeE0EEEvPKT_S5_PT0_S7_PKlllllliiiPKfSB_i
0x55cd0090	6	0x61977710	47087	805101293849151	0	564	0x0	0x0	1	1	1	512	1	1	1	_ZN4vllm30reshape_and_cache_flash_kernelI13__nv_bfloat16S1_LNS_18Fp8KVCacheDataTypeE0EEEvPKT_S5_PT0_S7_PKlllllliiiPKfSB_i
0x55cd0090	6	0x6197df10	47100	805101293860079	0	564	0x0	0x0	1	1	1	512	1	1	1	_ZN4vllm30reshape_and_cache_flash_kernelI13__nv_bfloat16S1_LNS_18Fp8KVCacheDataTypeE0EEEvPKT_S5_PT0_S7_PKlllllliiiPKfSB_i
0x55cd0090	6	0x61984710	47113	805101293872590	0	564	0x0	0x0	1	1	1	512	1	1	1	_ZN4vllm30reshape_and_cache_flash_kernelI13__nv_bfloat16S1_LNS_18Fp8KVCacheDataTypeE0EEEvPKT_S5_PT0_S7_PKlllllliiiPKfSB_i
0x55cd0090	6	0x6198af10	47126	805101293884126	0	564	0x0	0x0	1	1	1	512	1	1	1	_ZN4vllm30reshape_and_cache_flash_kernelI13__nv_bfloat16S1_LNS_18Fp8KVCacheDataTypeE0EEEvPKT_S5_PT0_S7_PKlllllliiiPKfSB_i
0x55cd0090	6	0x61991720	47139	805101293895246	0	564	0x0	0x0	1	1	1	512	1	1	1	_ZN4vllm30reshape_and_cache_flash_kernelI13__nv_bfloat16S1_LNS_18Fp8KVCacheDataTypeE0EEEvPKT_S5_PT0_S7_PKlllllliiiPKfSB_i
0x55cd0090	6	0x61997f20	47152	805101293910430	0	564	0x0	0x0	1	1	1	512	1	1	1	_ZN4vllm30reshape_and_cache_flash_kernelI13__nv_bfloat16S1_LNS_18Fp8KVCacheDataTypeE0EEEvPKT_S5_PT0_S7_PKlllllliiiPKfSB_i
0x55cd0090	6	0x6199e720	47165	805101293923198	0	564	0x0	0x0	1	1	1	512	1	1	1	_ZN4vllm30reshape_and_cache_flash_kernelI13__nv_bfloat16S1_LNS_18Fp8KVCacheDataTypeE0EEEvPKT_S5_PT0_S7_PKlllllliiiPKfSB_i
0x55cd0090	6	0x619a4f20	47178	805101293933918	0	564	0x0	0x0	1	1	1	512	1	1	1	_ZN4vllm30reshape_and_cache_flash_kernelI13__nv_bfloat16S1_LNS_18Fp8KVCacheDataTypeE0EEEvPKT_S5_PT0_S7_PKlllllliiiPKfSB_i
0x55cd0090	6	0x619ab720	47191	805101293945614	0	564	0x0	0x0	1	1	1	512	1	1	1	_ZN4vllm30reshape_and_cache_flash_kernelI13__nv_bfloat16S1_LNS_18Fp8KVCacheDataTypeE0EEEvPKT_S5_PT0_S7_PKlllllliiiPKfSB_i
